"Vertex_Gini_Index..all"	"Vertex_Gini_Index..IGHM"	"Cluster_Gini_Index..all"	"Cluster_Gini_Index..IGHM"	"mean_vertex_size..all"	"mean_vertex_size..IGHM"	"Percentage_max_cluster_size..all"	"Percentage_max_cluster_size..IGHD"	"Percentage_max_cluster_size..IGHE"	"Percentage_max_cluster_size..IGHG3"	"Percentage_max_cluster_size..IGHM"	"Percentage_max_vertex_size..all"	"Percentage_max_vertex_size..IGHD"	"Percentage_max_vertex_size..IGHE"	"Percentage_max_vertex_size..IGHG3"	"Percentage_max_vertex_size..IGHM"	"Vertex_Reyni..all"	"Vertex_Reyni..IGHM"	"Cluster_Reyni..all"	"Cluster_Reyni..IGHM"	"Percentage_unique_BCRs_per_isotype..Class_switched"	"Percentage_unique_BCRs_per_isotype..IGHD.IGHM_mutated"	"Percentage_unique_BCRs_per_isotype..IGHD.IGHM_unmutated"	"Percentage_unique_BCRs_per_isotype_group..IGHA1"	"Percentage_unique_BCRs_per_isotype_group..IGHA2"	"Percentage_unique_BCRs_per_isotype_group..IGHD"	"Percentage_unique_BCRs_per_isotype_group..IGHE"	"Percentage_unique_BCRs_per_isotype_group..IGHG1"	"Percentage_unique_BCRs_per_isotype_group..IGHG2"	"Percentage_unique_BCRs_per_isotype_group..IGHG3"	"Percentage_unique_BCRs_per_isotype_group..IGHM"	"Mean_CDR3_lengths..IGHA1"	"Mean_CDR3_lengths..IGHG2"	"Mean_CDR3_lengths..IGHM"	"Mean_SHM_per_BCR..Class_switched"	"Mean_SHM_per_BCR..expanded"	"Mean_SHM_per_BCR..IGHA1"	"Mean_SHM_per_BCR..IGHG2"	"Mean_SHM_per_BCR..IGHM"	"Mean_SHM_per_BCR..unexpanded"	"Percentage_unmutated..Class_switched"	"Percentage_unmutated..expanded"	"Percentage_unmutated..IGHA1"	"Percentage_unmutated..IGHG2"	"Percentage_unmutated..IGHM"	"Percentage_unmutated..unexpanded"	"FWR3_mm..IGHA1"	"FWR3_mm..IGHD_IGHM_mutated"	"FWR3_mm..IGHG2"	"FWR3_mm..IGHM"	"mean_CDR_FWR_ratio..IGHA1"	"mean_CDR_FWR_ratio..IGHD_IGHM_mutated"	"mean_CDR_FWR_ratio..IGHG2"	"mean_CDR_FWR_ratio..IGHM"	"mean_CDR_mm_per_BCR..IGHA1"	"mean_CDR_mm_per_BCR..IGHD_IGHM_mutated"	"mean_CDR_mm_per_BCR..IGHG2"	"mean_CDR_mm_per_BCR..IGHM"	"mean_FWR_mm_per_BCR..IGHA1"	"mean_FWR_mm_per_BCR..IGHD_IGHM_mutated"	"mean_FWR_mm_per_BCR..IGHG2"	"mean_FWR_mm_per_BCR..IGHM"	"Mean_mutations_per_BCR..IGHA1"	"Mean_mutations_per_BCR..IGHD"	"Mean_mutations_per_BCR..IGHD_IGHM_mutated"	"Mean_mutations_per_BCR..IGHE"	"Mean_mutations_per_BCR..IGHG2"	"Mean_mutations_per_BCR..IGHG3"	"Mean_mutations_per_BCR..IGHM"	"D5..all"	"D5..IGHA1.01"	"D5..IGHG2.03"	"D5..IGHM.03"	"D10..all"	"D10..IGHM.03"	"D50..all"	"V4_34_AVY_unmut..IGHA1"	"V4_34_AVY_unmut..IGHG2"	"V4_34_AVY_unmut..IGHM"	"V4_34_NHS_unmut..IGHA1"	"V4_34_NHS_unmut..IGHG2"	"V4_34_NHS_unmut..IGHM"	"V4_34_AVY_NHS_unmut..IGHA1"	"V4_34_AVY_NHS_unmut..IGHG2"	"V4_34_AVY_NHS_unmut..IGHM"	"V4_34_AVY_NHS_unmut..IGHDM"	"V4_34_AVY_NHS_unmut..class_switched"	"V_gene_replacement_clonal_expansion..d5_norm"	"V_gene_replacement_clonal_expansion..mean_clone_size_norm"	"Relative_class_switching_normalised..IGHA1.IGHD.M"	"Relative_class_switching_normalised..IGHA1.IGHE"	"Relative_class_switching_normalised..IGHA1.IGHG2"	"Relative_class_switching_normalised..IGHD.M.IGHE"	"Relative_class_switching_normalised..IGHD.M.IGHG2"	"Relative_class_switching_normalised..IGHE.IGHG2"	"mean_CDR3_charge..IGHA1"	"mean_CDR3_charge..IGHG2"	"mean_CDR3_charge..IGHM"	"J_gene_freq_by_uniq_VDJ_Class_switched..IGHJ1"	"J_gene_freq_by_uniq_VDJ_Class_switched..IGHJ2"	"J_gene_freq_by_uniq_VDJ_Class_switched..IGHJ3"	"J_gene_freq_by_uniq_VDJ_Class_switched..IGHJ4"	"J_gene_freq_by_uniq_VDJ_Class_switched..IGHJ5"	"J_gene_freq_by_uniq_VDJ_Class_switched..IGHJ6"	"J_gene_freq_by_uniq_VDJ_expanded..IGHJ1"	"J_gene_freq_by_uniq_VDJ_expanded..IGHJ2"	"J_gene_freq_by_uniq_VDJ_expanded..IGHJ3"	"J_gene_freq_by_uniq_VDJ_expanded..IGHJ4"	"J_gene_freq_by_uniq_VDJ_expanded..IGHJ5"	"J_gene_freq_by_uniq_VDJ_expanded..IGHJ6"	"J_gene_freq_by_uniq_VDJ_IGHA1..IGHJ1"	"J_gene_freq_by_uniq_VDJ_IGHA1..IGHJ2"	"J_gene_freq_by_uniq_VDJ_IGHA1..IGHJ3"	"J_gene_freq_by_uniq_VDJ_IGHA1..IGHJ4"	"J_gene_freq_by_uniq_VDJ_IGHA1..IGHJ5"	"J_gene_freq_by_uniq_VDJ_IGHA1..IGHJ6"	"J_gene_freq_by_uniq_VDJ_IGHA2..IGHJ4"	"J_gene_freq_by_uniq_VDJ_IGHD..IGHJ1"	"J_gene_freq_by_uniq_VDJ_IGHD..IGHJ2"	"J_gene_freq_by_uniq_VDJ_IGHD..IGHJ3"	"J_gene_freq_by_uniq_VDJ_IGHD..IGHJ4"	"J_gene_freq_by_uniq_VDJ_IGHD..IGHJ5"	"J_gene_freq_by_uniq_VDJ_IGHD..IGHJ6"	"J_gene_freq_by_uniq_VDJ_IGHD.IGHM_mutated..IGHJ1"	"J_gene_freq_by_uniq_VDJ_IGHD.IGHM_mutated..IGHJ2"	"J_gene_freq_by_uniq_VDJ_IGHD.IGHM_mutated..IGHJ3"	"J_gene_freq_by_uniq_VDJ_IGHD.IGHM_mutated..IGHJ4"	"J_gene_freq_by_uniq_VDJ_IGHD.IGHM_mutated..IGHJ5"	"J_gene_freq_by_uniq_VDJ_IGHD.IGHM_mutated..IGHJ6"	"J_gene_freq_by_uniq_VDJ_IGHD.IGHM_unmutated..IGHJ1"	"J_gene_freq_by_uniq_VDJ_IGHD.IGHM_unmutated..IGHJ2"	"J_gene_freq_by_uniq_VDJ_IGHD.IGHM_unmutated..IGHJ3"	"J_gene_freq_by_uniq_VDJ_IGHD.IGHM_unmutated..IGHJ4"	"J_gene_freq_by_uniq_VDJ_IGHD.IGHM_unmutated..IGHJ5"	"J_gene_freq_by_uniq_VDJ_IGHD.IGHM_unmutated..IGHJ6"	"J_gene_freq_by_uniq_VDJ_IGHE..IGHJ1"	"J_gene_freq_by_uniq_VDJ_IGHE..IGHJ3"	"J_gene_freq_by_uniq_VDJ_IGHE..IGHJ4"	"J_gene_freq_by_uniq_VDJ_IGHE..IGHJ5"	"J_gene_freq_by_uniq_VDJ_IGHE..IGHJ6"	"J_gene_freq_by_uniq_VDJ_IGHG1..IGHJ2"	"J_gene_freq_by_uniq_VDJ_IGHG2..IGHJ1"	"J_gene_freq_by_uniq_VDJ_IGHG2..IGHJ2"	"J_gene_freq_by_uniq_VDJ_IGHG2..IGHJ3"	"J_gene_freq_by_uniq_VDJ_IGHG2..IGHJ4"	"J_gene_freq_by_uniq_VDJ_IGHG2..IGHJ5"	"J_gene_freq_by_uniq_VDJ_IGHG2..IGHJ6"	"J_gene_freq_by_uniq_VDJ_IGHG3..IGHJ1"	"J_gene_freq_by_uniq_VDJ_IGHG3..IGHJ2"	"J_gene_freq_by_uniq_VDJ_IGHG3..IGHJ3"	"J_gene_freq_by_uniq_VDJ_IGHG3..IGHJ4"	"J_gene_freq_by_uniq_VDJ_IGHG3..IGHJ5"	"J_gene_freq_by_uniq_VDJ_IGHG3..IGHJ6"	"J_gene_freq_by_uniq_VDJ_IGHM..IGHJ1"	"J_gene_freq_by_uniq_VDJ_IGHM..IGHJ2"	"J_gene_freq_by_uniq_VDJ_IGHM..IGHJ3"	"J_gene_freq_by_uniq_VDJ_IGHM..IGHJ4"	"J_gene_freq_by_uniq_VDJ_IGHM..IGHJ5"	"J_gene_freq_by_uniq_VDJ_IGHM..IGHJ6"	"J_gene_freq_by_uniq_VDJ_unexpanded..IGHJ1"	"J_gene_freq_by_uniq_VDJ_unexpanded..IGHJ2"	"J_gene_freq_by_uniq_VDJ_unexpanded..IGHJ3"	"J_gene_freq_by_uniq_VDJ_unexpanded..IGHJ4"	"J_gene_freq_by_uniq_VDJ_unexpanded..IGHJ5"	"J_gene_freq_by_uniq_VDJ_unexpanded..IGHJ6"	"Vertex_Gini_Index..IGHE"	"Vertex_Gini_Index..IGHG3"	"Cluster_Gini_Index..IGHE"	"Cluster_Gini_Index..IGHG3"	"mean_vertex_size..IGHE"	"mean_vertex_size..IGHG3"	"Percentage_max_cluster_size..IGHE.1"	"Percentage_max_cluster_size..IGHG3.1"	"Percentage_max_vertex_size..IGHE.1"	"Percentage_max_vertex_size..IGHG3.1"	"Vertex_Reyni..IGHE"	"Vertex_Reyni..IGHG3"	"Cluster_Reyni..IGHE"	"Cluster_Reyni..IGHG3"	"Percentage_unique_BCRs_per_isotype_group..IGHE.1"	"Percentage_unique_BCRs_per_isotype_group..IGHG3.1"	"Mean_CDR3_lengths..IGHE"	"Mean_CDR3_lengths..IGHG3"	"Mean_SHM_per_BCR..IGHE"	"Mean_SHM_per_BCR..IGHG3"	"Percentage_unmutated..IGHE"	"Percentage_unmutated..IGHG3"	"Relative_class_switching_absolute..IGHA1.01.IGHE.02"	"Relative_class_switching_absolute..IGHA1.01.IGHG3.17"	"Relative_class_switching_absolute..IGHA1.01.IGHG3.18"	"Relative_class_switching_absolute..IGHD.01.IGHE.02"	"Relative_class_switching_absolute..IGHD.01.IGHG3.17"	"Relative_class_switching_absolute..IGHD.01.IGHG3.18"	"Relative_class_switching_absolute..IGHE.02.IGHG2.03"	"Relative_class_switching_absolute..IGHE.02.IGHG3.17"	"Relative_class_switching_absolute..IGHE.02.IGHG3.18"	"Relative_class_switching_absolute..IGHG2.03.IGHG3.17"	"Relative_class_switching_absolute..IGHG2.03.IGHG3.18"	"Relative_class_switching_absolute..IGHG2.04.IGHG3.18"	"Relative_class_switching_absolute..IGHG3.17.IGHG3.18"	"Relative_class_switching_absolute..IGHG3.18.IGHG4.01"	"FWR3_mm..IGHE"	"FWR3_mm..IGHG3"	"mean_CDR_FWR_ratio..IGHE"	"mean_CDR_FWR_ratio..IGHG3"	"mean_CDR_mm_per_BCR..IGHE"	"mean_CDR_mm_per_BCR..IGHG3"	"mean_FWR_mm_per_BCR..IGHE"	"mean_FWR_mm_per_BCR..IGHG3"	"Mean_mutations_per_BCR..IGHE.1"	"Mean_mutations_per_BCR..IGHG3.1"	"V_gene_replacement_frequency..IGHE"	"V_gene_replacement_frequency..IGHG3"	"D5..IGHE.02"	"D5..IGHG3.17"	"D5..IGHG3.18"	"D10..IGHE.02"	"D10..IGHG3.17"	"D10..IGHG3.18"	"D50..IGHE.02"	"D50..IGHG3.17"	"D50..IGHG3.18"	"V4_34_AVY_unmut..IGHE"	"V4_34_AVY_unmut..IGHG3"	"V4_34_NHS_unmut..IGHE"	"V4_34_NHS_unmut..IGHG3"	"V4_34_AVY_NHS_unmut..IGHE"	"V4_34_AVY_NHS_unmut..IGHG3"	"Relative_class_switching_normalised..IGHA1.IGHE.1"	"Relative_class_switching_normalised..IGHD.M.IGHE.1"	"Relative_class_switching_normalised..IGHE.IGHG2.1"	"mean_CDR3_charge..IGHE"	"mean_CDR3_charge..IGHG3"	"J_gene_freq_by_uniq_VDJ_IGHE..IGHJ1.1"	"J_gene_freq_by_uniq_VDJ_IGHE..IGHJ2"	"J_gene_freq_by_uniq_VDJ_IGHE..IGHJ3.1"	"J_gene_freq_by_uniq_VDJ_IGHE..IGHJ4.1"	"J_gene_freq_by_uniq_VDJ_IGHE..IGHJ5.1"	"J_gene_freq_by_uniq_VDJ_IGHE..IGHJ6.1"	"J_gene_freq_by_uniq_VDJ_IGHG3..IGHJ1.1"	"J_gene_freq_by_uniq_VDJ_IGHG3..IGHJ2.1"	"J_gene_freq_by_uniq_VDJ_IGHG3..IGHJ3.1"	"J_gene_freq_by_uniq_VDJ_IGHG3..IGHJ4.1"	"J_gene_freq_by_uniq_VDJ_IGHG3..IGHJ5.1"	"J_gene_freq_by_uniq_VDJ_IGHG3..IGHJ6.1"
"SORT_063S_double_neg"	0.0264692676441	0.0247175435844	0.0832315485857	0.0754720594907	1.02793262264	1.02604843783	0.6039	3.219	0	0	0.5369	0.878897978693	4.57019088055	0	0	0.709043746521	6.10555696776	6.11259164387	6.17506300871	6.17840438501	0.263959390862944	6.54822335025381	93.1878172588832	0.0491690431704199	0	24.2501720916511	0.00983380863408398	0	0.19667617268168	0	75.4941488838627	15.184003036735	13.271548452663	18.4705882353	7.5624582178401	5.1990072720271	8.7133378120034	5.7072529208443	3.23529411765	8.45	14.7656559138749	28.7935819417522	8.97966641883138	19.9047494879975	70.5882352941	50	5.5242119181127	2.9037746883733	5.0843255801966	2.30769230769	0.339355871854868	0.20883812523822	0.26111949974155	0.188003663004	3.6338133100709	1.36314440413339	3.49237088865666	1.53846153846	7.1404377846079	3.1049105266295	6.7612712075676	2.84615384615	-2	-2	-2	-2	-2	-2	4.38461538461	45.1612903226	74.50532999276	72.149895632406	55	61.2903225806	80	59.1563518715353	0.0780739393407569	0.366898910880938	0	0.13155528525549	0.331381062120768	0	0.164349750960787	0.223838835297698	0	0	0.231481723873334	28.5714285714	0.047619047619	0.0273	0.011666	0.032398	-1.04083408558608e-19	0.077588	0.017158	4.4686385155034	3.42857142857	3.85	0	0	1	4	1	4	0	0	0	0	0	8	0	0	0	1	0	0	0	0	0	0	0	0	1	0	0	1	4	0	9	0	0	2	2	0	0	0	0	0	0	0	0	0	0	1	2	0	4	0	0	0	1	1	0	0	0	3	6	0	8	0	0	4	10	1	5	0	0	0	0	0	0	0	0	0	0	0	0	0	0	0.00983380863408398	0	0	0	0	0	0	0	0	0	0	0	0	0	0	0	0	0	0	0	0	0	0	0	0	0	0	0	0	0	-2	-2	0	0	0	0	0	0	0	0	0	0	0	0	0	0	0	0	0	0	0	0	0	0	0	0	0	0	0	0	0	0	0	1	1	0
"SORT_070A_double_neg"	0.401461089287	0.434358152528	0.690131357089	0.812827901249	1.74517824921	1.80570279096	13.519	0	26.415	31.9475	14.2834	20.8573270243	0	35.3253321256	55.7031773693	26.5048384579	3.72733735943	2.72796216501	4.97648391722	4.62972871893	91.282722513089	8.18499127399651	0.532286212914485	49.7341337907376	0	0.0514579759862779	0.343053173241852	0	40.7890222984563	0.548885077186964	8.52487135506003	14.674072507324	12.515683084935	15.697497895297	8.4877805699838	6.6267848613738	9.4791284025559	7.6629643785814	4.5003090917088	9.90909090909	15.9966179019418	24.5032815449117	12.210389567632	17.4602456583857	44.1661618422019	36.3636363636	5.3333817392755	2.9775510522603	6.0025763225479	2.2888062724267	0.358453230254805	0.19837475999558	0.27217303993637	0.25130095192027	3.57508002288865	1.79373581117195	4.10406550566236	1.52707250031553	7.3448880832579	3.3932606107461	8.5592302399224	2.813028234014	-2	-2	-2	-2	-2	-2	-2	36.3636363636	71.462203341357	66.670335457799	57.1428571429	81.8181818182	74.7433855608313	65.89598989312	0.117360242373361	0.249973472207441	1.30026802356022	0.0654653058691611	0.22021262749573	1.34573810306253	0.0863950233657433	0.302321577540219	1.09321495449931	0.769238255979104	0.118630776915304	18.1818181818	0.0909090909091	0.042744	0.01053	0.048278	-3.81639164714898e-19	0.106718	0.0691	4.1974386339369	3.2019339545874	4.28571428571	0	0	0	2	0	0	0	0	0	0	0	0	0	0	0	1	0	0	0	0	0	1	1	0	0	0	0	2	4	0	0	0	0	0	0	3	0	0	0	0	0	0	0	0	0	0	1	0	0	0	0	0	0	0	0	0	0	1	3	3	0	0	0	2	6	3	0	0.175223412698	0.312322584116	0.253974334671	0.5612269825	1.34970634921	1.60720997995	26.415	31.9475	35.3253321256	55.7031773693	1.56817222444	1.48696255789	1.92780524728	2.24214102098	0.343053173241852	0.548885077186964	0	0	0	0	0	0	0	0	0	0	0	0	0	0	0	0	0	0	0	0	0	0	0	0	0	0	0	0	-2	-2	0	0	0	0	0	0	0	0	0	0	0	0	0	0	0	0	0	0	0	0	0	0	0	0	0	0	0	0	0	0	0	0	0	0
"SORT_008H_double_neg"	0.106213889816	0.144469544595	0.252717782686	0.3129980405	1.13082559585	1.19168067346	0.9823	12.816	0	12.525	1.1951	1.39129098972	21.6699512132	0	16.6364222172	1.8517744907	5.81524115082	5.66695305456	6.03597467956	5.95694635524	68.1774162308735	27.8907611853574	3.93182258376913	14.4701606732976	0	0.7938026013772	0	0	47.8576893649579	6.1017597551645	30.7765876052028	20.6984126984	17.9411764706	15.4117647059	12.6626506024	12.25	13.8571428571	8	4.58823529412	9	8.43373493976	5	1.5873015873	33.3333333333	52.9411764706	37.7777777778	7.32258064516	4.54545454545	5	3.83333333333	0.435109774128	0.257598714417	0.17298085901	0.361132154882	5.6935483871	2.63636363636	2.41176470588	2.33333333333	8.98387096774	5.45454545455	6.35294117647	4.58333333333	14.67741935484	-2	8.09090909091	-2	8.76470588235	-2	6.91666666666	73.5632183908	92.5	82.7586206897	23.5294117647	79.8850574713	52.9411764706	75.6915252469723	0	0	0	0	0	0	0	0	0	0	0	22.8571428571	0.0163898117386	0.093756	5.759281940243e-18	0.05781	0.003524	0.133586	0.09703	4.50833333333	3.58620689655	4.17647058824	3.6144578313253	8.43373493975904	12.0481927710843	28.9156626506024	2.40963855421687	44.578313253012	0	8.33333333333333	15	25	0	51.6666666666667	4.76190476190476	7.93650793650794	0	28.5714285714286	1.58730158730159	57.1428571428571	0	0	2	0	4	0	1	0	0	0	14	0	3	0	0	3	2	0	0	0	0	1	0	0	0	0	2	10	5	1	0	0	0	0	0	0	1	0	0	3	12	0	2	6.66666666666667	4.44444444444444	8.88888888888889	55.5555555555556	4.44444444444444	20	0	0.106636383814	0	0.219593835997	0	1.14749971954	0	12.525	0	16.6364222172	0	2.60416076898	0	2.80687461412	0	6.1017597551645	0	0	0	0	0	0	0	0	0	0	0	0	0	0	0	0	0	0	0	0	0	0	0	0	0	0	0	0	-2	-2	0	0	0	0	0	0	0	0	0	0	0	0	0	0	0	0	0	0	0	0	0	0	0	0	0	1	0	0	0	0	0	0	0	1
"SORT_100H_double_neg"	0.135440112105	0.132771645527	0.344249940316	0.322912321596	1.16931921321	1.17084538073	3.0896	5.076	0	21.87	1.1727	6.16737876613	7.43517573696	0	43.166800871	1.83862070963	5.50352680901	5.60778909036	5.94495791618	5.98017333923	52.2179274802135	8.09865635928585	39.6834161605006	20.2200577200577	0.00901875901875902	4.92424242424242	0.0270562770562771	0	19.6699134199134	12.3917748917749	42.7579365079365	14.670268636798	12.952858958439	20.3333333333	7.71428571429	7.94181790049326	9.3903389053861	7.3462944810606	5.5	7.07407407407	21.4285714286	30.5350608853938	15.6953901543349	23.3886505400005	41.6666666667	29.6296296296	5.6984595747578	3.233882839329	5.825691692199	2.5479313139895	0.343551345296328	0.21811138631211	0.25111049252907	0.27510356170847	3.6488703923067	2.07444161472557	3.66369366629236	1.68515333209561	6.9353073008311	3.7610116318726	7.5751462259169	3.5089582554725	-2	-2	-2	-2	-2	-2	-2	40.625	72.192275394659	72.018336481548	41.6666666667	56.25	83.3333333333	61.285633819994	0.29635354546817	0.483987846370589	8.33333333333333	0.195364084389402	0.688455284749192	8.33333333333333	0.24556225723846	0.415389888482125	8.33333333333333	8.33333333333333	0.534226608852776	18.5185185185	0.0434782608696	0.065898	0.045692	0.045816	0.02715	0.191848	0.114422	5	3.8745391235553	5	1	0	0	9	0	4	0	0	0	0	0	0	1	0	0	3	0	0	0	0	0	0	0	1	0	2	1	0	1	1	4	1	0	0	2	0	1	0	0	0	0	0	0	0	0	0	3	0	1	0	0	0	3	0	3	3	1	0	3	0	5	14.8148148148148	3.7037037037037	0	44.4444444444444	3.7037037037037	33.3333333333333	0	0.176512692777	0	0.421268501347	0	1.25780086889	0	21.87	0	43.166800871	0	1.97643075613	0	2.61930909068	0.0270562770562771	12.3917748917749	0	0	0	0	0	0	0	0	0	0	0	0	0	0	0	0	0	0	0	0	0	0	0	0	0	0	0	0	-2	-2	0	0	0	0	90	0	0	0	0	0	0	0	0	0	0	0	0	0	0	0	0	4.9	0	0	0	0	0	0	0	0	0	3	0	3
"SORT_014P_double_neg"	0.211620793106	0.224008770455	0.489960156279	0.481373668799	1.30091197315	1.33097123051	2.5855	11.811	0	0	2.0222	6.24010795123	28.3505340117	0	0	4.61365603243	4.93232000152	4.93035094663	5.77243222291	5.75276580065	4.0418118466899	53.1149825783972	42.8432055749129	3.66038255125912	0	22.7466629971102	0	0	0.302738406495115	0.0275216733177377	73.2626943718178	15.787622732628	13.122747853588	16.6538461538	8.2887607658515	6.46153846154	9.3693773112001	8.273679839079	6.61538461538	7.5	19.0856244475971	23.0769230769	12.8872882940539	21.597926144341	34.6153846154	44.4444444444	5.3546874061418	3.4	5.8480221932148	3.04347826087	0.330270947421439	0.438423382173	0.27553963562557	0.381237723629	3.61641956970105	4.05	3.73156873845892	3.52173913043	7.2348688714098	4.45	7.6167551618041	4	-2	-2	8.5	-2	-2	-2	7.52173913043	66.6666666667	75.30288631163	70.513147728374	71.7948717949	77.7777777778	84.6153846154	66.499309425232	0.167067944934125	0.207321775046381	0	0.205683283202186	0.276988247370868	0	0.118947045188743	0.239954951350413	0	0	0.215711402579002	41.935483871	0.0526315789474	0.090628	0.026	0.073636	0.02376	0.157474	0.103884	4.5482770600253	3.2047385604774	4.82051282051	0	0	0	2	0	1	0	0	13	0	0	0	0	0	0	2	0	0	0	0	0	0	0	0	2	4.76190476190476	0	42.8571428571429	28.5714285714286	4.76190476190476	19.047619047619	0	1	5	1	0	0	0	0	0	0	0	0	0	0	0	0	0	1	0	0	0	0	0	0	3.84615384615385	3.84615384615385	53.8461538461538	26.9230769230769	3.84615384615385	7.69230769230769	1	1	1	9	1	5	0	0	0	0	0	0	0	0	0	0	0	0	0	0	0	0.0275216733177377	0	0	0	0	0	0	0	0	0	0	0	0	0	0	0	0	0	0	0	0	0	0	0	0	0	0	0	0	-2	-2	0	0	0	0	0	0	0	0	0	0	0	0	0	0	0	0	0	0	0	0	0	0	0	0	0	0	0	0	0	0	0	0	0	0
"SORT_084Q_double_neg"	0.0165915705269	0.017293417558	0.0487387839548	0.0476110615949	1.01720811618	1.01796338533	0.4858	2.68	0	0	0.4731	0.628325617537	3.71270734709	0	0	0.584501865628	6.15605301704	6.159147514	6.19062868957	6.18972421621	77.319587628866	10.3092783505155	12.3711340206186	74.2268041237113	0	1.54639175257732	0	0	2.57731958762887	0.515463917525773	21.1340206185567	14.422515072946	11.919680388706	16.362615132228	8.573049539052	6.17361566781044	8.5512835435829	6.2202786475191	4.181573771865	8.4024317617911	11.8768080384476	21.1461476748192	7.7447595459359	15.3729260063565	45.9542192095749	38.7809658333591	4.5798680821594	2.4775151150092	4.8857106613706	2.1669963861246	0.367477732445758	0.1828787312913	0.25714949360211	0.2366239103459	3.5373261373014	1.37793059735265	3.04733627378896	1.3490995111893	6.7399445552249	2.6313036286129	7.0350981278082	2.4446898704402	-2	-2	-2	-2	-2	-2	-2	60	72.002593463933	67.698368288219	51.1119206752283	66.0274659584091	69.4583749676743	57.1822884511031	0.107139409839369	0.199846366430305	0.903921046749012	0.0609503275236419	0.17539613362382	1.28382837122692	0.0636711324939576	0.299568965468985	1.16686186596722	0.463931831250678	0.145394194071843	33.3333333333	0.125	0.041652	0.033792	0.04232	0.044448	0.226634	0.081394	4.2690742949996	3.5181238725684	4.83333333333	0	0	0	4	0	0	0	0	0	0	0	0	0	0	0	1	0	0	0	0	0	0	0	0	0	0	0	1	4	0	0	0	0	0	0	0	0	0	0	0	0	0	0	0	0	0	2	0	0	0	0	0	1	0	0	0	0	1	4	0	0	0	0	1	8	0	0	0	0	0	0	0	0	0	0	0	0	0	0	0	0	0	0.515463917525773	0	0	0	0	0	0	0	0	0	0	0	0	0	0	0	0	0	0	0	0	0	0	0	0	0	0	0	0	-2	-2	0	0	0	0	0	0	0	0	0	0	0	0	0	0	0	0	0	0	0	0	0	0	0	0	0	0	0	0	0	0	0	1	0	0
"SORT_004D_double_neg"	0.537832280908	0.59362887752	0.751893556935	0.896418176735	2.31132248291	2.53406223444	12.3968	0	0	0	31.801	19.0453726373	0	0	0	50.3133729425	2.87344091583	1.63307318217	4.35678495337	3.5819726019	0.0475782662479779	5.95679893424684	93.9956227995052	0.0185804533630621	0	20.3734671125975	0	0	0.0278706800445931	0	79.5800817539948	17.3194444444	13.116964952159	14.6829268293	18.84	16.1602564103	18.9861111111	14.6932302282069	6.80487804878	15.4473684211	0.666666666667	12.8205128205	0	6.09722505408326	48.7804878049	10.5263157895	8.51388888889	7.86956521739	7.834966995934	5.21621621622	0.427072627539	0.202900386843	0.30965928871866	0.126127267497	8.24305555556	2.82608695652	5.55918902121594	1.75675675676	10.8125	8.78260869565	10.6675850506199	5.81081081081	19.05555555556	-2	11.60869565217	-2	-2	-2	7.56756756757	80.0970873786	93.3333333333	73.1852260374603	91.6666666667	91.5048543689	98.6111111111	76.023213302602	0	0.650119799662283	0	0	0.372863432244148	0	0	0.289530739220293	0	0	0	56.7010309278	0.0221769359866	0	0	0	0	0	0	4.07575757576	3.83333333333	3.875	0.666666666666667	0	1.33333333333333	12.6666666666667	85.3333333333333	0	0	0	0	20.5128205128205	76.9230769230769	2.56410256410256	0	0	0	11.1111111111111	88.8888888888889	0	0	0	1	1	0	0	1	0	2.27272727272727	2.27272727272727	56.8181818181818	27.2727272727273	11.3636363636364	0	0	0	0	0	0	0	0	0	0	0	0	1	0	1	3	0	0	0	0	1	0	0	0	0	0	0	60.9756097560976	29.2682926829268	9.75609756097561	2.63157894736842	2.63157894736842	7.89473684210526	31.5789473684211	52.6315789473684	2.63157894736842	0	0	0	0	0	0	0	0	0	0	0	0	0	0	0	0	0	0	0	0	0	0	0	0	0	0	0	0	0	0	0	0	0	0	0	0	0	0	0	0	0	0	0	0	-2	-2	0	0	0	0	0	0	0	0	0	0	0	0	0	0	0	0	0	0	0	0	0	0	0	0	0	0	0	0	0	0	1	0	0	0
"SORT_066W_double_neg"	0.392950316751	0.430803565626	0.681052501265	0.670209182533	1.67633792036	1.81326767814	19.2597	0	0	0	8.9537	35.1966007667	0	0	0	12.0584569491	3.68206036724	4.18174585478	4.79580525019	4.79917490492	89.8983379054381	9.9725673713087	0.129094723253187	63.1933311958961	0.0320615581917281	0	0.0320615581917281	0	26.6431548573261	0.0641231163834562	10.0352677140109	14.678847276073	15.014084507	17.5921052632	31.7152777778	23.8540540541	13.941404611349	31.9929577465	3.8961038961	12.1315789474	0	18.9189189189	11.0769547061884	0	59.7402597403	31.5789473684	6.6654150727372	4.46153846154	13.1338028169	2.96923076923	0.40666320013931	0.238242505556	0.519587035911	0.184703745092	4.87083938462585	1.94871794872	17.7042253521	1.18461538462	8.6550685298648	5.38461538462	16.2323943662	3.52307692308	-2	-2	7.33333333334	-2	33.9366197183	-2	4.7076923077	86.0902255639	66.806468576154	97.889182058	73.1034482759	94.5488721805	91.0344827586	77.2932652963	0.320349267083342	0	8.96551724137931	0.372211007538722	0	11.0344827586207	0.288455578766952	0	8.96551724137931	8.96551724137931	0	66.8161434978	0.0263157894737	0	0	0	0	0	0	4.2623661412524	4.06596306069	4.31724137931	0	0	1.38888888888889	98.6111111111111	0	0	0	0	5.40540540540541	89.1891891891892	5.40540540540541	0	0	0	0	1	0	0	0	0	0	10	1	1	0	7.01754385964912	0	0	68.4210526315789	21.0526315789474	3.50877192982456	0	13.6363636363636	45.4545454545455	36.3636363636364	0	4.54545454545455	0	0	0	0	0	0	0	0	1.40845070422535	98.5915492957746	0	0	0	0	0	1	0	0	5.19480519480519	3.8961038961039	12.987012987013	59.7402597402597	14.2857142857143	3.8961038961039	10.5263157894737	7.89473684210526	5.26315789473684	63.1578947368421	5.26315789473684	7.89473684210526	0	0	0	0	0	0	0	0	0	0	0	0	0	0	0.0320615581917281	0.0641231163834562	0	0	0	0	0	0	0	0	0	0	0	0	0	0	0	0	0	0	0	0	0	0	0	0	0	0	0	0	-2	-2	0	0	0	0	0	0	0	0	0	0	0	0	0	0	0	0	0	0	0	0	0	0	0	0	0	0	0	0	0	0	0	1	0	0
"SORT_121F_double_neg"	0.23687489821	0.119324571293	0.522513231625	0.323743380389	1.32234434172	1.1471617204	11.5568	4.755	0	9.135	1.3615	21.5348267302	7.76797202158	0	13.4261487127	2.42530264166	4.58528570826	5.59304193011	5.48442970339	6.00118672015	60.8411596570029	33.3809718252348	5.77786851776235	17.4651303820497	0	0.444713968061451	0	0	43.4606832423691	0.222356984030726	38.407115423489	13.1677631579	19.1667760998	12.2260869565	14.4465170504	14.3656144652	13.1911915329	14.5320211516	13.5135902637	14.873015873	5.68347420577	5.66962917561	5.97473540457	5.22914218566	7.54563894523	10.582010582	3.75657894737	2.41237113402	8.69697964544	2.23636363636	0.283245609267	0.340061055783	0.373466156977	0.299872021917	1.64802631579	2.42268041237	5.12409717663	2.13636363636	4.09210526316	4.24742268041	10.7787261983	3.86363636364	5.74013157895	-2	6.67010309278	-2	15.90282337493	-2	6	90.0384544955	96.6931216931	98.1395348837	93.3823529412	98.1413660502	97.7941176471	98.8280534701	0	0	0	0	0	0	0	0	0	0	0	15.2665121669	0.0013332805539	0.0498	0	0.2008	0	0.4102	0	4.99206349206	4.71944191689	4.91941391941	0	0	8.01515593121539	11.6001165840863	0	80.3847274846983	0	0	7.72295433650015	11.5231382163653	0	80.7539074471345	0	0	0	10.2765448958689	0	89.7234551041311	0	0	0	0	0	0	0	0	0	0	19	1	0	0	0	0	0	1	0	0	0	0	0	100	0	0	0	8.07873090481786	10.9283196239718	0	80.9929494712103	0	0	0	0	0	100	0	0	0	15.5375253549696	0.0811359026369168	84.3813387423935	0	0	12.1693121693122	21.6931216931217	1.05820105820106	65.0793650793651	0	0.0518880456656	0	0.154906739161	0	1.06431546391	0	9.135	0	13.4261487127	0	2.68833368772	0	2.91197239782	0	0.222356984030726	0	0	12.8312267658	12.2050739958	0	0	0	0	0	0	0	0	0.0078	0	0	0	0.0169	0	0	0	0	0	0	0	0	0	0	0	-2	-2	0	0	0	0	0	0	0	0	0	0	0	0	0	0	0	0	0	0	0	0	0	0	0	0	0	0	0	100	0	0	0	0	0	100
"SORT_005E_double_neg"	0.0418586306807	0.0260971233013	0.144681240315	0.100312518296	1.04486532731	1.02749433164	1.0097	2.612	0	29.5775	0.6375	2.12417715753	4.6993962752	0	43.6839432371	0.923071117604	5.97303635476	6.07428760595	6.14425156625	6.17526643843	60.8106037388906	15.6757585044438	23.5136377566656	21.4080459770115	0	6.03448275862069	0.0226860254083485	0	32.7737447065941	6.43526920750151	33.3257713248639	12.4360834089	10.569772438561	14.6796116505	18.5076923077	18.4816143498	18.5349048051	14.580952419894	11.0970873786	10.3636363636	0.0904977375566	0	0	5.1084073930924	25.2427184466	30.303030303	11.8939256573	7.45454545455	6.9209777855376	6.97826086957	0.349442169287	0.332872947056	0.28276324349368	0.32564011706	6.52130553037	4.86363636364	5.0933815523871	4.5	12.1341795104	9.15909090909	10.061856671072	8.5652173913	18.65548504077	-2	14.02272727273	-2	-2	-2	13.0652173913	97.622345337	99.2764109986	70.69007645921	69.6629213483	97.9224376731	74.1573033708	98.9150507849	0	0.164131487304465	2.24719101123596	0	0.0642041134334336	2.24719101123596	0	0.179741318734871	2.24719101123596	2.24719101123596	0	87.1499176277	0.010292204977	0	0	0	0	0	0	4.99348769899	3.3975293572092	4.16292134831	0.0904977375565611	0	93.4841628959276	6.33484162895928	0	0.0904977375565611	0	0	90.8520179372197	9.05829596412556	0.0896860986547085	0	0	0	93.6536718041704	6.25566636446056	0	0.0906618313689937	0	0	1	0	3	1	1	1.05263157894737	1.05263157894737	2.10526315789474	77.8947368421053	8.42105263157895	9.47368421052632	2	0	0	3	2	7	0	0	0	0	0	0	1	0	0	1	0	0	0	0	0	0	0	0	2.9126213592233	0	1.94174757281553	71.8446601941748	8.7378640776699	14.5631067961165	4.04040404040404	1.01010101010101	22.2222222222222	46.4646464646465	9.09090909090909	17.1717171717172	0	0.261018184582	0	0.491967271881	0	1.43980342327	0	29.5775	0	43.6839432371	0	1.83247707182	0	2.38437579016	0.0226860254083485	6.43526920750151	0	0	0	0	0	0	0	0	0	0	0	0	0	0	0	0	0	0	0	0	0	0	0	0	0	0	0	0	-2	-2	0	0	0	0	0	0	0	0	0	0	0	0	0	0	0	0	0	0	0	0	0	0	0	0	0	0	0	0	0	0	0	0	0	0
"SORT_024A_double_neg"	0.591870148953	0.255189892402138	0.94246642219	0.542325285800067	2.51764628136	1.2906975297665	51.9784	0	0	0	0	91.8395626603	0	0	0	0	0.475099205202	2.962886795657	3.1727773576	4.2383323152262	14.7556123898835	65.181869849389	20.0625177607275	10.3520830410997	0	8.73895356992566	0	0	3.69617057090756	0.561088511712723	76.6517043063543	16.2494305239	17.2841993637	16.9648876404	15.5600387973	13.6309187279	15.4764542936	15.8854635997	11.4419439789	11.997515528	14.7817652764	23.9575971731	18.9473684211	14.6549679867	34.6660282499	32.049689441	8.27240977881	4.78018995929	9.77213822894	3.5593220339	0.340066282502	0.283540076831	0.338598189804	0.251543096836	5.74621653085	3.04884667571	6.40244780418	2.25259704757	10.473806752	6.10108548168	12.6403887689	4.52378348824	16.22002328285	6.40298507463	9.14993215739	-2	19.04283657308	20.57590361441	6.77638053581	11.703456893	22.5609756098	21.0147535085	4.77126017401	20.9246147439	9.93544765647	50.8788004998	0.677506775067751	0.143936667866139	3.05921975863037	0.2710027100271	0.107952500899604	3.67667695761998	0.2710027100271	0.107952500899604	3.05921975863037	2.86905345757724	0.315377822631513	4.5475638051	0.000732492779561	0.0774	0	0.1274	0	0.0836	0	4.65853658537	4.61514933429	4.51866404715	1.95926285160039	1.41610087293889	14.2967992240543	60.1551891367604	8.28322017458778	13.8894277400582	1.71378091872792	2.04946996466431	13.2508833922261	60.1236749116608	8.46289752650177	14.3992932862191	1.93905817174515	0.775623268698061	11.8005540166205	62.9916897506925	13.8504155124654	8.64265927977839	0	1.25588697017268	0.549450549450549	2.82574568288854	73.861852433281	12.4803767660911	9.02668759811617	0.804828973843058	4.72837022132797	7.34406438631791	56.841046277666	9.45674044265593	20.8249496981891	0	5.37974683544304	18.0379746835443	46.5189873417722	6.0126582278481	24.0506329113924	0	0	0	0	0	0	0.426843727768556	1.3990988854636	16.1252074934788	61.6789186625563	4.64785392459094	15.7220773061418	5.54400554400554	0	24.7401247401247	55.5786555786556	13.0977130977131	1.03950103950104	0.598515681110845	2.10677519751017	12.7603543212832	61.0725401005506	7.13430691884127	16.3275077807039	1.49068322981366	2.60869565217391	14.5341614906832	50.9316770186335	7.57763975155279	22.8571428571429	0	0	0	0	0	0	0	0	0	0	0	0	0	0	0	0.561088511712723	0	15.5463182898	0	18.2612612613	0	3.7422037422	0	0	0.0246	0	0	0.0801	0	0	0	3e-04	0.2008	0	0.019	0	0	12.886746988	0	0.258792369587	0	5.03614457831	0	15.5397590361	-2	20.57590361441	0	10.7142857143	0	0	89.1255605381	0	0	94.8430493274	0	0	99.5515695067	0	1.67973124300112	0	2.57558790593505	0	1.67973124300112	0	0	0	0	4.40313549832	0	0	0	0	0	0	5.54400554400554	0	24.7401247401247	55.5786555786556	13.0977130977131	1.03950103950104
"SORT_016R_double_neg"	0.0801295391897	0.0659579963186	0.197858744352	0.164614262456	1.09082265379	1.07414971765	1.7721	7.36	0	0	1.2874	3.18697759825	13.1762864522	0	0	1.47915019823	5.88428447932	5.97726545793	6.06553883001	6.10344718638	91.0214168039539	6.17792421746293	2.8006589785832	90.8566721581549	0	0.494233937397035	0	0	0.164744645799012	0	8.48434925864909	14.755979304184	11.742896472487	19.4444444444	8.5187875371347	0.714285714286	8.0876072759241	6.3341404011044	2.81481481481	5.38461538462	29.4450560456124	100	14.4894251815392	25.6541284236272	81.4814814815	65.3846153846	5.8175279284034	2.94444444444	5.3906644215029	2.4347826087	0.330680441736034	0.329320516085	0.22063494550421	0.344685621284	3.78257596854305	1.38888888889	3.09251019076796	1.17391304348	7.6592444290148	3.38888888889	7.5773993612965	2.78260869565	-2	-2	4.77777777778	-2	-2	-2	3.95652173913	53.1914893617	71.010455424866	67.5389939580034	50	63.829787234	66.6666666667	62.439252031838	0.0997786483457501	0.276009507023484	0	0.199545195232864	0.46531253286898	3.33333333333333	0.176039178173327	0.340219156886053	0	0	0.336778936040933	35	0.0384615384615	0.055676	0.011412	0.039214	0.019634	0.123928	0.148972	4.2803355434663	3.4720098397314	4.4	0	0	0	2	2	1	0	0	0	7	0	7	0	0	0	0	2	0	0	0	0	0	7	0	1	6.06060606060606	0	0	39.3939393939394	6.06060606060606	48.4848484848485	0	0	0	1	0	1	0	0	0	0	0	0	0	0	0	1	0	1	0	0	0	1	0	0	7.40740740740741	0	0	25.9259259259259	7.40740740740741	59.2592592592593	7.69230769230769	0	0	34.6153846153846	15.3846153846154	42.3076923076923	0	0	0	0	0	0	0	0	0	0	0	0	0	0	0	0	0	0	0	0	0	0	0	0	0	0	0	0	0	0	0	0	0	0	0	0	0	0	0	0	0	0	0	0	-2	-2	0	0	0	0	0	0	0	0	0	0	0	0	0	0	0	0	0	0	0	0	0	0	0	0	0	0	0	0	0	0	0	1	0	0
"SORT_021X_double_neg"	0.376438410468	0.511839544154	0.630811999802	0.817445238386	1.71281770943	2.14869905308	4.1393	0	25.845	19.1525	9.6372	6.24190421235	0	34.8258744523	37.149273804	14.8768020542	4.3021685693	3.01843701121	5.24659024135	4.43907844225	1.98055893074119	6.70716889428919	91.3122721749696	0.0235599010484156	0	23.6070208505124	0	0	1.89657203439746	0	74.4728472140417	13.421875	16.9411764706	15.8	14.1119402985	10.3607038123	16.65625	14.3417721519	2.27205882353	8.60810810811	0.746268656716	28.4457478006	0	0.42194092827	86.0294117647	37.8378378378	5.984375	2.76923076923	7.1724137931	1.66071428571	0.425987543992	0.188546638547	0.384239413713	0.129552057565	7.109375	1.52307692308	5.15270935961	0.642857142857	9.984375	3.75384615385	8.32019704433	2.1875	17.09375	-2	5.27692307693	-2	13.47290640394	-2	2.830357142857	81.4285714286	94.4881889764	97.6491862568	80.8823529412	92.1428571429	87.5	97.0408163265	0	0	0.735294117647059	0	0	1.10294117647059	0	0	0.735294117647059	0.668896321070234	0	58.313253012	0.0128205128205	0	0	0.089	0	0	0	4.55905511811	4	4.59558823529	0	0	9.32835820895522	88.4328358208955	0	2.23880597014925	0	0	6.158357771261	82.4046920821114	0	11.4369501466276	0	0	37.5	59.375	0	3.125	0	0	1	0	4	0	8	0	0.757575757575758	3.03030303030303	59.8484848484849	0.757575757575758	35.6060606060606	0	0	1	7	0	7	0	0	0	0	0	0	0	0	0.421940928270042	98.3122362869198	0	1.26582278481013	0	0	0	0	0	1	0	0	3.67647058823529	61.7647058823529	0.735294117647059	33.8235294117647	0	1.35135135135135	12.1621621621622	56.7567567567568	1.35135135135135	28.3783783783784	0.162927896825	0.177490159794	0.261835764819	0.418047445465	1.30109722222	1.26373019451	25.845	19.1525	34.8258744523	37.149273804	1.65841051554	1.91768418659	1.96714500146	2.64020487392	0	0	0	0	0	0	0	0	0	0	0	0	0	0	0	0	0	0	0	0	0	0	0	0	0	0	0	0	0	0	-2	-2	0	0	0	0	0	0	0	0	0	0	0	0	0	0	0	0	0	0	0	0	0	0	0	0	0	0	0	0	0	0	0	0	0	1
"SORT_029F_double_neg"	0.182156582104	0.269749889835	0.412104058929	0.531546152855	1.25425623658	1.42754332755	1.5049	18.143	0	17.4625	2.2754	2.43988422737	37.4922643048	0	28.9005092466	3.63206489508	5.23517155596	4.75189100304	5.86610812479	5.620876981	92.1227319663667	7.53798495353297	0.33928308010031	34.6707370257305	0	0.116295973251926	0.421572903038232	0.0145369966564908	56.4326210204972	0.654164849542085	7.67553423462713	16.9439655172	15.0512367491	17.3787593985	9.71900566394	8.17749757517	6.72857142857	9.95915841584	3.61203090508	8.10670731707	60.2265575834	61.2754607177	65.7142857143	58.9521452145	72.8476821192	53.6585365854	16.1135371179	3.68045297883	15.2753623188	2.63519458545	0.241944163981	0.200591513946	0.284896314472	0.173183991538	6.06113537118	1.71541112752	9.38768115942	1.17766497462	19.1441048035	4.31511570655	23.0778985507	3.09035532995	25.20524017468	2.255605381165	6.03052683407	-2	32.46557971012	-2	4.26802030457	38.6433260394	96.472392638	96.3752665245	47.0033092291	69.750547046	78.820933938	97.409190372	0	2.41648898365316	4.46078431372549	0	2.06112295664534	5.79656862745098	0	1.77683013503909	4.31372549019608	3.75867592098238	1.21418164157358	14.3306379155	0.00159905010357	0.0756	0	0	0	0.1756	0	4.01687116564	3.03482587065	4.83308823529	2.86343612334802	10.5412208936438	6.32473253618628	57.64631843927	4.12208936438011	18.5022026431718	2.20659553831232	8.24442289039767	4.77691561590689	50	4.5101842870999	30.2618816682832	0	20.8074534161491	12.111801242236	49.4409937888199	0.062111801242236	17.5776397515528	0	0	12.0503597122302	6.94244604316547	35.6115107913669	0	45.3956834532374	0.492610837438424	1.06732348111658	0.246305418719212	28.4072249589491	5.66502463054187	64.1215106732348	0	19.6428571428571	17.8571428571429	50	0	12.5	0	0	0	0	0	0	3.75412541254125	0	0.247524752475248	66.460396039604	5.36303630363036	24.1749174917492	0	0	0	1	0	0	2.6766004415011	9.90618101545254	5.79470198675497	39.4867549668874	5.49116997792494	36.644591611479	1.82926829268293	5.79268292682927	5.18292682926829	43.9024390243902	4.26829268292683	39.0243902439024	0	0.184865584055	0	0.39680242652	0	1.30043383899	0	17.4625	0	28.9005092466	0	2.0200754645	0	2.62569513585	0.421572903038232	0.654164849542085	0	0	0	0	0	0	0	0	0	0	0	0	0	0	0	0	0	0	0	0	0	0	0	0	0	0	0	0	-2	-2	0	0	0	0	0	0	0	0	0	0	0	0	0	0	0	0	0	0	0	0	0	0	0	0	0	0	0	0	0	0	0	1	0	0
"SORT_112W_double_neg"	0.0762821487061	0.125822302457	0.236520728328	0.351615342813	1.08782599617	1.15803389706	0.9369	5.432	14	6.75	1.328	1.50884892261	8.25147651516	44.5777777778	10.025877193	2.46519191269	5.81798366761	5.50042569298	6.08926277388	5.99040518787	71.3475318471338	26.9506369426752	1.70183121019108	26.7829153605016	0	1.6653605015674	0.0195924764890282	0	42.6332288401254	2.30211598746082	26.5967868338558	16.0178571429	15.8355079217	16.936535163	14.7684027228	13.6469113961	18.277700831	14.7178329571	13.5080857465	11.4926253687	15.529523508	19.298245614	7.06371191136	15.3875094056	26.2692741632	24.0412979351	9.03167420814	4.84277558191	6.21174798674	4.09696304427	0.346215286006	0.322139400985	0.321473161645	0.286181458996	6.11463046757	3.41150636803	4.46376125059	2.81705085986	11.2111613876	6.11506368028	7.90241591663	5.14050493963	17.32579185517	4.70370370371	9.52657004831	-2	12.36617716722	25.47671075329	7.95755579949	25.997142517	42.3133235725	45.6453959676	8.88734594688	40.0761995476	16.3860440896	67.5020835814	0	1.28710815860494	0.516351118760757	0	0.0830392360390284	0.72289156626506	0	0.0415196180195142	0.516351118760757	1.30578512396694	0.0185116623472788	5.17356922665	0.000727514212451	0.1098	0	0.1844	0	0.1556	0	4.65691294806	4.65497197426	4.65094664372	6.28462877948393	0.474908975779642	12.6484090549311	58.5879373120152	8.10511318663923	13.8990026911509	6.02978033318591	2.00501253132832	13.312693498452	56.3762347044081	7.91685095090668	14.359427981719	1.86980609418283	1.0387811634349	10.1454293628809	68.9404432132964	9.17590027700831	8.82963988919668	100	0	1.94552529182879	26.6536964980545	45.6225680933852	2.23735408560311	23.5408560311284	3.9	12.3	13.9	41.2	9.4	19.3	0	0	32.6388888888889	56.25	3.47222222222222	7.63888888888889	0	96.875	2.734375	0	0.390625	0	4.45823927765237	0	12.6410835214447	61.7569601203913	7.41158765989466	13.732129420617	6.84901045141205	0	8.51678897042473	62.374916611074	9.56193017567267	12.6973537914165	5.18992102294095	1.9368183527642	7.76607747273411	58.8003008649868	9.27040240691989	17.036479879654	3.98230088495575	2.50737463126844	12.094395280236	54.5722713864307	10.9144542772861	15.929203539823	0.0365763888889	0.0189599243206	0.274373181217	0.0646547114392	1.0495218254	1.02208582731	14	6.75	44.5777777778	10.025877193	1.53572043317	2.83824851633	2.2405831288	2.9667730011	0.0195924764890282	2.30211598746082	0	16.1149686966	10.921875	16.1256393151	1.5625	14.0982877474	0	0.0189	0.0652	0	0	3e-04	0	0	0.0288	0.059	0.5424	0	0.048	0	0	15.3663024727	0	0.289035130334	0	7.28694652099	0	18.1897642323	-2	25.47671075329	0	7.52314814815	0	95.5102040816	88.6576720787	0	97.5510204082	95.5636862566	0	0	97.6446375486	0	0.0216450216450216	0	0	0	0	0	0	0	0	4.88636363636	0	0	96.875	2.734375	0	0.390625	6.84901045141205	0	8.51678897042473	62.374916611074	9.56193017567267	12.6973537914165
"SORT_115Z_double_neg"	0.114468833739	0.105383758165	0.347149803644	0.313698285039	1.1382318691	1.12647650805	1.4918	7.124	0	5.685	1.2852	2.94032481009	12.8585447087	0	8.31315789475	2.45154529953	5.50838335006	5.61081124388	6.00486105516	6.02867285163	71.7916796348169	20.1940035273369	8.01431683784625	24.2481203007519	0	2.01178622231254	0.208290997764682	0	30.6492582808372	16.8512497459866	26.0312944523471	20.65	14.1924066924	18.955801105	28.4563225412	25.8806306306	7.15	28.719851577	1.68852459016	11.0879120879	11.117898595	19.1441441441	10	11.1317254174	89.0710382514	51.6483516484	2.45	2.22535211268	14.8481338481	1.30952380952	0.628552227343	0.28782865049	0.372607630384	0.329296398046	3.45	1.14788732394	10.3783783784	0.791666666667	3.75	2.59154929577	19.5611325611	1.5119047619	7.2	2.717171717172	3.73943661971	-2	29.9395109395	-2	2.303571428567	95.9471041998	92.1052631579	99.5358090186	90.8602150538	98.8857597649	92.2043010753	99.4000244888	0	0	0	0	0	0	0	0	0	0	0	81.0391001607	0.0102040816327	0	0	0	0	0.0922	0	4.81578947368	4.06710875332	4.96505376344	9.8961514966402	1.03848503359805	0.427611484422725	84.6059865607819	3.90959071472205	0.122174709835064	8.33333333333333	0.788288288288288	0.337837837837838	80.9121621621622	3.5472972972973	6.08108108108108	0	17	0	1	1	1	0	1.58730158730159	0	0	90.4100529100529	0	8.0026455026455	0	1.43884892086331	0	8.63309352517986	1.43884892086331	88.4892086330935	1.0989010989011	0	1.0989010989011	85.7142857142857	9.89010989010989	2.1978021978022	0	0	0	0	0	0	10.0185528756957	0	0.432900432900433	85.5905998763142	3.8961038961039	0.0618429189857761	9.78189028420357	0	0	90.2181097157964	0	0	0	1.09289617486339	0.546448087431694	48.0874316939891	40.4371584699454	9.83606557377049	16.4835164835165	5.49450549450549	2.1978021978022	41.7582417582418	13.1868131868132	20.8791208791209	0	0.00648947368421	0	0.0339602124183	0	1.00721052632	0	5.685	0	8.31315789475	0	2.89216772674	0	2.98623615718	0.208290997764682	16.8512497459866	0	0	0	29.9907468605	0	7.40251156642	0	0	0	0	0	0	0	0	0	0	0.1245	0	0	0	0	0	0	0	0	0	0	0	-2	-2	0	0	0	0	0	0	0	0	0	0	0	0	0	0	0	0	0	0	0	0	0	0	0	0	0	0	0	0	9.78189028420357	0	0	90.2181097157964	0	0
"SORT_010K_double_neg"	0.0609177205142	0.0616339261738	0.149140162847	0.143987306453	1.06872396411	1.06982139611	0.7513	3.827	0	0	0.7122	1.03702735991	5.17405600069	0	0	0.912981972208	6.01495296398	6.03047467937	6.11929568956	6.11882014893	6.64447120493023	22.8164624211943	70.5390663738755	1.61256834383002	0	18.3265277873901	0.006920894179528	0	4.56779015848848	0.366807391514984	75.1193854245969	17.4715447154	15.5233722871	17.9015625	19.5097613883	18.6007539411	14.8072289157	19.684367988	5.71014492754	11.0778816199	11.7859725235	12.9198080877	10.843373494	11.4809274495	56.6425120773	36.1370716511	8.53719008264	4.16519823789	11.8767237777	3.20490367776	0.342755362406	0.33296240302	0.320991491282	0.271297230567	5.96694214876	3.68281938326	6.73965733389	2.77758318739	11.2314049587	5.67400881057	14.8900961137	4.35551663748	17.19834710746	4.69620253165	9.35682819383	-2	21.62975344759	-2	7.13309982487	84.513727315	55.737704918	97.3310999442	82.9608938547	94.1833410889	87.0111731844	97.4313634248	0	0	0.348918353105373	0	0	0.348918353105373	0	0	0.348918353105373	0.311915159076731	0	57.0855202223	0.00272250133318	0.0454	0	0.0126	0	0.1346	0	4.65945945946	4.19039642658	4.43924581006	0.180766449746927	0.108459869848156	12.6174981923355	27.4765003615329	0.397686189443239	59.2190889370933	0.0342700479780672	0.23989033584647	11.720356408499	33.139136394791	0.205620287868403	54.6607265250171	0	1.80722891566265	1.20481927710843	39.1566265060241	5.42168674698795	52.4096385542169	0	0.16366612111293	0.16366612111293	51.227495908347	14.8936170212766	0.490998363338789	33.0605564648118	0.472813238770686	2.60047281323877	0.945626477541371	78.7234042553192	3.54609929078014	13.7115839243499	0	10	22	44	10	14	0	0	0	0	0	0	0.18698578908003	0	12.9768137621541	26.3649962602842	0.299177262528048	60.1720269259536	0	0	0	5.99144079885877	0	94.0085592011412	0.120772946859903	1.81159420289855	1.69082125603865	60.1449275362319	2.05314009661836	34.1787439613527	1.86915887850467	3.73831775700935	6.85358255451713	46.1059190031153	7.78816199376947	33.6448598130841	0	0	0	0	0	0	0	0	0	0	0	0	0	0	0.006920894179528	0.366807391514984	0	0	0	23.0912981455	0	5.06419400856	0	0	0	0	0	0	0	0	0	0.0017	0.0925	0	0	0	0	0	0	0	0	0	0	0	-2	-2	0	0	0	0	0	0	0	0	0	0	0	0	0	0	0	0	0	0	0	0	0	4.4	0	0	0	0	0	0	0	0	0	5.99144079885877	0	94.0085592011412
"SORT_013N_double_neg"	0.210746794508	0.295311787197	0.484028544169	0.597368241209	1.29453003518	1.46056167099	2.5897	26.089	0	21.5725	9.1059	4.04722116276	48.5998773367	0	30.4722490347	13.3641324582	5.04064100877	4.42477389906	5.76360087282	5.41020581005	0.562947799385875	5.19447287615148	94.2425793244626	0.322340689313166	0	26.8286635259112	0	0	0.198363501115795	0.0247954376394743	72.6258368460203	14.0263157895	18.4054054054	18.4166666667	7.45578231293	6.33918128655	8.34210526316	4	6.32653061224	7.25806451613	28.5714285714	38.0116959064	0	48.75	47.9591836735	41.935483871	4.76315789474	4.45454545455	3.48648648649	3.7375	0.366247057037	0.347585715354	0.100754875755	0.3250915485	3.44736842105	3.74242424242	0.837837837838	3.05	5.92105263158	5.95454545455	4.54054054054	4.9875	9.36842105263	-2	9.69696969697	-2	5.378378378378	7.4406779661	8.0375	53.8793103448	96	95.2941176471	55.900621118	80.3879310345	77.6397515528	96.3362068966	0	0	0	0	0	0	0	0	0	0	0	31.330472103	0.0151515151515	0	0	0	0	0	0	4.97333333333	3.2	4.6149068323	0	0	21.7687074829932	27.2108843537415	50.3401360544218	0.680272108843537	0	0	19.2982456140351	29.8245614035088	46.1988304093567	4.67836257309941	0	0	0	97.3684210526316	2.63157894736842	0	0	0	0	0	2	0	1	0	1.42857142857143	2.85714285714286	42.8571428571429	30	22.8571428571429	0	0	7	4	1	4	0	0	0	0	0	0	0	0	40	2.5	56.25	1.25	0	0	0	1.36986301369863	98.6301369863014	0	0	1.02040816326531	9.18367346938776	34.6938775510204	35.7142857142857	19.3877551020408	0	1.61290322580645	12.9032258064516	37.0967741935484	27.4193548387097	20.9677419354839	0	0.187784876126	0	0.334226362679	0	1.28461999052	0	21.5725	0	30.4722490347	0	2.1763021563	0	2.59983885118	0	0.0247954376394743	0	19.5762711864	0	7.94520547945	0	53.4246575342	0	0	0	0	0	0	0	0	0	0	0	0	0	0	0	4.42372881356	0	0.4213984468	0	2.23728813559	0	5.20338983051	-2	7.4406779661	0	0	0	0	97.1014492754	0	0	0	0	0	0	0	0	0	0	0	0	0	0	0	0	5.07194244604	0	0	0	0	0	0	0	0	0	1.36986301369863	98.6301369863014	0
"SORT_117B_double_neg"	0.125848878974	0.147526588422	0.331733755616	0.371300077401	1.15774302425	1.1873550118	1.4166	8.689	0	9.2225	3.4672	2.72962726404	16.2855852182	0	13.7134490772	7.46323276495	5.57717903867	5.40147035389	5.98928898508	5.91254311335	76.1266855926189	21.9570617459191	1.91625266146203	25.2363445378151	0	0.78781512605042	0	0	46.6649159663866	4.41176470588235	22.8991596638655	22.5	17.1904761905	18.0111731844	19.1023255814	14.1052631579	18.1470588235	20.746835443	7.71978021978	13.8846153846	0.46511627907	20.7236842105	0	1.26582278481	41.7582417582	19.2307692308	8.96323529412	5.11023622047	14.4838709677	4.04790419162	0.336370023364	0.354243651437	0.284948915311	0.281677998705	6.11764705882	4.57480314961	6.90322580645	3.41916167665	12.1029411765	6.3937007874	17.3709677419	5.00598802395	18.22058823532	-2	10.96850393701	-2	24.27419354835	-2	8.4251497006	71.1313394018	94.1558441558	91.5966386555	75.1497005988	85.3055916775	88.0239520958	95.8387516255	0	0	0	0	0	0	0	0	0	0	0	44.502617801	0.0123456790123	0	0	0	0	0	0	5.02272727273	4.0756302521	4.7754491018	0.465116279069767	0	0.465116279069767	15.3488372093023	6.51162790697674	77.2093023255814	20.7236842105263	0	0.328947368421053	26.9736842105263	3.28947368421053	48.6842105263158	0.735294117647059	0	0	5.88235294117647	1.47058823529412	91.9117647058823	0	67.741935483871	0	1.0752688172043	31.1827956989247	0	0	0	0	1.08695652173913	84.7826086956522	9.78260869565217	4.34782608695652	89.3333333333333	0	1.33333333333333	2.66666666666667	0	6.66666666666667	0	0	0	0	0	0	0	0	1.26582278481013	31.6455696202532	15.1898734177215	51.8987341772152	0	0	0	0	0	0	36.8131868131868	0	0.549450549450549	52.7472527472527	4.94505494505495	4.94505494505495	6.41025641025641	0	2.56410256410256	39.7435897435897	16.6666666666667	34.6153846153846	0	0.0552074196828	0	0.159495870812	0	1.06945684677	0	9.2225	0	13.7134490772	0	2.66269635563	0	2.90631129227	0	4.41176470588235	0	0	0	0	0	0	0	0	0	0	0	0	0	0	0	0	0	0	0	0	0	0	0	0	0	0	0	0	-2	-2	0	0	0	0	0	0	0	0	0	0	0	0	0	0	0	0	0	0	0	0	0	0	0	0	0	0	0	0	0	0	0	0	0	0
"SORT_063S_Unswitched"	0.112340664873	0.105997015093	0.308928256333	0.288992022934	1.13706561898	1.12932056259	1.3648	5.418	0	51.6575	1.0328	2.31554985377	8.81908079266	0	89.8688488494	1.53966449518	5.63832569771	5.69797234013	6.01602886107	6.03417179275	63.6255075232864	25.5911153570576	10.7833771196561	11.5393682225365	0	4.11951909476662	0.0117868929750118	0	40.8651579443659	11.2564827911363	32.2017916077322	17.1583629893	17.3843537415	17.4817322432	10.6692961165	8.07262450677	11.3960714286	10.4388520971	7.94874988026	7.25349162011	16.7779126214	31.9185240482	11.8928571429	12.4061810155	32.4456365552	36.7318435754	7.32021466905	4.53782472167	5.46020761246	4.03125428376	0.394783982245	0.32914616364	0.443543803465	0.301225723817	5.28503279666	3.27918926634	5.70588235294	2.8474297464	8.69111508646	5.71039109335	7.14186851211	5.04989718986	13.97614788312	6.03022222223	8.98958035969	-2	12.84775086505	-2	7.89732693626	21.4295245296	93.6276642018	88.9464594128	10.6210976011	28.7239247431	16.7992113046	51.36770004	0.0217485863418878	1.38169257340242	1.74701169052936	0.0217485863418878	2.24525043177893	1.70760541179561	0.0217485863418878	1.20898100172712	1.37265204255878	1.28804944261538	0.154529650376666	2.33139050791	0.000397701469768	0.0636	0	0.3792	0	0.109	0	5.06394084385	4.80656303972	4.71719427295	2.21480582524272	6.15898058252427	7.12985436893204	65.1395631067961	4.67233009708738	14.6844660194175	2.13287831929188	7.64636877466141	14.5142369627813	51.6049909352671	8.89410259144716	15.2074224165511	0.0357142857142857	6.64285714285714	7.96428571428571	72.6071428571429	2.03571428571429	10.7142857142857	0	2.56062660039163	6.52206657629161	11.6433197770749	52.6735954209971	8.20906763066727	18.3913239945775	2.26301630004748	8.18167431555626	13.7996518436461	48.0455768317772	11.8056654533945	15.9044152555784	0.33500837520938	6.28140703517588	38.358458961474	27.6381909547739	9.46398659966499	17.9229480737018	0	0	100	0	0	0	3.22295805739514	7.85871964679912	1.41280353200883	66.4900662251656	6.57836644591611	14.4370860927152	0	0	0	1.44927536231884	0	98.5507246376812	2.10748155953635	7.15585784078935	14.5320432991666	51.2884375898075	9.55072324935339	15.3654564613469	1.39664804469274	5.44692737430168	14.2458100558659	47.0670391061453	12.5	19.3435754189944	0	0.418975605236	0	0.632651782145	0	1.95198789527	0	51.6575	0	89.8688488494	0	0.44816649302	0	1.77930628098	0.0117868929750118	11.2564827911363	0	0	2.5	18.3623188406	79.1666666667	0	0	0	0	0	8e-04	0	0	0	0	0.014	0	0	0	0	0	0	0	0	0	0	0	0	-2	-2	0	0	0	0	0	0	0	0	0	0	0	0	0	0	0	0	0	0	0	0	0	0	0	0	0	100	0	0	0	0	0	1.44927536231884	0	98.5507246376812
"SORT_070A_Unswitched"	0.0295316993823	0.0311156382731	0.0946300617586	0.096584980388	1.03140503457	1.03322917394	0.5744	3.073	0	0	0.5504	0.791895771788	4.39879165388	0	0	0.728970747318	6.0910315473	6.09018457069	6.1709381005	6.16882740393	0.834677036896519	18.4956843403206	80.6696386227829	0.192678227360308	0	27.0116524451785	0.0091751536838242	0	0.0734012294705936	0.532158913661804	72.180934030645	15.8703919286	18.8547811994	16.1361043195	9.0898997687	9.19581511555	8.71296296296	8.61926382358	8.97172938195	11.9075144509	4.17887432537	4.23173016864	3.86904761905	4.31328036322	5.71261454475	9.63391136802	5.6977105161	7.32638888889	2.14216163583	7.42727272727	0.369459855374	0.400585643551	0.459687706449	0.396378602272	3.99185098952	6.56327160494	2.70074651087	6.65950413223	6.48001552192	10.1458333333	3.42680947744	10.2966942149	10.47186651144	10.47747747747	16.70910493824	-2	6.12755598831	14.83333333333	16.95619834713	84.0347142623	90.9054910243	97.9453005692	56.7091948966	91.8536106108	71.7113946326	97.2081218274	0	0	0.835899692036956	0	0	1.01187857457105	0	0	0.791904971403432	0.995024875621891	0	47.0460782898	0.00164264668652	0.2828	0	0.461	0	0.3958	0	4.91327877508	5.00881577121	4.56357237132	2.02004626060139	0	27.0470316114109	60.7247494217425	8.4656900539707	1.74248265227448	2.10805746408495	0	28.2011242973142	59.9781386633354	8.15115552779513	1.56152404747033	2.09986772486772	0	25.6779100529101	62.5661375661376	8.87896825396825	0.777116402116402	0	2.4500565397663	0.0565397663022993	27.4217866566152	61.1948737278553	8.46211835657746	0.414624952883528	6.74418604651163	0.697674418604651	39.0697674418605	38.6046511627907	5.58139534883721	9.30232558139535	0	2	3	0	1	2	0	0.129366106080207	99.8706338939198	0	0	0	2.12420950218907	0	26.025620236744	62.7695800227015	7.39419490838333	1.68639532998216	0	0	0.10634526763559	99.7873094647288	0	0.10634526763559	2.8855527393254	0.0389939559368298	10.7428348605966	75.7847533632287	9.86547085201794	0.682394228894521	4.81695568400771	0.963391136801541	22.9287090558767	50.6743737957611	10.019267822736	10.597302504817	0	0	0	0	0	0	0	0	0	0	0	0	0	0	0.0091751536838242	0.532158913661804	0	20.3333333333	5.52943078913	5.41687344913	7.05045278137	7.72775611485	0.0076	0	3e-04	0	0	0	0.0305	0	0	0.0025	0.0396	0	0	0	0	9	0	0.384112213951	0	3.58333333333	0	11.25	-2	14.83333333333	0	0	0	0	95.2380952381	0	0	0	0	0	0	0	4.54545454545455	0	0	0	0	0	0	0	4.91666666667	3.95454545455	0	0	0.129366106080207	99.8706338939198	0	0	0	0	0.10634526763559	99.7873094647288	0	0.10634526763559
"SORT_008H_Unswitched"	0.550961620514	0.342346981508325	0.849099543153	0.60970197617039	2.31055310174	1.4698102718983	19.3142	0	34.265	46.865	0	33.946462151	0	57.2125052214	82.8882135632	0	2.0453967292	2.6729668088446	4.0196014341	4.2653319984034	78.0952380952381	7.61904761904762	14.2857142857143	60	0	5.71428571428571	0.952380952380952	0	16.1904761904762	0.952380952380952	16.1904761904762	20.3441636582	17.3695881732	16.8689596362	11.9590240851	9.49626239512	13.9409620991	12.5837362637	8.04729127865	7.3032967033	15.7647794808	21.0068649886	12.0262390671	14.7252747253	25.8077577132	29.1895604396	9.52696078431	4.28565958262	8.0152173913	4.00319653537	0.306210175212	0.351638277377	0.303946436408	0.33887610566	5.0943627451	3.17748420448	3.67717391304	2.95122705713	13.0379901961	5.66465632778	9.77826086957	5.27644875232	18.1323529412	8.03032104637	8.84214053226	-2	13.45543478261	12.51515151515	8.22767580945	8.22749298648	62.1733149931	50.9348807221	2.48394608708	10.2320836521	3.5777291652	15.8786023973	0.137551581843191	0.257898130238556	2.9395178344847	0.275103163686382	0.386847195357834	3.05935429296489	0.137551581843191	0.257898130238556	2.30508952488369	2.4986387561256	0.193735873425896	2.58764004337	0.000157951345238	0.0484	0	0.0714	0	0.0368	0	3.69532324622	4.61379754997	4.59911180037	1.15733500156397	0.625586487331874	3.37816703159212	58.1169846731311	13.5752267751017	23.1467000312793	1.93745232646834	3.03585049580473	6.68192219679634	54.7520976353928	12.0823798627002	21.5102974828375	0.583090379008746	0.65597667638484	2.91545189504373	47.0116618075802	13.1195335276968	35.7142857142857	0	2.20827522082752	2.39423523942352	3.53324035332404	50.883310088331	13.4123663412366	27.5685727568573	2.37410071942446	3.45323741007194	7.53340184994861	52.7338129496403	10.3083247687564	23.5971223021583	2.97356828193833	6.93832599118943	15.9691629955947	38.5462555066079	16.1894273127753	19.3832599118943	0	0	0	0	0	0	1.27472527472527	0.483516483516484	2.94505494505495	61.0989010989011	14.3736263736264	19.8241758241758	0	0	0.261096605744125	15.9268929503916	9.92167101827676	73.8903394255875	2.17021621183902	3.10956352741113	7.14227872702243	53.6642643128998	11.4665155073285	22.4471617134991	2.30769230769231	3.02197802197802	7.52747252747253	51.510989010989	10.8791208791209	24.7527472527473	0.236428968254	0.400979067738	0.250533176692	0.65698551042	1.53543055556	1.8991759972	34.265	46.865	57.2125052214	82.8882135632	0.832947710162	0.687074672984	1.7502008897	1.88185164748	0.952380952380952	0.952380952380952	0	17.6231884058	0	20.4569190601	0	12.5326370757	0	0	0.003	0	0	0.0016	0	0	0	0	0	0	0	0	0	5.90909090909	0	0.367573620471	0	4.87878787879	0	7.63636363636	-2	12.51515151515	0	0	0	87.5	57.8947368421	0	0	76.3157894737	0	0	0	0	0	0	0	0	0	0	0	0	0	4.97826086957	0	0	0	0	0	0	0	0	0.261096605744125	15.9268929503916	9.92167101827676	73.8903394255875
"SORT_012M_Unswitched"	0.0860905608819	0.0675842279867	0.219093452821	0.181025601901	1.09820762712	1.07727701429	1.7582	5.104	0	9.0525	0.7778	2.76691746644	9.37291987956	0	13.2223684211	1.07529059287	5.83717659546	5.94890480476	6.05228335542	6.1078489547	0.183209397564393	7.32837590257571	92.4884146998599	0.0313840359870279	0	19.4267182759703	0	0	0.0418453813160372	0.104613453290093	80.3954388534365	18.701381509	19.9003250271	16.2732070365	15.3705272382	14.735880597	15.5150287065	15.9176	13.3694895592	10.7582205029	4.62976486052	6.22089552239	4.52549814252	2.52	10.779195669	23.6943907157	10.6033640803	6.74472674976	7.87746170678	6.52870133561	0.296865454453	0.342126301682	0.296934903704	0.339401940615	6.29679869778	4.80716682646	4.30087527352	4.70190394999	14.621269669	8.80129434324	9.32713347921	8.51690821256	20.91806836678	12.3595505618	13.6084611697	-2	13.62800875273	-2	13.21881216255	26.455	60.7401224263	64.1857506361	29.930299303	38.675	36.3427634276	54.335	0.66759388038943	0.636132315521629	3.79632666448016	0.695410292072323	0.190839694656489	2.63201049524434	0.445062586926287	0.127226463104326	1.99245654312889	1.90091001011122	0.348364621637314	12.9999128692	0.000289274200575	0.6132	0	0.2526	0	0.5768	0	4.15326842837	4.62531806616	4.70203345359	0.817876442237476	0.102234555279685	3.79728348181685	57.0176719731269	19.7312691689791	18.53366437856	1.18208955223881	0.656716417910448	5.14626865671642	58.4955223880597	17.1582089552239	17.3611940298507	0.793650793650794	0.0844309354947653	1.09760216143195	60.2668017561635	21.4454576156704	16.3120567375887	0	0.740529763600114	0.541156365707776	4.34349188265451	57.2344061520934	18.3993164340644	18.7410994018798	1.78117048346056	2.31320842007865	8.30441822808235	57.529493407356	9.99306037473976	20.0786490862827	0	3.25732899022801	14.6579804560261	44.299674267101	13.3550488599349	24.4299674267101	0	0	0	0	0	0	0.18	0.04	4.36	53.66	19.74	22.02	0	0	1	0	1	1	1.15042536736272	0.995746326372776	4.27300850734725	58.5170146945089	15.9029389017788	19.1608662026295	1.09606705351386	1.99871050934881	7.51128304319794	52.4822695035461	12.4758220502901	24.4358478401032	0	0.0527447804868	0	0.140744557749	0	1.06599140007	0	9.0525	0	13.2223684211	0	2.68416949492	0	2.91111468872	0	0.104613453290093	0	0	0	0	0	0	0	0	0	0	0	0	0	0	0	0	0	0	0	0	0	0	0	0	0	0	0	0	-2	-2	0	0	0	0	0	0	0	0	0	0	0	0	0	0	0	0	0	0	0	0	0	0	0	0	0	0	0	0	0	0	1	0	1	1
"SORT_098F_Unswitched"	0.0863351923105	0.0892524092585	0.311350156901	0.27996083001	1.09987997257	1.10506547675	1.3885	4.478	0	16.985	1.0397	3.07314353151	7.64751223459	0	43.0725146199	1.85213593134	5.58913478482	5.69827410401	6.06302866127	6.06459422115	91.4878397711016	7.20672389127325	1.30543633762518	19.4351279788173	0	0.0176522506619594	0.547219770520741	0	70.3795233892321	1.23565754633716	8.38481906443072	16.8292682927	15.5979112272	16.9936115264	11.8240324032	10.6071182549	10.2599231754	11.0162991371	8.9213243147	8.58150028201	21.8721872187	20.7347876005	27.2087067862	32.9817833174	24.1011035956	25.8883248731	7.60416666667	5.13258869908	8.72192513369	4.77764825878	0.337119147254	0.320238300943	0.348078708062	0.316570991356	4.98333333333	3.46898817346	6.74331550802	3.21550342416	9.95	6.82601839685	11.885026738	6.3237651173	14.93333333333	9.99184581171	10.29500657031	-2	18.62834224602	12.41176470588	9.53926854146	10.7966688776	34.4335414808	41.9568822554	9.68715420984	12.8086078561	11.1256412836	20.3331122411	0.0892060660124888	0	0.965503369204465	0.0892060660124888	0	0.794528814241175	0.0892060660124888	0	0.643668912802977	0.634625148079201	0.0570125427594071	1.61256977465	0.000213677624005	0.174	0	0.011	0	0.108	0	4.52809991079	4.45936981758	4.7415267022	2.61026102610261	2.61026102610261	5.31053105310531	49.5049504950495	7.06570657065707	32.8982898289829	3.60505166475316	3.81171067738232	7.80711825487945	50.9299655568312	7.50861079219288	26.337543053961	1.72855313700384	2.11267605633803	5.7618437900128	47.9513444302177	6.20998719590269	36.235595390525	0	3.46294046172539	2.64277035236938	5.01215066828676	50.8809234507898	8.3232077764277	29.678007290401	3.00905638328951	3.43266140812153	9.15863277826468	52.9798422436459	9.05638328951212	22.3634238971662	0.99009900990099	3.3003300330033	20.7920792079208	44.0594059405941	12.046204620462	18.8118811881188	0	0	0	0	0	0	2.97219558964525	2.39693192713327	1.62991371045062	33.7488015340364	5.56088207094918	53.6912751677852	0	0	42.8571428571429	50	7.14285714285714	0	2.99038803844785	2.74118903524386	8.72196511213955	51.2044618488193	9.08983030734544	25.252165658004	2.12445948486558	2.76367738296672	9.98307952622674	52.1902613273172	9.83267531490882	23.105846963715	0	0.127933719983	0	0.415320857197	0	1.17305841475	0	16.985	0	43.0725146199	0	1.80362318527	0	2.74387384658	0.547219770520741	1.23565754633716	0	16.0588235294	0	10.75	0	7.14285714286	0	0	0	0	0	0	0	0	0	0	0	0	0	0	0	7.94117647059	0	0.309256266609	0	3.94117647059	0	8.47058823529	-2	12.41176470588	0	0	0	0	83.3333333333	0	0	0	0	0	0	0	0	0	0	0	0	0	0	0	0	4.93333333333	0	0	0	0	0	0	0	0	42.8571428571429	50	7.14285714285714	0
"SORT_100H_Unswitched"	0.0514852806411	0.0261168500393	0.147612853882	0.0874899070645	1.05547406643	1.02745100358	1.5797	2.727	0	11.665	0.7705	3.12171789255	4.06811347523	0	21.8089068826	1.64497001042	5.93954742117	6.08877010544	6.11646938662	6.17401091856	61.9416473018332	33.5011618900077	4.55719080815905	29.5793499043977	0	1.52326322498407	0.00637348629700446	0	29.8151688973869	2.81070745697897	36.2651370299554	16.5847050754	21.0171149144	17.7267483778	13.9010755378	13.0770750988	13.8043606364	13.6930232558	10.7581986692	9.20604395604	15.7578789395	19.3305335968	15.2032999411	15.5888972243	31.3688212928	40.873015873	8.57434813249	5.78108847674	7.28123295145	4.02493551161	0.307578693948	0.29896710038	0.347014121237	0.271443121622	5.60429880197	3.66190331408	5.51145662848	2.54858125537	11.3481324877	7.64487686227	9.51336606656	5.2550874176	16.95243128967	14.95741758237	11.30678017635	-2	15.02482269504	14.9	7.80366867297	38.8417156543	48.1469115192	81.1352080523	20.3864417881	51.2649684302	23.1046340265	68.1036359678	0.0500834724540902	0.0412754101743886	1.80091683038638	0.0834724540901502	0.0412754101743886	2.43942370661428	0.0500834724540902	0.0309565576307915	1.68631303208906	1.66666666666667	0.0380783143999492	5.78614139993	0.000249349811872	0.2884	0	0.217	0	0.2346	0	4.53171953255	4.42025526616	4.7002292076	0.462731365682841	2.17608804402201	13.0565282641321	40.7453726863432	7.70385192596298	35.8554277138569	0.629940711462451	2.54446640316206	13.4263833992095	40.822628458498	7.84337944664032	34.7332015810277	0.279905715969358	2.38656452563347	12.7725397760754	42.0447849145551	6.61461402474956	35.9015910430171	0	0.644468313641246	0.608664518438955	13.3727175080559	33.7092731829574	7.14285714285714	44.5220193340494	2.39303843364757	3.04568527918782	7.32414793328499	47.0268310369833	11.2037708484409	29.0065264684554	1.29449838187702	4.0453074433657	15.210355987055	31.7152103559871	18.7702265372168	28.9644012944984	0	32.6146788990826	0.0458715596330275	0	67.3394495412844	0	0.345086271567892	0.105026256564141	14.013503375844	37.9294823705926	7.21680420105026	40.3900975243811	0	0.153374233128834	21.8098159509202	28.4049079754601	0.214723926380368	49.4171779141104	0.938688212927757	1.31891634980989	4.61026615969582	46.3165399239544	9.18488593155894	37.6307034220532	1.83150183150183	2.35042735042735	7.72283272283272	44.1391941391941	12.3931623931624	31.5628815628816	0	0.0927752440248	0	0.281549853542	0	1.12409647869	0	11.665	0	21.8089068826	0	2.25686151601	0	2.83611759666	0.00637348629700446	2.81070745697897	0	17.56	11.9995412844	13.0981595092	0.642201834862	7.45398773006	0	0	0.0145	0	0	0	0.0142	0	0	0	0.0547	0	0	0	0	8.08	0	0.308670191876	0	4.56	0	10.34	-2	14.9	0	0	0	0	60.5263157895	0	0	84.2105263158	0	0	0	0	0	0	1.31578947368421	0	0	0	0	0	0	4.60526315789	0	0	32.6146788990826	0.0458715596330275	0	67.3394495412844	0	0.153374233128834	21.8098159509202	28.4049079754601	0.214723926380368	49.4171779141104
"SORT_014P_Unswitched"	0.537984503428	0.495181776078	0.896843938387	0.851819665395	2.23238875558	2.01490369028	30.4002	32.229	0	0	23.0425	54.0897051157	56.4766469448	0	0	40.985667401	1.72305849506	2.01196915575	3.97964506826	4.02858275461	33.1110239309533	26.4613573950569	40.4276186739898	11.3614481032159	0	14.0766416329675	0	0	16.0697092239553	5.46890044290391	53.0233005969574	15.15995116	18.676369863	16.9000499251	11.7161179173	10.5892274823	11.941322314	12.3849697668	9.67499385699	8.85078001357	13.2274119449	15.7989429889	13.8016528926	10.7687877915	19.0351380129	23.9204160072	8.1246882793	5.17543518428	8.61383537653	4.88338624339	0.340308701273	0.341522595779	0.289162258341	0.3333402993	5.53740648379	3.67528931246	4.40280210158	3.48264550265	10.0211970075	6.84148594768	11.1366024518	6.45523809524	15.55860349129	9.56102236422	10.51677526014	-2	15.53940455338	9.81632653061	9.93788359789	5.1958946018	37.4613003096	35.9067357513	3.88546672984	8.141715188	5.61835781493	19.4562321129	1.23839009287926	1.39896373056995	4.44023284147827	7.6625386996904	0.621761658031088	4.1897928793827	0.773993808049536	0.362694300518135	2.97820495465006	3.09138196004256	1.10579796772265	1.48693301292	0.000222533544202	0.0762	0	0.0568	0	0.1424	0	3.84674922601	4.14196891192	4.58250981454	2.75650842266462	1.11026033690659	4.34532924961715	56.7381316998469	18.8935681470138	16.156202143951	2.27144945462724	2.50759023951422	8.09625548183965	55.5268188462836	14.3146294838637	17.2832564938716	4.79338842975207	1.03305785123967	2.76859504132231	60.702479338843	18.3471074380165	12.3553719008264	0	3.13628587720966	1.25451435088386	4.86599505797377	52.8226572894887	14.8260786922638	23.0944687321802	2.33259074826366	3.78718385532696	10.7456427729	54.1606604638973	9.92006290132355	19.0538592582886	2.38611713665944	7.15835140997831	15.6182212581345	45.9869848156182	10.412147505423	18.4381778741866	0	0	1	0	0	0	2.1019291678664	0.345522602936942	4.63576158940397	53.2104808522891	23.3227756982436	16.38353008926	1.27462340672074	2.43337195828505	0.347624565469293	64.3105446118192	23.6384704519119	7.99536500579374	2.48996641821607	2.85035629453682	8.53468752559587	55.8030960766648	12.2942091899418	18.0276844950446	2.96179063983721	3.54962695003391	9.02102645263396	53.6061496721682	11.7341171150803	19.1272891702464	0	0	0	0	0	0	0	0	0	0	0	0	0	0	0	5.46890044290391	0	18.6952380952	0	13.023174971	0	10.7763615295	0	0	8e-04	0	0	0.004	0	0	0	0.0174	0.0398	0	0	0	0	5.21428571429	0	0.266105432987	0	2.98979591837	0	6.82653061224	-2	9.81632653061	0	18.3333333333	0	58.4905660377	43.661971831	0	67.9245283019	50.7042253521	0	0	0	0	16.1290322580645	0	20.1612903225806	0	16.1290322580645	0	0	0	0	4.51612903226	0	0	0	1	0	0	1.27462340672074	2.43337195828505	0.347624565469293	64.3105446118192	23.6384704519119	7.99536500579374
"SORT_069Z_Unswitched"	0.0247105145709	0.0251087181326	0.0690396907739	0.0678428960042	1.02604731046	1.02649088195	0.5232	2.935	0	0	0.5203	0.722322072858	4.11352127369	0	0	0.670421222069	6.12592760528	6.1312704692	6.17853518699	6.17799913053	13.2237927818038	57.9321231254933	28.8440840927029	5.80753372003634	0	13.3552309735132	0	0	6.6182123139283	0.482213991194353	73.7368090013278	18.4101102941	18.3123069001	17.4548292161	10.6256742872	10.1850438995	11.1160255412	11.426464727	9.22660908904	7.17039800995	23.6578474184	25.9279442931	21.4997663915	19.7130330809	30.5469874563	42.0605306799	6.50838311813	4.82307025152	5.98538170005	4.10274815422	0.33743756754	0.327570633179	0.366277554684	0.297170668093	4.63384081711	3.46292281006	5.10611802924	2.8775635767	8.74176141839	6.41099306158	8.41580942068	5.43457752256	13.3756022355	9.83906119028	9.87391587164	-2	13.52192744992	9.95652173913	8.31214109926	25.1039325843	56.8669319616	63.6632408841	6.2461726883	35.3511235955	8.43233312921	45.5393258427	0.71809801067443	1.40745953553835	7.12581809284972	0.873362445414847	1.75932441942294	7.85980793932351	0.601649684619117	1.01337086558761	6.49581014129305	6.48821326283322	0.767204855147143	4.18013965041	0.000153759459145	0.2564	0	0.276	0	0.0684	0	4.97282872392	4.81996058559	4.48308765062	1.62471101977909	1.75314667351657	4.276907269458	65.2067814025173	8.4574877986129	18.6809658361161	1.65909778988798	2.30093854072056	6.03088101725704	62.0526793823797	8.48925219497427	19.4671510747805	1.47173337486373	1.69755489799097	4.18159165239059	68.6108082853138	6.2373462077558	17.8009655816851	0	1.6065388951522	0.836151822623074	4.19015407741451	66.4787673806839	6.88650883126644	20.0018789928598	2.23486387647298	4.06338886631451	10.2600568874441	41.7106867127184	10.7476635514019	30.9833401056481	0.236686390532544	6.50887573964497	23.3136094674556	34.2011834319527	16.5680473372781	19.1715976331361	0	0	14	0	0	0	1.58628935831008	1.49063371861299	3.17257871662017	68.5372658429653	8.1227580709446	17.0904742925468	0.0636132315521628	0	0.190839694656489	76.2086513994911	0.699745547073791	22.8371501272265	1.73246966892864	2.10775241620399	6.51860991157722	60.0863664404688	8.8371375694016	20.7176639934197	1.88640132669983	3.06799336650083	7.71144278606965	46.6003316749585	12.106135986733	28.6276948590381	0	0	0	0	0	0	0	0	0	0	0	0	0	0	0	0.482213991194353	0	19.9795918367	17	13.7538167939	14.2857142857	5.40712468193	0	0	4e-04	0	0	4e-04	0.0013	0	0	0	0.0118	0	0	0	0	4.76086956522	0	0.270678664772	0	3.52173913043	0	6.4347826087	-2	9.95652173913	0	0	0	0	61.1111111111	0	0	72.2222222222	0	0	0	0	0	0	0	0	0	0	0	0	0	5.375	0	0	0	14	0	0	0.0636132315521628	0	0.190839694656489	76.2086513994911	0.699745547073791	22.8371501272265
"SORT_084Q_Unswitched"	0.279008748686	0.392040259627	0.535106758164	0.685710647597	1.44485972526	1.72244030017	2.7604	0	21.435	25.905	7.7051	4.27700264775	0	26.70501443	38.9609316195	12.7220916109	4.91948830578	4.03210634264	5.58206000983	5.09416012537	77.6101016322759	9.54727440714506	12.842623960579	3.7811251152782	0	2.7666769136182	0	0	73.6550876114356	0.122963418383031	19.674146941285	15.7307692308	22.0909090909	16.0043478261	14.3620689655	10.6183486239	11.2203389831	11.2077922078	9.29591836735	8.19018404908	8.18965517241	24.0366972477	6.77966101695	19.4805194805	29.2517006803	30.6748466258	7	7.62841530055	5.31147540984	4.75402298851	0.402193953285	0.17617538014	0.437315496796	0.199893094912	4.88461538462	1.99635701275	6.32786885246	2.13563218391	7.76923076923	8.6029143898	7.2131147541	5.55862068966	12.65384615385	15.55555555556	10.59927140255	-2	13.54098360656	-2	7.69425287357	58.1688366233	83.9285714286	91.0714285714	50.5027068832	72.406551869	64.9651972158	94.3301133977	0	0	2.70688321732405	0	0	2.93890177880897	0	0	2.70688321732405	1.58227848101266	0	11.581920904	0.00418772921003	0.1532	0	0	0	0.1226	0	4.67857142857	4.08035714286	3.14230471771	0.862068965517241	0	1.29310344827586	88.3620689655172	1.72413793103448	7.75862068965517	2.01834862385321	0	1.65137614678899	85.5045871559633	3.11926605504587	7.70642201834862	3.38983050847458	0	1.69491525423729	74.5762711864407	5.08474576271186	15.2542372881356	0	4.68085106382979	0.425531914893617	0	85.9574468085106	8.51063829787234	0.425531914893617	3.15315315315315	0.675675675675676	3.82882882882883	79.7297297297297	6.30630630630631	6.30630630630631	0	9.375	3.125	21.875	3.125	62.5	0	0	0	0	0	0	0	0	2.5974025974026	84.4155844155844	1.2987012987013	11.6883116883117	0	0	0	100	0	0	2.72108843537415	0.850340136054422	3.06122448979592	79.421768707483	4.42176870748299	9.52380952380952	3.06748466257669	3.68098159509202	7.36196319018405	61.3496932515337	9.8159509202454	14.7239263803681	0.125123015873	0.267771682007	0.199347537548	0.481653546078	1.20406150794	1.49403503188	21.435	25.905	26.70501443	38.9609316195	1.86670333531	1.76552038399	2.06904775107	2.38835849375	0	0.122963418383031	0	0	0	18.8229166667	0	0	0	0	0	0	0	0	0	0	0	0	0	0	0	0	0	0	0	0	0	0	0	0	-2	-2	0	0	0	0	0	0	0	0	0	0	0	0	0	0	0	0	0	0	0	0	0	0	0	0	0	0	0	0	0	0	0	100	0	0
"SORT_004D_Unswitched"	0.144820439115	0.169593627277	0.347080937357	0.389253129532	1.18112669208	1.22349562605	2.5712	12.134	0	9.96	2.2455	4.37546366037	17.1791988965	0	14.3009055912	3.4726652009	5.52320909557	5.41671410109	5.91968012454	5.87344041949	0.0930752047654505	3.83469843633656	96.072226358898	0.0546348570387908	0	19.3407393917319	0	0	0.0364232380258605	0	80.5682025132034	16.7777777778	15.320683112	16.1479414456	11.3037819253	10.1911595131	11.5238244514	12.7742331288	9.20619441411	8.52028678507	10.8546168959	13.068545804	11.0344827586	7.66871165644	17.0463410829	21.2644614633	7.92857142857	4.89061927446	7.64891518738	4.65380139643	0.304808136255	0.341649012634	0.364421966421	0.335449692616	4.10434173669	3.48351044339	5.43984220907	3.32205197828	9.61974789916	6.45758519604	9.2090729783	6.14284328937	13.72408963585	9.95052083333	9.94109563943	-2	14.64891518737	10.32098765432	9.46489526765	5.55408901325	40.5034324943	53.7869062901	1.94342623971	8.32585396758	3.21599004081	15.5430019534	2.37986270022883	1.41025641025641	2.9655744504355	2.10526315789474	1.66666666666667	3.17295727913729	1.78489702517162	1.28205128205128	2.46785566155122	2.60485651214128	1.58371040723982	2.58212595037	0.000176205381259	0.083	0	0.0804	0	0.0428	0	4.39633867277	4.25897435897	4.5433430112	1.2524557956778	2.28388998035363	11.3703339882122	60.2406679764244	7.5147347740668	17.3379174852652	1.51185137732223	3.97181294042281	14.6316463805253	55.3875720691864	9.14798206278027	15.349135169763	1.37931034482759	2.38244514106583	11.0031347962382	60.9090909090909	6.64576802507837	17.6802507836991	0	2.11864406779661	2.28813559322034	7.79661016949153	56.638418079096	8.89830508474576	22.2598870056497	2.11470682473566	3.71675744953541	13.0300117483712	53.7968599807754	10.9153049236356	16.4263590729467	2.56410256410256	5.71992110453649	28.0078895463511	38.8560157790927	13.2149901380671	11.6370808678501	0	0	0	0	0	0	0.429447852760736	0.98159509202454	12.0245398773006	61.4723926380368	6.56441717791411	18.5276073619632	0	0.277008310249307	8.31024930747922	67.8670360110803	14.6814404432133	8.86426592797784	1.85676392572944	3.31564986737401	12.9037291309097	55.9291621157747	10.0483694804182	15.946325479794	2.34642333387649	2.60713703764054	11.1292162294281	54.8150562163924	11.0966270164576	18.005540166205	0	0.0643891300366	0	0.166266357732	0	1.08202751742	0	9.96	0	14.3009055912	0	2.67765012088	0	2.88916647715	0	0	0	17.3827160494	0	13.1052631579	0	3.60110803324	0	0	0	0	0	0.0113	0	0	0	0	0.0246	0	0.0139	0	0	6.77777777778	0	0.222562156891	0	2.41975308642	0	7.9012345679	-2	10.32098765432	0	0	0	0	68.5039370079	0	0	72.4409448819	0	0	0	0	0.775193798449612	0	0	0	0	0	0	0	0	4.95348837209	0	0	0	0	0	0	0	0.277008310249307	8.31024930747922	67.8670360110803	14.6814404432133	8.86426592797784
"SORT_066W_Unswitched"	0.181013757014	0.0615897784249	0.428078726651	0.190400073032	1.22807741291	1.06960524144	6.6687	4.411	0	14.135	0.7521	13.1657382331	7.04808096876	0	22.0376466104	1.12134578234	4.99909088015	5.91956989082	5.70714749523	6.11815684555	79.4255518622688	19.040313645274	1.53413449245717	52.5153787814949	0	0.0252801887587427	0.117974214207466	0.00842672958624758	25.2633352995702	1.74433302435325	20.3252717620292	13.7870967742	17.5455475947	15.9567768595	11.8025	11.1919283248	14.586440678	11.8404356061	10.3633210646	10.4858595488	10.0576923077	12.7075456189	4.23728813559	10.0852272727	13.4697055493	14.7759771211	7.78947368421	5.77968865827	8.34946871311	4.89470558289	0.302202803329	0.355514671189	0.298821824789	0.355334058304	4.01315789474	4.15441067457	3.80873671783	3.7454607161	10.0592105263	7.62357301705	10.3612750885	6.51926013915	14.07236842104	17.65179392822	11.77798369162	-2	14.17001180633	11.70198675497	10.26472085525	20.4823930064	69.8689956332	87.5961045618	6.50505478219	23.7299441772	9.18329540041	35.624758628	0.436681222707424	0.085426277122843	2.3110688032154	0.436681222707424	0.0512557662737058	2.43270400338463	0.436681222707424	0.0512557662737058	1.54423819345285	1.45913082639045	0.0953288846520496	2.35747404166	0.00024387938299	0.1786	0	0.288	0	0.0538	0	4.7903930131	1.0481804203	4.61684911947	0.711538461538462	1.90384615384615	12.7307692307692	50.8076923076923	8.34615384615385	25.5	1.14252835771823	5.41673516357061	13.1103074141049	49.482163406214	9.93753082360677	20.9107348347855	0.0847457627118644	0	22.5423728813559	49.1525423728814	3.5593220338983	24.6610169491525	0	0.515611572615296	5.58579203666571	11.2002291606989	48.2096820395302	9.38126611286164	25.1074190776282	1.54748659856377	7.45423283099019	13.2092646910084	48.4069990897138	10.3368059067462	19.0452108829776	0	4.86725663716814	23.0088495575221	31.858407079646	26.5486725663717	13.716814159292	0	0	0	0	0	0	0.331439393939394	2.34375	13.6837121212121	55.1609848484849	4.42708333333333	24.0530303030303	1.14702815432742	0	15.0677789363921	53.9624608967675	13.1386861313869	16.6840458811262	1.309456398641	5.07502831257078	12.5	50.2123442808607	10.0863533408834	20.8168176670442	1.62059103908484	5.97394343819511	13.504925325707	47.0289164283445	9.75532252939307	22.1163012392755	0	0.115755403044	0	0.274949172147	0	1.15965597436	0	14.135	0	22.0376466104	0	2.43185812334	0	2.78195576126	0.117974214207466	1.74433302435325	0	16.835443038	0	11.5667361835	0	8.65484880083	0	0	1e-04	0	0	0.0039	0	0	0	0	0.129	0	0	0	0	6.1059602649	0	0.350042096038	0	4	0	7.70198675497	-2	11.70198675497	0	12.8	0	0	60.3773584906	0	0	65.5660377358	0	0	84.4339622642	0	1.88679245283019	0	1.41509433962264	0	0.943396226415094	0	0	0	0	4.6320754717	0	0	0	0	0	0	1.14702815432742	0	15.0677789363921	53.9624608967675	13.1386861313869	16.6840458811262
"SORT_035M_Unswitched"	0.0798443971031	0.0804895698572	0.292840319985	0.290729125925	1.09164962934	1.09276984536	1.3058	6.796	0	0	1.2842	3.15889599678	13.9647552948	0	0	3.15967794351	5.63431955173	5.64566321146	6.07701728959	6.07725243668	68.4317867288222	30.2207007065336	1.34751256464418	30.2908726178536	0.00716435019343746	1.59048574294311	0	0.00716435019343746	32.8270525863304	5.5667001003009	29.7105602521851	16.6560846561	16.0480769231	17.1359042292	8.04798628963	7.55220986016	8.07150084317	8.77406143345	7.36455115191	6.69482576558	31.6195372751	34.7657446157	31.7706576728	24.0955631399	35.9961161621	41.6578669483	7.88953488372	4.64458110931	6.6	4.01597512598	0.268811857483	0.332798211589	0.295860649476	0.300201331375	3.61627906977	3.32002784869	3.85641025641	2.83456631286	10.363372093	6.0632397308	8.64615384615	5.23244344377	13.97965116277	7.28897715988	9.38326757949	-2	12.50256410256	-2	8.06700975663	5.52917062441	70.0980392157	81.2865497076	4.48010121923	9.84852272159	8.77616747182	31.1153327001	1.63398692810458	1.16959064327485	2.74886422450975	1.79738562091503	0.87719298245614	2.72011041462994	1.47058823529412	0.584795321637427	1.98401288170683	2.16797900262467	1.15303983228512	1.51398511676	0.000365330115488	0.2998	0	0.107	0	0.173	0	4.24346405229	3.73391812865	4.59641152453	6.74093116252499	0.828334761496715	2.94201656669523	55.327049414453	22.9648671808055	11.1968009140246	3.29692763090742	1.32693681739308	6.60406246810248	53.0468510768603	13.8307645197509	21.8944574869858	7.95952782462057	0.944350758853288	3.23777403035413	56.256323777403	24.3170320404722	7.2849915682968	0	4.43542089645479	1.73356239262846	3.98250819928159	51.0541933468687	16.4297985319382	22.3645166328284	1.48508167949237	1.44457945186985	8.01944106925881	51.7483461590387	9.4775212636695	27.8250303766707	3.06513409961686	3.7037037037037	9.83397190293742	47.2541507024266	8.93997445721584	27.2030651340996	0	0	0	0	0	0	3.54948805460751	0.068259385665529	0.546075085324232	53.9931740614335	29.7610921501706	12.0819112627986	0	0	0	0	0	0	3.23064701209286	1.38582399152617	6.69079353870598	52.9172919057287	12.6842616294466	23.0911819224998	2.48152059134108	1.84794086589229	6.70538542766631	49.7888067581837	11.6684266103485	27.5079197465681	0	0	0	0	0	0	0	0	0	0	0	0	0	0	0	5.5667001003009	0	0	0	0	0	0	0	0	0	0	0	0	0	0	0	0	0	0	0	0	0	0	0	0	0	0	0	0	-2	-2	0	0	0	0	0	0	0	0	0	0	0	0	0	0	0	0	0	0	0	0	0	0	0	0	0	0	0	0	0	0	0	0	0	0
"SORT_001A_Unswitched"	0.0271509892841	0.0234359462937	0.0811431957596	0.0703293342397	1.02863109345	1.0246424915	0.7085	2.645	0	0	0.515	1.21024574166	3.63492935636	0	0	0.678081881603	6.10214774662	6.12714237763	6.17308610538	6.18048101268	48.9434848230756	11.0263290290122	40.0301861479121	14.9545078577337	0	9.80976013234078	0	0	23.5153019023987	10.2977667493797	41.4226633581472	20.1691729323	14.7272727273	17.4770848986	6.78006430868	9.63430575482	6.91495601173	5.78421052632	8.60673148841	9.93806306306	36.077170418	39.6779850151	37.9765395894	22.6315789474	41.4061331339	39.9774774775	3.56809338521	6.72194656489	4.22727272727	3.74578337736	0.342878405609	0.281744104617	0.368408107044	0.247083425173	3.41245136187	3.84961832061	4.09090909091	2.19040845357	6.71595330739	8.96145038168	5.45454545455	4.77504572241	10.12840466926	21.97614442293	12.81106870229	-2	9.54545454546	-2	6.96545417598	14.5854434959	87.6288659794	92.5	11.2058937573	22.5075965852	19.9786739046	54.0081030242	0	0	2.52980517592323	0	0	2.8884365610158	0	0	2.47164873509741	2.25631768953069	0	5.6416701578	0.000686746654489	0.1188	0	0	0	0	0	5.00824742268	5.05	4.77958708927	2.31511254019293	0.0643086816720257	3.60128617363344	32.6688102893891	8.7459807073955	52.604501607717	0.828949465965248	1.00430416068867	4.25633668101387	45.2415112386418	18.970189701897	29.6987087517934	2.63929618768328	0.0733137829912024	4.03225806451613	26.466275659824	6.89149560117302	59.8973607038123	0	0.978043912175649	0.239520958083832	1.93612774451098	46.9261477045908	20.0399201596806	29.8802395209581	0.575594781273983	1.43898695318496	4.77743668457406	50.2494244052187	18.3998465080583	24.5587106676899	0	0.761421319796954	3.2994923857868	25.1269035532995	54.8223350253807	15.989847715736	0	0	0	0	0	0	0	0	0.526315789473684	77.3684210526316	22.1052631578947	0	0	0	0	0	96.2962962962963	3.7037037037037	0.957367240089753	1.01720269259536	4.3679880329095	45.2206432311144	18.698578908003	29.738219895288	1.57657657657658	1.8018018018018	5.74324324324324	43.6936936936937	13.6261261261261	33.5585585585586	0	0	0	0	0	0	0	0	0	0	0	0	0	0	0	10.2977667493797	0	0	0	6.11111111111	0	7.40740740741	0	0	0	0	0	0	0	0	0	0	0	0	0	0	0	0	0	0	0	0	0	0	-2	-2	0	0	0	0	0	0	0	0	0	0	0	0	0	0	0	0	0	0	0	0	0	0	0	0	0	0	0	0	0	0	0	0	96.2962962962963	3.7037037037037
"SORT_039R_Unswitched"	0.408312621507	0.462008633903	0.681283936334	0.775925686474	1.79202531086	1.95015708747	6.7967	0	0	0	8.5135	11.0143850176	0	0	0	13.4759718556	3.84311048686	3.26050399276	5.06813375184	4.75932571458	7.28535659478233	64.1870608189969	28.5275825862208	2.46546739479602	0	5.25216832637327	0	0	4.73819466752329	0.064246707356248	87.4799229039512	15.203280873185	15.1166666667	18.0619021591	5.41275167785	3.33225764812	8.8430432297538	5.38747884941	3.1724137931	3.3644338118	63.5906040268	73.9641151413	38.072057691485	63.9593908629	74.3203483582	73.9234449761	6.8646159414994	3.40004384042	10.5094339623	2.3152979066	0.33714513319601	0.236195448494	0.255160187175	0.195256997546	3.98625801668195	1.73542306006	5.90566037736	1.09468599034	8.983519812818	4.26413853573	15.641509434	2.86328502415	-2	3.92617007251	5.99956159579	-2	21.54716981136	-2	3.95797101449	7.15137778838	63.396264201694	76.4705882353	6.8873780668	14.0104974353	12.0824711794	37.3076464273	0.544461344063883	1.94174757281553	3.74907749077491	0.415368220163561	1.94174757281553	4.30258302583026	0.362155941649183	1.94174757281553	3.52767527675277	3.25598129159921	1.94174757281553	1.49983335185	0.000477479626447	0	0	0	0	0.2486	0	4.4	4.17475728155	4.56110701107	1.1744966442953	0	0.167785234899329	54.8657718120805	7.38255033557047	36.4093959731544	1.38117981153995	0.813218019878663	7.12533884084162	44.2235704143539	13.837614560475	32.6190783529108	0	0	1	1	0	3	0	1.36469743221404	0.574609445142755	4.25570120308853	40.707487879332	13.2160172382834	39.8814868019393	1.74068651374654	0.943549699040182	4.19716935090288	43.6147714332195	13.3235724743777	36.1802505287132	0.70859167404783	0.752878653675819	17.6262178919398	40.7883082373782	16.74047829938	23.3835252435784	0	0	0	0	0	0	1.1844331641286	0	0	55.160744500846	7.44500846023689	36.2098138747885	0	0	0	0	0	0	1.34164999411557	0.576674120277745	7.5203012828057	44.5686712957514	13.7813345886784	32.2113687183712	1.8341307814992	0.956937799043062	8.37320574162679	40.1116427432217	13.4768740031898	35.2472089314195	0	0	0	0	0	0	0	0	0	0	0	0	0	0	0	0.064246707356248	0	0	0	0	0	0	0	0	0	0	0	0	0	0	0	0	0	0	0	0	0	0	0	0	0	0	0	0	-2	-2	0	0	0	0	0	0	0	0	0	0	0	0	0	0	0	0	0	0	0	0	0	0	0	0	0	0	0	0	0	0	0	0	0	0
"SORT_042V_Unswitched"	0.291298904295	0.291394056666	0.604174285589	0.634549501517	1.42605059155	1.42419469921	10.0482	11.624	0	13.61	13.4694	22.9745860249	46.8481778603	0	32.5184696289	46.8877989724	4.03668873471	3.42412846753	5.2919611516	5.23144324089	1.94996598896531	7.48242763207618	90.5676063789585	1.18330308529946	0	21.3284936479129	0.00725952813067151	0	0.667876588021779	0.0217785843920145	76.7912885662432	21.5333333333	19.4736842105	16.4543097061	10.8965517241	10.6712068419	8.26	10.6981132075	10.4504302723	10.1967837495	18.2266009852	15.4260373773	32	30.1886792453	16.079217258	17.6047397376	6.92857142857	5.53512762194	4.33333333333	5.11483007209	0.25944526488	0.371876954344	0.309968749574	0.362676790932	3.64285714286	4.48003538034	2.93333333333	4.20468589083	8.14285714286	7.36618650493	4.73333333333	6.81578269825	11.78571428572	14.64846416382	11.84622188527	-2	7.66666666666	-2	11.02046858908	3.07373785635	78.9473684211	66.6666666667	2.27233750643	5.40691192865	4.54467501286	18.7450230928	0	0	1.0709389993146	0	0	0.633995887594243	0	0	0.47978067169294	0.471133115068274	0	0.97960124467	0.000370248812484	0.169384	6.24500451351651e-18	0.125994	0.001122	0.19339	0.017392	3.57894736842	3.47619047619	4.59372858122	0	3.44827586206897	1.97044334975369	12.3152709359606	9.35960591133005	72.9064039408867	2.04307887234717	1.93221412733608	8.28318023439975	54.5454545454545	9.18593601520431	24.0101362052582	0	0	0	2	30	68	0	1.29032258064516	0.817204301075269	2.02150537634409	51.3548387096774	8.60215053763441	35.9139784946237	2.08665766539831	1.92708972627961	8.08886706763226	54.8913710568307	9.30403829630539	23.7019761875537	3.6697247706422	6.11620795107034	17.4311926605505	45.8715596330275	8.25688073394495	18.6544342507645	0	0	1	0	0	0	0	13.2075471698113	7.54716981132075	26.4150943396226	7.54716981132075	45.2830188679245	0	0	0	9.09090909090909	0	90.9090909090909	2.13367912295179	2.05116114582105	8.46398679712366	53.7781445243428	9.32453141577272	24.248496993988	2.24291155311045	2.62378332628015	8.33685992382565	50.9098603470165	9.47947524333474	26.4071096064325	0	0.105742459351	0	0.361000567493	0	1.14203893784	0	13.61	0	32.5184696289	0	2.13682190434	0	2.8030950287	0.00725952813067151	0.0217785843920145	0	0	0	12.3636363636	0	5.05050505051	0	0	0	0	0	0	0	0	0	0	0	0	0	0	0	0	0	0	0	0	0	0	-2	-2	0	0	0	0	0	0	0	0	0	0	0	0	0	0	0	0	0	0	0	0	0	0	0	0	0	1	0	0	0	0	0	9.09090909090909	0	90.9090909090909
"SORT_091Y_Unswitched"	0.133390715405	0.184796107251	0.395365843189	0.490761921236	1.15987071658	1.23441646296	5.1501	5.406	12.395	8.9475	9.3586	17.1017887785	20.3219201932	55.2166666667	17.65	29.6168937029	5.06888919345	4.43891863206	5.8923624685	5.67247022844	76.1441316185842	23.7979376665508	0.0579307148650214	57.5097454712222	0.0114652602614079	0.0573263013070397	0.0802568218298555	0	18.7227700068792	0.0343957807842238	23.5840403577161	17.9269406393	18.2747068677	16.7352596993	10.6851510685	9.93926121808	9.13408190225	11.6981927711	9.88677529367	9.56818181818	12.0486366986	12.5526815966	12.6155878468	11.1445783133	12.7548313755	14.95215311	5.57894736842	5.05891397588	11.9173693086	4.8881343489	0.357395698721	0.338485330987	0.393265846394	0.333555749501	3.88329519451	3.49567047018	5.04721753794	3.38230705699	7.24027459954	6.60313992069	13.5716694772	6.36789942186	11.12356979405	10.08187134503	10.09881039087	-2	18.61888701514	-2	9.75020647885	5.77595562523	59.2123769339	89.7526501767	4.46819338422	10.2536275574	8.30025445293	28.6908637807	0.562587904360056	0.212014134275618	2.96221151407558	0.421940928270042	0.141342756183746	2.77960943444078	0.421940928270042	0.141342756183746	2.13035759573928	2.11097972233171	0.235183443085607	2.27256225949	0.000379318882913	0.235	0	0.0842	0	0.0922	0	4.83263009845	4.22473498233	4.58102967284	0.607958732498158	0.350036845983788	15.9911569638909	50.8843036109064	10.3537214443626	21.8128224023581	1.59490951161061	0.999917362201471	12.5278902570036	52.2188248905049	12.3874059995042	20.2710519791753	0.759577278731836	0.0330250990752972	21.334214002642	51.4531043593131	14.2668428005284	12.1532364597094	0	1.87243295482	0.712732544092776	8.2024643633728	52.0294757187727	13.3003140855279	23.8825803334139	2.16071862102452	1.48094197620782	9.99028890507405	52.1971352269968	13.7897547948531	20.3811604758437	0.934579439252336	1.86915887850467	13.0841121495327	63.5514018691589	10.2803738317757	10.2803738317757	0	0	0	0	0	0	0.301204819277108	0.542168674698795	14.3975903614458	52.3795180722892	6.17469879518072	26.2048192771084	0	0	0.50761421319797	99.492385786802	0	0	1.59909056460781	0.780598711633194	12.1182266009852	52.4441076165214	12.2925350511557	20.7654414550966	1.13636363636364	1.31578947368421	11.3038277511962	48.5047846889952	12.5598086124402	25.1794258373206	0.0212888888889	0.0486364017273	0.345158862434	0.220350013537	1.02661111111	1.06019899627	12.395	8.9475	55.2166666667	17.65	1.21904685686	2.4698367754	2.26938334304	2.91715295878	0.0802568218298555	0.0343957807842238	0	0	0	8.15228426396	0	5.07614213198	0	0	0	0	0.0069	0	0	0	0	0	0	0	0	0	0	0	0	0	0	0	0	0	-2	-2	0	0	0	0	0	0	0	0	0	0	0	0	0	0	0	0	0	0	0	0	0	0	0	0	0	0	0	0	0	0	0.50761421319797	99.492385786802	0	0
"SORT_093A_Unswitched"	0.19133888593	0.176156605871	0.498403615015	0.451943029715	1.24729023879	1.22079930998	4.8684	6.139	0	0	6.9812	16.0554187855	16.5523339747	0	0	22.0086303739	4.7417375795	4.76673529961	5.74383943512	5.73865913057	49.4853248017805	49.5131450827653	1.00153011545417	24.6216012601877	0.0410930758167249	3.37648106294089	0	0	23.8134374357921	0.945140743784672	47.202246421478	15.144757643093	18.9318181818	17.361422948	4.80179640719	4.17561983471	7.1738968681761	4.84775298074	4.12930537956	3.83376736111	59.4910179641	65.1890808916	24.5819233917409	58.9116478141	65.3841723304	67.0572916667	4.2581424264968	3.83735741445	3.58585858586	2.77993254637	0.34521864516627	0.268728627237	0.331904456223	0.220982170919	3.4361781308802	2.21235741445	2.30303030303	1.48701517707	6.4931073709409	4.77062737643	4.72727272727	3.39266441821	-2	5.11973716233	6.98298479088	-2	7.0303030303	-2	4.87967959528	4.48788807125	47.8771186777448	11.5942028986	2.68197628127	8.21463537883	5.11670787411	22.9795028898	0.279439783950668	0	2.49277305291382	0.224953470407726	1.44927536231884	2.71062884913486	0.242493368840423	0	2.26653818760736	2.11551270259127	0	1.3296126067	0.000256344006457	0	0	0	0	0.6236	0	4.3246120028351	4.60144927536	4.64263270351	4.91017964071856	0	14.1616766467066	31.1377245508982	2.06586826347305	47.7245508982036	2.87377911344853	1.93463561232156	10.8752817430503	55.2717255196594	7.80115201602805	21.2434259954921	0	0	0	1	0	0	0	2.87575358603007	1.80860647217795	9.99237752061534	56.0737301642298	6.63155706465248	22.6179751922944	2.38095238095238	1.47432638535841	6.96492119979664	63.0316895441451	8.61718352821556	17.5309269615319	2.01021059349075	5.99872367581366	22.6866624122527	47.7983407785578	11.8059987236758	9.70006381620932	0	0	100	0	0	0	5.01375726077652	0	14.4604096606542	29.6851115866707	2.10944665239988	48.7312748394986	0	0	0	1	0	0	2.87409284644626	2.07349383711554	10.9491994009907	54.7402372998502	8.00599009330722	21.3569865222901	2.12673611111111	2.30034722222222	11.6753472222222	49.8697916666667	9.11458333333333	24.9131944444444	0	0	0	0	0	0	0	0	0	0	0	0	0	0	0	0.945140743784672	0	0	2.29850746269	0	89.552238806	0	0	0	0	0.0011	0	0	0	0	0	0	0	0	0	0	0	0	0	0	0	0	0	0	-2	-2	0	0	0	0	0	0	0	0	0	0	0	0	0	0	0	0	0	0	0	0	0	0	0	0	0	100	0	0	0	0	0	1	0	0
"SORT_006F_Unswitched"	0.203945894115807	0.179735844590925	0.486147687975197	0.348502228213076	1.4557754689032	1.0531247867503	0	0	0	37.4275	0	0	0	0	68.3946614073	0	2.66153008351396	2.674694030329	3.9691462474622	3.9870836186299	45.6168963548887	41.3438799641197	13.0392236809916	12.8767783940198	0	6.24547865927176	0.152720842376015	0	29.3465155534121	3.08656860380998	48.2919379471104	16.5714285714	13.116900650172	17.979788992	5.54522613065	3.07502246181	3.98198198198	1.88235294118	2.77187468316	3.076499388	72.6130653266	76.8194070081	72.972972973	86.4705882353	77.9884416506	75.3977968176	9.77777777778	3.34677893088	5.8451548668584	2.17168581186	0.385815198399	0.219524394586	0.26548963490196	0.173226164901	6.05555555556	1.54180536519	3.57138246847486	0.91850357032	10.9444444444	4.0638339534	8.3849365541439	2.62899720584	16.99999999996	4.01143583228	5.60563931859	-2	-2	24.37500000003	3.54750077616	5.21799381729	85.7142857143	50	3.90976352822	9.62583946274	7.80501958509	29.3412216182	0	1.5385443403729	3.67742869552628	0	1.30982669464874	4.07557550311278	0	1.3953793965171	3.34443318372665	3.78056628056628	0.65359477124183	2.49572973999	0.000385804914132	0.08503	0.010996	0.077896	0.007384	0.12622	0.094674	5.62857142857	4.25	4.55718835964	0	0	16.8341708542714	58.0402010050251	4.52261306532663	20.6030150753769	3.96451033243486	2.60557053009883	13.4097035040431	45.5188679245283	11.7475292003594	22.7538185085355	0	0	0	47.7477477477477	14.4144144144144	37.8378378378378	0	4.75736095965104	3.13522355507088	11.6821155943293	43.2660850599782	11.1777535441658	25.9814612868048	4.86766857294853	3.11211597286873	8.83096156403777	47.6659130203484	8.28567628674026	27.2376645830563	1.60244181610073	1.1446012972148	25.2193819152995	35.2537199542159	22.7012590614269	14.0785959557421	0	0	4	0	0	0	0	0	0	97.0588235294118	1.17647058823529	1.76470588235294	0	0	59.2920353982301	7.9646017699115	0	32.7433628318584	3.34583798033053	2.33194768326067	13.1096015411133	45.9393693602352	12.1464057588969	23.1268376761634	3.36597307221542	1.95838433292534	12.1175030599755	41.9828641370869	11.6279069767442	28.9473684210526	0	0.38668900446	0	0.493394826561	0	1.93682293932	0	37.4275	0	68.3946614073	0	0.767216074315	0	1.97072769898	0.152720842376015	3.08656860380998	0	15.5	0	12.7433628319	0	51.3274336283	0	0	0	0	0	0	0	0	0	0	0	0	0	0	0	14.25	0	0.326623473898	0	8.32142857143	0	16.0535714286	-2	24.37500000003	0	10.7142857143	0	0	92.3728813559	0	0	96.6101694915	0	0	0	0	0.847457627118644	0	0.847457627118644	0	0.847457627118644	0	0	0	0	4.95762711864	0	0	0	4	0	0	0	0	59.2920353982301	7.9646017699115	0	32.7433628318584
"SORT_121F_Unswitched"	0.0636642451466	0.0672668280274	0.146190681578	0.149955130152	1.07245010203	1.07724332548	0.7268	4.485	0	0	0.709	0.971367179668	6.5505380334	0	0	0.882599971308	6.02760840875	6.02521982853	6.11535988187	6.10966152626	23.8940329218107	64.3689986282579	11.7369684499314	15.689381933439	0	14.9470347818834	0	0	7.69872383017766	0.0250229376928851	61.6398365168071	17.0566037736	15.7837837838	17.1974942301	7.42101105845	6.8004235045	7.55063291139	7.25468818142	6.69762000267	6.18632546981	39.8499210111	40.4371171444	45.253164557	40.5146096816	40.8811338414	45.0619752099	7.88888888889	4.58921125782	6.97022332506	3.97230401178	0.291705361057	0.313224855673	0.29692912453	0.290501807421	4.35555555556	2.89211257818	4.4317617866	2.49107471476	10.1111111111	5.88047255038	9.4317617866	5.05189547295	14.46666666666	6.95622568094	8.77258512856	-2	13.8635235732	-2	7.54297018771	4.11060700876	79.746835443	72.8260869565	2.57296857521	6.71151439299	4.69846435472	19.6182728411	0	0.67842605156038	3.51082207092775	0	0.542740841248304	4.02398130271314	0	0.542740841248304	3.22629814043288	3.33939026852413	0.490196078431373	1.04299160519	0.000264097669532	0.0526	0	0.0428	0	0.1002	0	5.43037974684	4.35142469471	4.47236053247	9.99210110584518	4.42338072669826	9.59715639810427	54.6998420221169	10.4660347551343	10.8214849921011	3.8644785600847	6.14837782651441	10.8598653860697	53.0363760114951	9.98260606518944	16.1082961506466	0	0	18.0379746835443	45.5696202531646	23.1012658227848	13.2911392405063	0	4.16783478179609	5.77516119988786	8.36370432669844	53.2006354546304	9.8588916923652	18.633772544622	2.59363535534511	6.6205955123283	8.77058271478543	53.7240849756847	9.95648835423599	18.3346130876205	1.35961930659415	5.16655336505778	29.4357579877634	41.1284840244731	11.0129163834126	11.8966689326988	0	0	0	0	0	0	11.0335804622765	4.8844308765809	8.11164413432185	56.9123419101614	8.37331007413868	10.6846925425207	0	0	0	100	0	0	3.54325444578152	6.0369033293221	11.0509426393903	53.2624682444177	10.2954940500067	15.8109372910817	2.63894442223111	6.03758496601359	10.7157137145142	50.9396241503399	10.9556177528988	18.7125149940024	0	0	0	0	0	0	0	0	0	0	0	0	0	0	0	0.0250229376928851	0	0	0	3.0625	0	81.25	0	0	0	0	0.017	0	0	0	0	0	0	0	0	0	0	0	0	0	0	0	0	0	-2	-2	0	0	0	0	0	0	0	0	0	0	0	0	0	0	0	0	0	0	0	0	0	0	0	0	0	0	0	0	0	0	0	100	0	0
"SORT_005E_Unswitched"	0.352459252772	0.492320181078	0.569449950247	0.78155372782	1.67597571371	2.09716130083	2.5562	0	0	50.6975	7.5104	3.92037648318	0	0	80.7274372559	12.9888748147	4.37246950412	3.3269502026	5.36925834002	4.65828605133	57.5107296137339	20.1716738197425	22.3175965665236	16.3090128755365	0	1.28755364806867	0	0	15.8798283261803	25.3218884120172	41.2017167381974	15.8969957082	14.7	18.309010503	4.41952155936	3.98083594912	6.35251472587	4.44321049975	3.85680047933	3.63241525424	65.283520378	67.7184867008	52.2428636158	65.1691065119	68.529059317	69.3855932203	6.09216589862	3.66796038544	5.10726643599	2.68457743458	0.309115045461	0.240231636628	0.289229212486	0.201600169824	3.56221198157	1.81183083512	2.83910034602	1.26673101673	7.28110599078	4.44191648822	5.85467128028	3.22576147576	10.84331797235	4.02805429865	6.25374732334	-2	8.6937716263	4.84375	4.49249249249	8.55959314248	86.2796833773	65.9509202454	6.62814957471	14.5599212534	11.3036965709	36.3833975884	0	0.408997955010225	4.4173485213113	0	0.613496932515337	5.06978982833307	0	0.306748466257669	4.31573880956201	3.82991687339513	0.354358610914245	2.60111476347	0.000317872705477	0.1768	0	0.2298	0	0.4574	0	4.9709762533	5.43660531697	4.61366918017	2.71707028942705	0.236266981689309	9.53927938570585	51.8163024217366	9.30301240401654	26.3880685174247	2.32942342640013	1.3051379481249	10.1602511151495	47.3649430034694	12.0023129026929	26.8379316041632	0.996828273674672	0	15.9039420027186	60.3081105573176	0.0453103760761214	22.745808790213	0	2.32313676022285	0.946073793755913	8.48312835067802	47.7451907915484	11.626195732156	28.8762745716388	2.32228328310583	2.03864563020741	8.13685516752349	42.6342847012941	13.0827867399397	31.7851444779294	0.189753320683112	3.35230866540164	17.9633143580013	38.7729285262492	20.3668564199874	19.3548387096774	0	0	0	0	0	0	2.62493690055528	0.269224297492849	8.59835100117786	55.5611643950867	10.163217230355	22.7831061753323	0.425985090521832	0	23.8019169329073	21.5654952076677	9.26517571884984	44.9414270500532	2.35170760934691	1.33313361294188	9.4442780107849	47.1390053924506	12.3127621330138	27.419113241462	1.90677966101695	1.3771186440678	8.42161016949153	42.0021186440678	12.5529661016949	33.739406779661	0	0.414438800079	0	0.670435907474	0	1.94695415021	0	50.6975	0	80.7274372559	0	0.820513871734	0	1.80099980381	0	25.3218884120172	0	21.2452830189	3.375	4.24121405751	68.75	65.4419595314	0	0	0	0	0	0.031	0	0	0	0	0.0017	0	0	0	0	2.5	0	0.297100729132	0	1.625	0	3.21875	-2	4.84375	0	0	0	0	16.6666666667	0	0	25.9259259259	0	0	0	0	3.7037037037037	0	3.7037037037037	0	3.7037037037037	0	0	0	0	4.72222222222	0	16	0	0	0	0	0.425985090521832	0	23.8019169329073	21.5654952076677	9.26517571884984	44.9414270500532
"SORT_016R_Unswitched"	0.335300178982	0.188077973222	0.605239136283	0.394372715024	1.52450569101	1.26894455472	8.487	15.212	0	12.4825	1.48	12.8933395109	19.7783931569	0	21.7697300775	2.1355423918	4.24154292047	5.36832370218	5.09117051234	5.85514959894	0.144969556393157	3.42128153087852	96.4337489127283	0.142247510668563	0	15.3627311522048	0	0	0	0	84.4950213371266	17.4825737265	16.635451505	16.8698366606	11.1087774916	9.96320362123	11.2279387822	11.0354563362	9.42878092323	8.72435658336	12.3241529622	16.821201723	8.62911103875	15.1017728168	18.0566182096	22.9392017904	8.86225895317	5.24144181831	7.25177304965	4.46547565204	0.313803554484	0.33734402481	0.312904741697	0.319494222345	4.37190082645	3.65070069023	4.36879432624	3.02954922358	11.1487603306	6.93425364289	9.40425531915	5.89831147294	15.52066115705	16.53173076927	10.58495433312	-2	13.77304964539	-2	8.92786069652	7.61849474116	72.9032258065	51.3189448441	5.87100217597	12.4299959022	10.9249907624	34.0629695397	0.32258064516129	4.31654676258993	3.33784393324312	0.32258064516129	4.79616306954436	2.47672940501087	0.32258064516129	4.31654676258993	2.05847377701234	1.98811376821848	1.92864030858245	3.5230186836	0.000282960402584	0.1884	0	0.054	0	0.2516	0	4.19838709677	4.80815347722	4.66223807766	0.118882504458094	1.52565880721221	16.3067168615019	33.5050525064395	13.869625520111	34.6740638002774	0.627874717091334	3.48981528801927	11.790903117471	45.8786595604877	11.9077170183252	26.3050302986055	0	2.44220123738196	15.1090849886031	31.3253012048193	10.9410615434712	40.1823510257245	0	0.423101332769198	3.16268246244976	12.7670827163106	40.52253014597	10.4506029193992	32.6740004231013	0.984722989140438	4.31621571875575	8.47598012147984	52.2179274802135	11.227682679919	22.7774710104914	1.29032258064516	10.1075268817204	22.7956989247312	32.6881720430108	7.52688172043011	25.5913978494624	0	0	0	0	0	0	0.196979645436638	0.0656598818122127	16.5462902166776	35.5876559422193	16.0210111621799	31.5824031516743	0	0	82.2448979591837	0	0	17.7551020408163	0.726855394032135	3.5896454985973	10.8390716653915	46.9395562356542	11.3108900790615	26.5939811272635	1.23088399850802	4.28944423722492	8.76538604998135	45.9903021260724	12.0850428944424	27.638940693771	0	0.111512084496	0	0.293506340726	0	1.15776941222	0	12.4825	0	21.7697300775	0	2.299301326	0	2.79752563548	0	0	0	0	0	17.2346938776	0	0.816326530612	0	1e-04	5e-04	0	0.0022	2e-04	0	0	0	0	1e-04	0	0	0	0	0	0	0	0	0	0	0	-2	-2	0	0	0	0	0	0	0	0	0	0	0	0	0	0	0	0	0	0	0	0	0	4.66666666667	0	0	0	0	0	0	0	0	82.2448979591837	0	0	17.7551020408163
"SORT_021X_Unswitched"	0.133814649005	0.137253520678	0.360923433392	0.340517364029	1.17142160776	1.17699976988	1.1402	5.277	0	11.775	1.1926	2.07768614354	10.1267235802	0	19.2936044763	1.7935397647	5.47875629796	5.54555386806	5.976999804	5.96947152322	78.0281690140845	18.2723004694836	3.69953051643192	45.8958680748564	0	0.0926440615156569	0.0555864369093941	0	30.7578284231981	1.5934778580693	21.6045951454512	16.3558823529	17.679245283	15.9528933092	8.27509169723	7.90864266443	7.66715830875	9.52601156069	7.72055293436	7.50656324582	22.4741580527	28.2165782864	24.0904621436	15.9372419488	29.0621637282	32.2195704057	4.56666666667	4.53796414226	6.05791505792	4.10192343956	0.333479438284	0.32347434479	0.326120078269	0.310114594999	3.47272727273	3.18252179877	4.05791505792	2.86960211201	6.53636363636	5.92279807975	8.53281853282	5.31086177635	10.00909090909	9.09729064039	9.10531987852	-2	12.59073359074	-2	8.18046388836	6.5288803723	89.009009009	76.9417475728	5.14780835882	11.2601514737	10.0560652396	34.0085774249	0	0.970873786407767	2.58409785932722	0.18018018018018	1.21359223300971	3.13965341488277	0	0.970873786407767	2.50764525993884	2.58698868789079	0.413650465356774	3.43661971831	0.000435182523714	0.1326	0	0	0	0.1208	0	4.81081081081	3.97087378641	4.78552497452	0.0333444481493831	2.20073357785929	32.5775258419473	43.5811937312438	7.43581193731244	14.1713904634878	2.75374453437529	4.15852637454647	13.5919620429807	58.6752256023816	7.2843985487022	13.5361428970137	0.0491642084562439	3.24483775811209	31.6125860373648	47.2959685349066	10.0294985250737	7.76794493608653	0	3.39937434827946	6.86131386861314	8.32116788321168	63.9416058394161	3.60792492179353	13.8686131386861	3.9344262295082	4.28490672696439	7.08875070661391	62.3968343697004	7.76710005652911	14.527981910684	1.20481927710843	9.98278829604131	11.1876075731497	60.9294320137694	6.36833046471601	10.3270223752151	0	0	0	0	0	0	0	0	33.4434351775392	35.5078447563997	1.56895127993394	29.4797687861272	0	0	0	0	0	0	2.89711116629418	4.11389785613774	12.656237066468	58.5878652429435	7.67320586044202	14.0716828077146	3.5799522673031	3.34128878281623	12.4105011933174	52.0883054892601	9.78520286396181	18.7947494033413	0	0.097215400681	0	0.269663230787	0	1.13325275739	0	11.775	0	19.2936044763	0	2.39578641988	0	2.82624542873	0.0555864369093941	1.5934778580693	0	0	0	0	0	0	0	0	0	0	0	0	0	0	0	0	0	0	0	0	0	0	0	0	0	0	0	0	-2	-2	0	0	0	0	0	0	0	0	0	0	0	0	0	0	0	0	0	0	0	0	0	0	0	0	0	0	0	0	0	0	0	0	0	0
"SORT_029F_Unswitched"	0.100716058995	0.107405506795	0.322194722774	0.330864335872	1.12110416923	1.13048026417	1.0623	5.27	0	0	1.1161	1.86772016314	11.5006575988	0	0	1.9559783825	5.57428093744	5.55029501326	6.04291090157	6.02913183319	68.6365751512331	26.9117418954553	4.45168295331162	29.0500229463056	0	1.40737341288053	0	0	36.193972770384	3.54902860639437	29.7996022640355	16.5914972274	17.2777777778	15.8790173867	8.2787593247	7.82265162976	8.49627228525	7.68986615679	7.73450838298	8.85638514892	25.7361601885	28.8887360748	25.1863857374	27.1510516252	29.2575078303	27.417380661	5.95463137996	4.56860196418	6.51832460733	4.11053315995	0.319349162288	0.323421733968	0.343075572091	0.309058792461	4.16824196597	3.17374350087	4.96335078534	2.84847033057	8.29489603025	5.93110918544	9.06544502618	5.30648141811	12.46313799622	8.98236514523	9.10485268631	-2	14.02879581152	14.82352941177	8.15495174868	5.19533369506	68	55.8052434457	4.92153264167	10.0515463918	9.91422899734	32.8811720022	0.129032258064516	1.42095914742451	2.00313339301701	0.129032258064516	1.77619893428064	2.36869591166816	0.129032258064516	1.42095914742451	1.90241718889884	1.96333696914254	0.811808118081181	2.70111222268	0.000287394920479	0.102	0	0	0	0.1184	0	4.78064516129	4.30728241563	4.78748880931	2.90537887711033	2.70906949352179	29.5249312917157	43.8751472320377	4.92736552807224	16.0581075775422	2.65438041534865	4.17411635263375	12.3848163938935	60.4318525649842	6.97978269839087	13.375051574749	4.57050243111831	4.34359805510535	40.194489465154	35.9805510534846	6.77471636952998	8.13614262560778	0	2.24391665452426	5.58064986157657	11.2924377094565	61.9408421972898	6.64432463937054	12.2978289377823	2.81066425666516	4.3831902394939	4.59105286940804	66.4527790329869	8.17894261183913	13.5833709896069	0.479616306954436	8.99280575539568	7.79376498800959	68.4652278177458	8.27338129496403	5.99520383693046	0	0	0	0	0	0	3.93881453154876	0.11472275334608	20.2294455066922	50.9751434034417	1.64435946462715	23.0975143403442	1.31578947368421	1.31578947368421	1.31578947368421	11.8421052631579	1.31578947368421	82.8947368421053	2.75133574894061	3.72167291039735	12.0493766504944	60.7320518332003	7.22225634096911	13.5233065159983	3.14157486740106	3.71277029783762	11.2607099143207	55.9363525091799	8.56793145654835	17.3806609547124	0	0	0	0	0	0	0	0	0	0	0	0	0	0	0	3.54902860639437	0	17.1764705882	0	9.69736842105	0	10.5263157895	0	0	0	0	0	0	0	0	0	0	0	0	0	0	0	6.88235294118	0	0.359007786867	0	4.88235294118	0	9.94117647059	-2	14.82352941177	0	0	0	0	23.5294117647	0	0	52.9411764706	0	0	0	0	11.7647058823529	0	11.7647058823529	0	11.7647058823529	0	0	0	0	4.29411764706	0	0	0	0	0	0	1.31578947368421	1.31578947368421	1.31578947368421	11.8421052631579	1.31578947368421	82.8947368421053
"SORT_112W_Unswitched"	0.511234605989	0.598792192784	0.720167090403	0.869500479113	2.20665793324	2.59958701737	9.3343	0	0	50.56	25.2278	13.8996916433	0	0	94.6795085952	38.0402431389	3.19162236571	1.85240516774	4.57967960679	3.72904300934	66.9736443501969	13.5292335655862	19.4971220842169	8.00599700149925	0	2.47076461769115	0	0	52.7496251874063	6.21289355322339	30.5607196401799	15.6173285199	18.2642369021	17.7234109835	13.8689956332	7.50385325084	17.5708534622	14.6901149425	4.83200629976	4.27804642166	34.4978165939	53.4136546185	18.3574879227	32.9195402299	62.0614226966	67.5773694391	7.65779467681	4.38407183866	13.6810877627	2.93706387547	0.29455220362	0.288736934957	0.27677225621	0.24322971016	4.55513307985	2.84410422494	6.86032138443	1.77469135802	10.1064638783	5.60783159134	17.5451174289	3.7270531401	14.66159695815	8.49517120281	8.45193581628	-2	24.40543881333	29.03636363641	5.50174449812	11.1281408202	49.5670995671	71.0037174721	1.72726006408	13.4410849473	3.3779077866	22.4931494125	0.432900432900433	2.12314225053079	4.16463542029389	0.649350649350649	1.06157112526539	4.73570582909673	0.432900432900433	0.902335456475584	3.8651716693363	3.71024734982332	0.66573230553609	2.78672559742	0.000229099946523	0.043	0	0.1104	0	0.0486	0	4.72727272727	4.07855626327	4.5544954384	3.99251403618216	0.623830318153462	20.1185277604492	37.8665003119152	11.166562694947	26.2320648783531	2.23597091066971	1.59557147508955	15.0222511668295	43.5145989362857	13.9585368501031	23.6730706610225	1.44927536231884	0.0805152979066023	33.4138486312399	27.938808373591	5.23349436392915	31.8840579710145	0	2.15336948102246	1.30131680867545	11.8202943454686	42.9434546862897	15.3679318357862	26.4136328427576	1.59154570919277	1.68067226890756	7.48663101604278	47.1861471861472	14.1583906289789	27.8966131907308	1.17955439056356	3.10179117518567	22.6736566186107	38.7505460899956	17.6933158584535	16.6011358671909	0	83.8150289017341	16.1849710982659	0	0	0	5.05747126436782	0.873563218390805	18.3448275862069	36.9195402298851	9.70114942528736	29.1034482758621	0	0	24.4444444444444	40	14.6031746031746	20.952380952381	1.35619914253216	1.78493306501006	9.56339137282352	45.6470382360661	15.0319363023887	26.6165018811795	1.78916827852998	1.83752417794971	8.89748549323017	43.4719535783366	14.2408123791103	29.7630560928433	0	0.454336758315	0	0.567794629923	0	2.31618658139	0	50.56	0	94.6795085952	0	0.24825134541	0	1.66133360455	0	6.21289355322339	0	16.3723849372	33.5664739884	12.9857142857	2.8901734104	48.4126984127	0	0	0	0.0033	0.0063	0.0111	0	0	0.0867	0	0	0	0	0	0	17.0545454545	0	0.273822125745	0	8.59090909091	0	20.4454545455	-2	29.03636363641	0	5.37634408602	0	90.5109489051	77.5	0	91.7274939173	83.75	0	0	0	0	0	0	0	0	0	0	0	0	3.17647058824	3.97963340122	0	0	83.8150289017341	16.1849710982659	0	0	0	0	24.4444444444444	40	14.6031746031746	20.952380952381
"SORT_115Z_Unswitched"	0.189472532786	0.0943512504443	0.354453556538	0.243472023526	1.23841485557	1.1115728326	7.6577	7.351	0	8.4275	1.4837	12.0288195161	9.5987050986	0	12.2447368421	2.48644796054	5.18942059265	5.80975962271	5.6116523966	6.05001176747	3.24898708049843	62.0136075223607	34.7374053971409	1.0143062599349	0	6.83521308000908	0.00756944970100674	0	2.21027931269397	0.00756944970100674	89.92506244796	14.927014382388	13.145707104712	13.3492063492	10.4540406752014	4.96078431373	10.6627471540264	8.7160668988637	5.39682539683	10.8823529412	12.1837404844557	21.568627451	8.23887300554833	15.8866793485199	25.3968253968	35.2941176471	5.5656783860486	4.35294117647	5.5534309466989	3.89830508475	0.338349133875956	0.35208032708	0.27600455059127	0.304340621714	3.3035915636219	2.13725490196	4.3186246091239	1.84745762712	7.0401766477796	4.47058823529	7.4140013614563	4	-2	-2	6.60784313725	-2	-2	-2	5.84745762712	90.8496732026	75.372180621527	73.434231360929	93.2432432432	94.1176470588	96.6216216216	69.697879415799	0.189588273443707	0.175266578641061	0	0.228725051696048	0.233900883548777	0	0.130475788297542	0.194325331793752	0	0	0.189124057503043	75	0.0555555555556	0.087398	0.012632	0.07882	0.012334	0.148478	0.034316	4.4817290787942	3.355348123441	5.43243243243	0	0	2	0	1	2	0	0	78.4313725490196	0	0	21.5686274509804	0	0	0	0	1	1	0	0	0	0	0	0	0	0	0	75	3.33333333333333	0	21.6666666666667	0	0	0	3	0	0	0	0	0	0	0	0	0	0	2	0	0	1	0	0	0	0	0	0	0	0	71.4285714285714	7.93650793650794	0	20.6349206349206	0	0	7	5	1	4	0	0.0410996063381	0	0.111548345475	0	1.04997445821	0	8.4275	0	12.2447368421	0	2.74781607504	0	2.93050078487	0.00756944970100674	0.00756944970100674	0	0	0	0	0	0	0	0	0	0	0	0	0	0	0	0	0	0	0	0	0	0	0	0	0	0	0	0	-2	-2	0	0	0	0	0	0	0	0	0	0	0	0	0	0	0	0	0	0	0	0	0	0	0	0	0	0	0	0	0	0	0	0	0	0
"SORT_010K_Unswitched"	0.128347733849	0.148672279022	0.340368823086	0.354965308528	1.16107739859	1.19792595186	1.4448	6.914	30.765	12.7675	1.1922	2.41409948437	12.741714823	88.0417040435	21.338108821	1.94210432931	5.54892915393	5.50305082134	5.98253518437	5.94749628074	9.67741935483871	51.6129032258064	38.7096774193548	6.45161290322581	0	6.45161290322581	0	0	3.2258064516129	0	83.8709677419355	15.1172638436	16.1898305085	16.0546172205	10.3743155799	9.39640082604	9.87953629032	10.8259271634	9.19491596993	8.87430167598	18.5415629667	23.7879830858	16.1794354839	16.9729368527	24.7107507812	28.5381750466	8.73448275862	5.29098070902	7.73951048951	4.89402753539	0.290611584768	0.351357480675	0.329745833668	0.333508409872	4.70344827586	3.65367134633	4.70629370629	3.33876284662	11.0689655172	6.87375012625	9.84090909091	6.34564669381	15.77241379306	8.97319932998	10.52742147258	-2	14.5472027972	-2	9.68440954043	6.86772486772	62.7737226277	66.3355408389	5.59645657509	10.126984127	9.050098761	27.4867724868	0.48661800486618	0.11037527593819	1.19695972230534	0.48661800486618	0	1.17900532647076	0.48661800486618	0	0.813932611167634	0.876294526004325	0.151860288534548	2.4924900544	0.00033385038768	0.0882	0	0.0276	0	0.2318	0	5.0802919708	4.85099337748	4.73870369262	0.721752115480338	7.44151319064211	17.0233947237432	37.2573419611747	12.0209059233449	25.5350920856147	2.72396499164126	5.91011898908447	12.9314583538204	49.2772150653948	12.6167764775297	16.5404661225293	1.4616935483871	5.74596774193548	22.1270161290323	36.4415322580645	17.4395161290323	16.7842741935484	0	1.51748971193416	6.32716049382716	16.2294238683128	48.4310699588477	12.1399176954733	15.3549382716049	3.79604109245803	4.46003507892759	9.59659233274868	55.6877975444751	13.2297669756953	13.2297669756953	1.57728706624606	5.6782334384858	18.2965299684543	49.5268138801262	8.51735015772871	16.403785488959	0	0	0	0	0	0	0	6.18108920815236	21.2829936518543	30.3374540594721	9.25492816572001	32.9435349148012	0	0	0.87719298245614	86.8421052631579	12.280701754386	0	2.51667933451567	4.99957773836669	12.194915969935	50.1646820369901	12.6931846972384	17.4309602229541	2.79329608938547	3.35195530726257	8.98510242085661	50.6517690875233	13.1750465549348	21.0428305400372	0.1848125	0.108400916479	0.381375373768	0.271684484176	1.31106547619	1.1505452002	30.765	12.7675	88.0417040435	21.338108821	0.394127545751	2.31630167631	1.9202973621	2.80185733788	0	0	0	0	0	15.8157894737	0	7.01754385965	0	0	0	0	0	0	0	0	0	0	0.0134	0	0	0	0	0	0	0	0	0	0	0	-2	-2	0	0	0	0	80	0	0	0	0	0	0	0	0	0	0	0	0	0	0	0	0	3.6	0	0	0	0	0	0	0	0	0.87719298245614	86.8421052631579	12.280701754386	0
"SORT_013N_Unswitched"	0.0604143226106	0.0484636445739	0.192217620571	0.162766219763	1.06675937729	1.05285239929	1.2877	3.227	0	10.2375	1.1585	1.96932519161	5.32800908356	0	23.6774652194	2.32150197547	5.89711195711	5.95656254025	6.10992208324	6.1346309614	40	20	40	20	0	0	0	0	20	0	60	17.8805970149	17.7568493151	17.1574915825	7.67663441806	7.36536041704	7.16237623762	8.33105022831	7.24367288833	7.12387981023	23.8639695104	27.4492180478	22.0462046205	21.3089802131	28.1951913951	30.5218766473	5.73949579832	4.35799243107	6.48920863309	4.04025367744	0.311876468988	0.31257594703	0.333655647872	0.29871812735	3.52941176471	2.77788790773	4.48920863309	2.52955166035	7.71428571429	5.61056046134	8.03237410072	5.17986435303	11.243697479	7.98441247003	8.38844836907	-2	12.52158273381	-2	7.70941601338	4.97005166659	73.2323232323	63.1205673759	5.36124712701	9.213113255	9.89307484761	30.2912532577	7.07070707070707	3.07328605200946	5.0259792166267	6.56565656565657	2.60047281323877	5.11091127098321	6.06060606060606	2.12765957446809	4.1117106314948	4.44235294117647	3.38164251207729	1.53574445212	0.000342999878463	0.2472	0	0.175	0	0.275	0	3.84848484848	4.1158392435	4.66926458833	2.14013485781296	3.13690999706831	6.53767223688068	59.3081207856933	10.9352096159484	17.9419525065963	2.15710947330577	2.63347114866079	9.68901671759842	52.6873988854934	11.2259572173288	21.6070465576128	0	0	4.68646864686469	68.1848184818482	6.73267326732673	20.3960396039604	0	1.54620640057533	3.16432937792161	11.0931319669184	44.066882416397	8.82775979863358	31.3016900395541	1.9673224408136	2.38968545070579	10.1700566855619	49.5720795820829	11.3371123707903	24.5637434700456	3.90243902439024	4.71544715447155	22.1138211382114	47.3170731707317	7.96747967479675	13.9837398373984	0	0	100	0	0	0	2.77777777777778	4.07153729071537	5.89802130898021	54.7564687975647	11.8721461187215	20.6240487062405	100	0	0	0	0	0	2.16703574818096	2.58620689655172	9.43530528313825	52.1116735210376	11.2701676684593	22.4296108826321	1.79230363732209	3.05745914602003	10.3321033210332	48.0759093305219	10.173958882446	26.5682656826568	0	0.0590687028232	0	0.248227972439	0	1.07293702771	0	10.2375	0	23.6774652194	0	2.44675219375	0	2.89605898414	0	0	0	0	14	7.39726027397	4.83870967742	6.84931506849	0	0	0	0	4e-04	0	0	0	0	0	0	0	0	0	0	0	0	0	0	0	0	0	-2	-2	0	0	0	0	0	0	0	0	0	0	0	0	0	0	0	0	0	0	0	0	0	0	0	0	0	100	0	0	100	0	0	0	0	0
"SORT_117B_Unswitched"	0.306921183902	0.518898661133	0.582300410953	0.86211537812	1.50699851425	2.13803612811	3.9913	0	17.36	28.3625	22.5295	7.00663109223	0	30.1963092463	51.4011519382	39.5225406993	4.54638515095	2.34126322858	5.47612510981	4.16641894654	65.7387580299786	33.6902212705211	0.571020699500357	43.6084905660377	0.0471698113207547	0.0235849056603774	0.0471698113207547	0	16.3443396226415	5.99056603773585	33.938679245283	21.1830065359	17.0047694754	15.916013289	8.61368175766	9.07487951099	4.26867627785	8.4315884071	9.14946737683	9.22368421053	29.0113182423	24.1095568355	55.8322411533	33.3857560099	23.9902352419	19.6172248804	1.70588235294	5.46333771353	2.51138353765	5.23547025997	0.658377792867	0.334662655398	0.20452548849	0.304148616334	3.2091503268	3.8258869908	1.33975481611	3.52729005036	2.47058823529	6.8826544021	3.23467600701	6.56989247312	5.67973856209	8.38469601677	10.7085413929	-2	4.57443082312	10.77173913043	10.09718252348	17.7841555742	95.9537572254	94.6172248804	15.0195179379	27.3937354644	26.160232976	68.3606314019	0	0.0598086124401914	0.933250927070457	0	0.0598086124401914	1.71817058096415	0	0.0598086124401914	0.914709517923362	0.920450741939083	0.258175559380379	7.56716258161	0.000695835435748	0.0034	0	0	0	0.3328	0	4.9450867052	5.00299043062	4.61817058096	1.98069241011984	13.2323568575233	2.74633821571238	51.8475366178429	13.0159786950732	17.1770972037284	2.56259550958035	9.01610438462443	6.58281415305043	56.083225578935	11.7197601974844	14.0355001763254	0	89.3840104849279	0	0	5.11140235910878	5.5045871559633	0	2.64768683274021	7.84341637010676	4.68327402135231	57.4804270462633	11.9003558718861	15.4448398576512	4.0211970074813	0.592269326683292	13.4351620947631	63.6221945137157	9.00872817955112	9.32044887780549	0	0.78740157480315	15.748031496063	63.7795275590551	14.1732283464567	5.51181102362205	0	0	0	0	0	0	2.67355650415637	14.8955290945855	3.59469782071445	44.9337227589306	14.8505953718266	19.0518984497866	3.19091400757166	17.3066522444565	0.189291508923743	59.572742022715	6.8415359653867	12.8988642509465	2.75188637372392	7.3346648912561	6.50244118952508	57.1682201509099	11.9618286728806	14.2809587217044	3.58851674641148	5.74162679425837	6.69856459330144	55.7416267942584	11.0047846889952	17.2248803827751	0.0747680555556	0.254132632095	0.207195310245	0.511739964147	1.10830753968	1.42867092359	17.36	28.3625	30.1963092463	51.4011519382	1.74658999904	1.50596080354	2.17345865099	2.40982239481	0.0471698113207547	5.99056603773585	0	14.1507537688	0	8.54542996214	0	28.474851271	0	0	0	0	0	0.0362	0	0	0	0	0.0214	0	0	0	0	6.96195652174	0	0.266248422465	0	2.90217391304	0	7.86956521739	-2	10.77173913043	0	0	0	0	75.1633986928	0	0	78.7581699346	0	0	95.0980392157	0	1.96078431372549	0	2.61437908496732	0	1.63398692810458	0	0	0	0	4.09477124183	0	0	0	0	0	0	3.19091400757166	17.3066522444565	0.189291508923743	59.572742022715	6.8415359653867	12.8988642509465
"SORT_063S_Switched"	0.122921353279	0.214028727927	0.350069313714	0.490122158453	1.15407397819	1.3061618609	1.1347	7.751	0	7.87	1.9077	2.02866991243	11.5330050772	0	12.982127193	3.05483817264	5.50259903744	4.99283085655	5.99894150869	5.77400517929	0.0786988457502623	6.08604407135362	93.8352570828961	0.0380710659898477	0	24.3020304568528	0	0	0.0380710659898477	0	75.6218274111675	16.7563685637	14.923963562	14.4186962751	22.263119916	22.3928571429	22.3998902155	23.5770570478	23.3355105942	17.1050049068	0.905274206245	1.02824239101	0.94689172499	0.301880950538	0.844352397642	3.14033366045	8.13564154786	13.1022604952	17.4957249071	13.0933908046	0.339719428866	0.310215684992	0.302283649655	0.308540690698	5.81371350984	7.02045209903	8.26691449814	7.00790229885	10.7847929396	16.9217796914	20.9927509294	16.908045977	16.59850644944	11.14285714286	23.94223179043	-2	29.25966542754	20.79856115108	23.91594827585	65.2009050153	60.7014059478	91.1126983317	79.9858806918	80.5547408556	83.5980703612	89.6153685004	0.0836120401337793	0.0357106417712478	0.0352982703847511	0.026128762541806	0.0612182430364249	0.0235321802565008	0.0156772575250836	0	0.0117660901282504	0.0117426021606388	0.00764896356543688	9.04722240021	0.000336018725203	0.4526	0	0.268	0	0.1252	0	4.36648202341	4.08922558923	3.35533592187	0.741275255838363	0.642875885594332	7.46523222251378	70.3489897664655	6.17948045132511	14.6221464182629	0.959692898272553	0.534686043323279	7.45132986015903	70.763641349054	5.99808061420346	14.2925692349877	0.754768766296144	0.459722794016742	7.20461095100865	70.5846027171676	6.05187319884726	14.9444215726636	0	0	0	6.03537981269511	93.4443288241415	0	0.520291363163371	10.8938547486034	0	27.3743016759777	47.2067039106145	10.8938547486034	3.63128491620112	0	0	3	2	0	0	0	0.730593607305936	99.1476407914764	0.091324200913242	0.030441400304414	0	0.371545785277498	0.425729545630467	4.78365198544779	74.649740692004	5.17841938230513	14.5909126093351	0.278634690018907	0.258732212160414	1.22400238829734	80.1671808140113	0.0696586725047268	18.0017912230073	0.398279432850088	0.095587063884021	4.49259200254899	74.2552174605703	5.69539588975625	15.0629281503903	1.17762512266928	1.96270853778214	14.9165848871443	56.1334641805692	10.4023552502453	15.4072620215898	0	0.286557838222	0	0.491897594206	0	1.55777811155	0	27.24	0	41.9019841278	0	1.67602972497	0	2.33016061635	0.00636456211812627	3.67235234215886	0	20.1081081081	0	10.4594594595	0	0	0	0	0	0	0	0	0	0	0	0	0	0	0	0	0	10.3783783784	0	0.0155230129655	0	0.162162162162	0	10.3783783784	-2	10.540540540562	0	0	0	0	97.2972972973	0	0	0	0	0	0	0	0	0	0	0	0	0	0	0	0	4.08	0	0	0	0	0	0	27.027027027027	0	72.972972972973	0	0	0
"SORT_070A_Switched"	0.0562744907431	0.0558828320716	0.216050486775	0.21322875764	1.06277139466	1.06238699132	0.7605	6.242	0	0	0.7241	1.31593326067	12.4934798535	0	0	1.12056441263	5.8496940533	5.8576030608	6.12644899879	6.12768220208	89.6266987785997	7.07035953896439	3.30294168243592	49.7119620467638	0	0.288037953236191	0.0169434090138936	0	39.8847848187055	0.0677736360555744	10.030498136225	16.6628468034	15.9563402331	15.0206270627	19.4591866167	19.4282474227	19.4617274849	19.6060340099	19.1924418605	18.8849840256	0.326891645034	0.278350515464	0.122865216857	0.241360394953	0.15988372093	1.27795527157	9.20853510896	7.19589257504	10.8516196447	7.18512396694	0.326466677706	0.421915159847	0.321852923582	0.428146484827	6.39437046005	6.50315955766	6.89550679206	6.59338842975	11.7088377724	9	14.7467781261	8.93553719008	18.10320823245	14.94642857147	15.50315955766	-2	21.64228491816	16.77029702974	15.52892561983	48.66747887	54.7710740265	67.2282468371	68.1818181818	61.3112007919	77.4181818182	73.7493337394	0.0285266010554842	0.0129098889749548	0	0.370845813721295	0.251742835011619	0	0.0285266010554842	0.0129098889749548	0	0	0.0170816073792544	18.1220039477	0.000614646622995	0.2884	0	0.2576	0	0.3028	0	4.47610897162	4.6077330235	4.89054545455	1.06720507643496	2.75935006249399	10.1336409960581	65.2725699451976	10.2490145178348	10.5182194019806	1.04123711340206	2.90721649484536	9.72164948453608	66.6288659793814	10.0412371134021	9.65979381443299	0.430028258999877	1.13035999508539	3.71052954908465	74.3580292419216	9.55891387148298	10.8121390834255	0	0	0.152594099694812	0.254323499491353	97.1007121057986	1.47507629704985	1.01729399796541	5.90717299578059	14.7679324894515	10.9704641350211	64.1350210970464	2.9535864978903	1.26582278481013	0	0	0	0	1	0	0	0	14	0	0	0	1.16291826659353	2.69884805266045	8.53538123971476	68.8974218321448	10.3565551289084	8.34887547997806	0.499108734402852	0.748663101604278	5.31194295900178	80.1247771836007	7.98573975044563	5.32976827094474	0.276162790697674	1.81686046511628	3.03779069767442	79.7238372093023	9.18604651162791	5.9593023255814	2.55591054313099	4.25985090521832	14.5899893503727	50.9052183173589	10.6496272630458	17.0394036208733	0	0.144947602335	0	0.372469989415	0	1.21575725552	0	15.245	0	29.4727072293	0	2.05411023931	0	2.72059798897	0.2855782960495	7.18705378391242	0	18.2738557021	19.0933333333	13.8465954606	0	6.54205607477	0	0	0.1853	1e-04	0	0.0327	2e-04	0	0	0	0.7281	0	0	0	0	7.74383452665	0	0.294244110495	0	5.24900556881	0	10.661097852	-2	15.91010342081	0	22.7445997459	0	0	47.1608832808	0	0	76.2223974763	0	0	93.4542586751	0	5.3212455656287	0	6.70082774931021	0	5.00591249507292	0	0	0	0	4.28182893181	0	0	0	0	76	24	3.65821094793057	2.04272363150868	12.6835781041389	52.9506008010681	16.9692923898531	11.6955941255007
"SORT_008H_Switched"	0.154759692934	0.15125472805	0.343003179285	0.329853028253	1.20566967406	1.20159863185	1.4707	5.334	0	0	1.3125	2.20510083751	7.5767637887	0	0	1.85943656208	5.5861178601	5.62536098836	5.92868928116	5.93975760854	64.4628806021211	32.543619568936	2.99349982894287	31.4778947368421	0.00842105263157895	0.842105263157895	0.0168421052631579	0	29.6842105263158	3.58736842105263	34.3831578947368	17.5722904546	16.5697798675	16.2767041462	17.6069523174	17.1025571026	18.2085554544	17.8295371941	14.5531801176	13.80713246	3.70123374458	4.0586040586	3.70562995709	3.58614005331	6.56333511491	6.91411935953	10.3909725251	5.40149020967	9.19232427771	5.30800639091	0.340834534654	0.384893352892	0.353677512493	0.381713752005	6.49236807676	4.48951654826	6.55519620526	4.39872181786	13.8765808984	7.31485011263	12.2496765847	7.17379726611	20.36894897516	12.75210084033	11.80436666089	-2	18.80487278996	17.01662707835	11.57251908397	7.47459540836	18.3272727273	14.4448480446	2.32222222222	11.8253669552	4.47777777778	22.7022958224	0.448376151236064	0.883670257838034	0.532800532800533	0.460494425593795	0.556833313158213	0.510600510600511	0.230247212796898	0.0968405762014284	0.3996003996004	0.386183222484445	0.278131880866844	1.34339223083	0.000215670358127	0.1246	0	0.1584	0	0.0714	0	4.38584585555	4.48553443893	4.62126762127	1.77559186395465	4.90996998999667	12.0456818939647	52.8176058686229	12.1873957985995	16.2637545848616	1.81090181090181	6.21530621530622	13.8502138502138	52.8073528073528	11.1748111748112	14.1414141414141	1.85931608373423	5.42192172669354	9.10154726303472	54.570276947081	11.8710180730724	17.1759199063841	0	0.0707213578500707	3.53606789250354	3.32390381895332	64.6393210749646	14.8514851485149	13.5785007072136	2.54818686703692	9.44135903299575	18.2946749428291	53.9039529565501	9.2453446586083	6.56648154197975	0	3.7037037037037	33.3333333333333	50	7.40740740740741	5.55555555555556	0	0	3	0	0	0	1.35691785800824	2.447298279622	12.2849527501817	55.3792100799612	13.0603343833293	15.4712866488975	0	1.94174757281553	10.8953613807983	48.705501618123	15.4800431499461	22.9773462783172	2.05237840726884	4.67129877071085	11.587386424372	59.1769107429182	11.640833778728	10.8711918760021	2.2319262493935	4.77923338185347	12.1542940320233	53.6147501213003	12.6394953905871	14.5803008248423	0	0	0	0	0	0	0	0	0	0	0	0	0	0	0.00724847781965787	0.761090171064077	0	16.1353251318	0	7.77722608408	0	32.8699106256	0	0	0.1304	0	0	0.0561	0	0	0	0	0.1322	0	0	0	0	4.04448742747	0	0.279014821307	0	2.01353965184	0	4.88588007737	-2	6.89941972921	0	12.7272727273	0	0	67.3123486683	0	0	74.4552058111	0	0	83.4140435835	0	0	0	0	0	0	0	0	0	0	4.82345828295	0	0	0	0	0	0	1.98609731876862	3.3101621979477	11.2876530950017	57.7954319761668	7.21615359152598	18.4045018205892
"SORT_012M_Switched"	0.423943582003	0.501095184558	0.81387465462	0.865241647555	1.76819461706	2.04747875149	16.6857	0	0	17.61	39.8822	31.1771988851	0	0	28.7284039771	77.12926031	2.8084187313	1.49258273263	4.66290404921	3.86293857868	66.5189302884615	9.375	24.1060697115385	34.3759264749481	0	2.94248443522087	0.0592943966795138	0	24.6442336199229	7.40438778535428	30.5588496887044	16.0656284761	16.1504170262	14.7630586187	20.5716958666	20.5871576111	21.1684312878	20.9171692803	19.8703557312	17.505322688	1.0631059704	0.907049842838	0.939930855661	0.884599919582	1.20333772508	2.22887558217	13.7514140271	7.69733260751	10.7651493186	7.6480162767	0.299126370812	0.392726626987	0.352275960818	0.393466362363	7.23585972851	6.57185628743	7.82516671499	6.56081964831	18.6979638009	10.0718562874	14.4178022615	10.001017294	25.93382352941	17.02647657843	16.64371257483	-2	22.24296897649	18.67153284675	16.56183694231	47.5230395582	59.9735799207	48.1032338308	54.311293755	53.794457198	57.8704043443	64.863426157	1.71579410470744	2.68884053465962	1.24000293491819	0.868895732512099	0.963630711843332	0.513610683102208	0.560932688077431	0.808206403481505	0.33751559175288	0.334821428571429	0.953410029873514	17.7780920727	0.000284665684064	0.1788	0	0.1768	0	0.413	0	3.89309282886	4.44295927883	4.79264802994	2.96819186936554	2.78959006633781	14.2201054601123	58.2326926348018	12.9528831433917	8.83653682599081	3.01751234845083	2.96362819937135	14.1984732824427	60.6825325550067	12.0610687022901	7.07678491243826	3.28435609334486	2.91702679343129	14.8660328435609	58.4377700950735	13.6992221261884	6.79559204840104	0	4.43714050944947	2.66228430566968	1.79129005751849	73.3442892358258	15.4642563681183	2.30073952341824	2.27081581160639	3.5744322960471	8.99915895710681	72.7922624053827	7.5273338940286	4.83599663582843	0	0	1	4	0	0	0	0	0	0	0	0	3.22677925211098	2.26176115802171	14.4149577804584	59.167671893848	13.4197828709288	7.50904704463209	6.29421810197609	0.0243961941937058	0.46352768968041	73.1641863869236	17.8092217614052	2.24444986582093	3.10057092665788	2.41545893719807	13.0873956960913	64.8309178743961	11.8313570487484	4.73429951690821	2.228875582169	2.76114437791085	10.1796407185629	60.7119095143047	11.9427811044578	12.1756487025948	0.0500553571429	0.230876771926	0.16795645694	0.463616118627	1.07064880952	1.3976557213	15.2	21.7575	26.9276833624	37.6064212878	1.85443267171	1.81225760355	2.21636206448	2.50112757576	0	2.5	19.5263157895	17.3480519481	13.689408707	13.1838812918	1.49447693307	7.47745126564	4e-04	0.0086	0.0338	5e-04	5e-04	0.0048	0.0145	0	0	0.0161	0.0539	0	0.0078	0	5.89473684211	5.11049723757	0.39242979243	0.306637175335	5.42105263158	3.43370165746	7.73684210526	6.85635359116	13.15789473684	10.29005524862	0	13.698630137	80	76.0563380282	39.4793926247	0	83.0985915493	61.3882863341	0	0	88.0694143167	0	0.56390977443609	0	0.18796992481203	0	0.18796992481203	0	0	0	5.1	4.65601503759	0	0	0.0649772579597141	97.2059779077323	0	2.72904483430799	0.174570846668606	0.669188245562991	4.85888856560954	82.5138201920279	5.70264765784114	6.08088449228979
"SORT_098F_Switched"	0.19838603150335	0.144862551047585	0.499298068776817	0.314867837529673	1.3029126726561	0.9038948454651	0	0	0	23.9975	0	0	0	0	58.9278710101	0	2.95824173385509	2.9550437516825	3.8136468682353	4.1509397329501	0.721821210438645	21.1327040533037	78.1454747362576	0.0542064180398959	0	19.9696444058977	0	0	0.650477016478751	0	79.3256721595837	16.5927746375	16.5325480471	15.7405943493	13.8349641226	13.6025915723	13.6684847679	14.0798338032	12.4577844311	12.0537752414	5.13465660237	4.79542903785	5.05520819476	5.10461492803	5.59880239521	6.65057067603	7.04463840399	5.68610315186	8.17313713212	5.62132624428	0.35603124787	0.363281884459	0.328846162572	0.361880895965	5.09825436409	4.25157593123	5.24420788979	4.19613055679	9.26234413965	7.55085959885	10.4912335629	7.45753950672	14.36059850374	12.14334470989	11.80243553008	-2	15.73544145269	15.32151898738	11.65367006351	3.58590142305	5.92303599929	10.9981323926	5.58252427184	6.26236923947	8.83899676375	16.0305343511	0.461074658627416	0.726291761776302	0.374153099403377	0.212803688597269	0.31126789790413	0.192132672666599	0.124135485015074	0.207511931936086	0.121346951157852	0.156479217603912	0.200072753728629	0.780107264749	0.00021305233495	0.092	0	0.0882	0	0.0772	0	4.4926405391	4.34716746213	4.70623925574	2.64653806728171	4.00708228496878	12.5430994315534	52.828254589507	12.2076227751375	15.7674028515516	2.75482093663912	4.4383226201408	12.9272523211917	53.1170288746046	12.3762881338639	14.3862871135598	1.94226420114407	4.33683650392444	11.0150325927897	54.0508181455368	13.6224557669283	15.0325927896767	0	2.92887029288703	0.139470013947001	5.64853556485356	58.6471408647141	21.2691771269177	11.3668061366806	3.09364548494983	5.32329988851728	9.22519509476031	62.9598662207358	10.7023411371237	8.69565217391304	2.63157894736842	7.89473684210526	10.5263157894737	57.8947368421053	5.26315789473684	15.7894736842105	0	0	0	0	0	0	2.46327348271257	3.39813028639264	13.8447840925953	50.5713013800267	12.2718504229114	17.4506603353613	0.477489768076398	4.63847203274216	8.93587994542974	51.7735334242838	16.2346521145975	17.9399727148704	2.69461077844311	4.22155688622755	10.1696606786427	57.9840319361277	12.4151696606786	12.5149700598802	2.76558384547849	4.14837576821773	9.08691834942932	60.2282704126427	10.6014047410009	13.1694468832309	0	0	0	0	0	0	0	0	0	0	0	0	0	0	0.210970464135021	5.50441120061373	0	19.92	11.975308642	4.3672985782	28.3950617284	55.6872037915	0	0	0.0215	0.0056	0	0.0218	0.0057	0	0	0	0.0272	0	0	0	0	5.41935483871	0	0.219229975779	0	1.98924731183	0	6.44086021505	-2	8.43010752688	0	0	0	0	72.4358974359	0	0	80.7692307692	0	0	0	0	0	0	0	0	0	0	0	0	0	5.24358974359	0	0	0	100	0	0	0	0.947867298578199	18.2464454976303	43.1279620853081	18.0094786729858	19.6682464454976
"SORT_100H_Switched"	0.218582870913	0.184355526492	0.492685226669	0.428019336003	1.30147060542	1.25084374508	5.4941	4.969	0	0	2.5071	10.3524542041	7.4791439685	0	0	4.76523834192	4.93870773795	5.25984832591	5.68504274698	5.84109838948	51.1111111111111	13.3333333333333	35.5555555555556	28.8888888888889	0	6.66666666666667	0	0	17.7777777777778	4.44444444444444	42.2222222222222	16.9324800594	16.7542253521	16.5502121641	19.5819165379	20.7217296412	19.7175357873	20.8123950755	18.3668200409	16.186137507	3.19422977846	2.07338698677	3.78323108384	1.87465025182	3.94938650307	5.64561207378	9.59716981132	7.13281799016	9.94022386282	7.0069980695	0.359126594067	0.349265043194	0.351223686398	0.348365581443	7.25547169811	5.21925509487	7.23815194094	5.14623552124	13.0762264151	9.63715155774	13.5379852346	9.48214285714	20.33169811321	14.7282051282	14.85640665261	-2	20.77613717554	23.56750298687	14.62837837838	13.2778729304	23.8845955693	27.8647980214	6.16747451111	20.0513824321	9.00885843222	34.7076094935	0.432454695222405	0.741860145624399	0.718462823725982	0.432454695222405	0.947932408297843	0.350877192982456	0.154448105436573	0.206072262673444	0.300751879699248	0.304731355252606	0.267847381655188	4.64554428108	0.00016173326742	0.1672	0	0.3114	0	0.2656	0	4.44398682043	4.50886110729	4.45194718369	3.70084149064056	2.81641765413017	11.4116434827409	51.7430877554525	14.2795809720076	16.0484286450283	4.21497749283863	4.06492975037512	12.7267767016778	50.9753103260128	12.9586686673032	15.0593370617924	4.1538854805726	1.84049079754601	11.8225971370143	50.6007157464213	14.8389570552147	16.7433537832311	0	13.6739293764087	0.150262960180316	4.50788880540947	50.4132231404959	27.1975957926371	4.05709992486852	2.299676607977	6.71936758893281	13.2590729428674	53.3237513474668	11.3187208048868	13.0794107078692	1.72413793103448	10.3448275862069	17.2413793103448	41.3793103448276	10.3448275862069	18.9655172413793	0	0	98.0861244019139	0	1.91387559808612	2	4.58869613878008	2.07050923335199	9.54113038612199	53.3855623950755	14.9692221600448	15.4448796866256	6.76691729323308	1.64697457930541	3.22234156820623	46.7239527389903	21.7329036877909	19.906910132474	4.19222903885481	3.54038854805726	9.73926380368098	53.9238241308793	13.4713701431493	15.1329243353783	2.61319172722191	3.11626607043041	10.830072666294	53.060368921185	14.4494130799329	15.9306875349357	0	0.320987896159	0	0.553540092371	0	1.61602246588	0	35.73	0	66.2475144578	0	1.03923889467	0	2.1907996754	0	5.25344488188976	19.935483871	16.7043429844	6.07712082262	8.39446782922	55.3556126821	43.4906794949	0	1e-04	0.0356	0.0028	0.0053	0.1472	0.0573	3e-04	0.0023	0.0278	0.6608	0	0.0057	0	2.59090909091	6.9399759904	0.286261970353	0.318175819645	1.68181818182	4.44777911164	3.22727272727	8.39735894358	4.90909090909	12.84513805522	0	11.3253012048	19.3548387097	78.9156626506	40.5215646941	35.4838709677	82.5301204819	64.0922768305	0	0	88.6994316282	0	0.0310269934843314	0	0.279242941358982	0	0.0310269934843314	0	0	0	4.61290322581	4.83741855414	2.5706940874036	0	27.8491859468723	35.8183376178235	5.82690659811482	27.9348757497858	6.4792543595911	0.375826819001804	10.7636800962117	41.0853878532772	17.1076368009621	24.1882140709561
"SORT_014P_Switched"	0.0424097421629	0.0409424091792	0.118525974596	0.109209360906	1.04590145586	1.04446610694	0.898	4.362	0	0	0.6797	1.6649254781	7.43151504134	0	0	0.895365799419	6.04933273667	6.06959199396	6.14738577369	6.15243857636	89.7295857199947	9.95737311842281	0.313041161582523	51.6120661693156	0	0.0129743756081739	0.927667855984431	0	27.5900097307817	9.86701265001622	9.99026921829387	17.3708893871	17.1931294512	16.3559771522	17.5155495766	17.5726005733	17.7747829029	18.2605843769	16.5795644891	15.3622248428	2.71425180027	2.61935356331	2.63899853389	2.76684555754	3.21608040201	3.2822327044	9.14746369979	6.66104792851	9.61122881356	6.59260780287	0.359940523061	0.377120205411	0.3626405468	0.377340125318	6.61210635489	5.30686433794	7.01122881356	5.26652977413	11.8991137092	8.84017059301	12.3843220339	8.7501026694	18.51122006409	15.15789473684	14.14703493095	-2	19.39555084746	16.4243478261	14.01663244353	26.7727104936	42.6345083488	36.398085361	5.41529916688	29.6050203027	8.52057561222	36.638813383	1.18716379150436	1.11676139196331	1.70390003786445	0.556483027267668	0.448698773556686	1.1359333585763	0.417362270450751	0.199421677136305	0.807774832765367	0.806751892764056	0.344922737306843	6.35317329826	0.000198161219243	0.2294	0	0.2802	0	0.0716	0	4.67111853088	4.37341709044	4.5866464723	1.88335839202342	3.02286935190314	11.5296351982274	65.458574028646	8.46719949355068	9.63836353564928	2.08559849757833	4.35899970346941	12.2467134526045	66.2449342690521	6.63240090936048	8.43135316793516	1.86083229953761	2.54877636179091	10.7589940227811	69.380850343972	7.89444005864441	7.55610691327394	0	0	1.16229014205768	6.5002152389152	89.7546276366767	1.2914334911752	1.2914334911752	3.81739472648564	9.75993703266431	16.0566706021251	56.8673750491932	7.43801652892562	6.06060606060606	0	14.8148148148148	48.1481481481481	18.5185185185185	0	18.5185185185185	0	0	15	0	0	10	1.37149672033393	1.75313059033989	10.3637447823494	69.8389982110912	7.21526535480024	9.45736434108527	1.29151291512915	1.26076260762608	10.1476014760148	77.7367773677737	5.04305043050431	4.52029520295203	2.53489670575098	3.71859296482412	10.2289223897264	70.7761027359017	5.79564489112228	6.94584031267448	2.43710691823899	3.79323899371069	12.5589622641509	59.3553459119497	11.5566037735849	10.2987421383648	0	0	0	0	0	0	0	0	0	0	0	0	0	0	0	8.02491424444846	18.1111111111	18.7086092715	10.5555555556	11.667738478	11.1111111111	19.7213290461	0	0	0.0099	0	0	0	0	0	0.0016	0	0.2346	0	0	0	5.77777777778	4.68421052632	0.298537519842	0.377125304648	3.72222222222	3.72540045767	8	5.98627002288	11.72222222222	9.71167048055	0	45.6747404844	0	0	45.9563543004	0	0	70.0898587933	0	0	90.8857509628	57.6923076923077	0	84.6153846153846	0	57.6923076923077	0	0	0	0	2.30769230769	4.75609756098	12.962962962963	0	0	5.55555555555556	0	81.4814814814815	3.0010718113612	8.68167202572347	9.86066452304394	58.7352625937835	11.8971061093248	7.82422293676313
"SORT_069Z_Switched"	0.201344626914	0.295341783867	0.411073427341	0.503898307003	1.2933012304	1.51424001304	2.0905	0	0	14.3675	2.6596	3.38039250065	0	0	21.4921675139	4.24786377022	5.32703935395	4.83029849109	5.81662139302	5.55362000302	68.5094385878892	29.9828389311106	1.50772248100025	20.6642512077295	0	1.55797101449275	0.0120772946859903	0.0120772946859903	42.3067632850242	5.76086956521739	29.6859903381643	16.3593705293	17.2439678284	16.3017214397	15.4980202376	15.7642090847	16.381489842	15.5965034965	14.9474278342	13.5390799464	2.4373075231	2.19128052956	2.14446952596	2.29603729604	4.28963070473	5.02456453774	7.35441218741	5.85501397082	7.42686993807	5.79100696643	0.382691052963	0.382839541007	0.372733696992	0.383182872229	5.99425122162	5.00217323812	6.09020168334	4.91798606713	9.88416211555	7.9739211425	10.0724154359	7.85845471818	15.87841333717	14.44660194175	12.97609438062	-2	16.16261711924	16.93127147763	12.77644078531	19.1720959797	15.3521583901	33.4845804814	3.91277766456	22.5210551406	6.92887711433	30.5815986016	0.681375730045425	2.61904761904762	0.855397148676171	0.519143413367943	1.85099846390169	0.753564154786151	0.308241401687216	1.19815668202765	0.468431771894094	0.535183349851338	0.899110824102131	2.28851963746	0.00021815460364	0.162	0	0.356	0	0.2508	0	4.57543802726	4.7019969278	4.68635437882	2.3933128024637	4.39067311922569	9.09810822701276	56.0492740871095	11.297844258689	16.7707875054993	2.45377767632961	5.45537548504908	9.57543939739785	56.4825382332801	10.2830404017348	15.7498288062086	2.41857465333763	4.75653015156401	7.41696227023541	60.7545952918413	11.3189293776201	13.3344082554015	97.8260869565217	0	3.18471337579618	0.545950864422202	93.9945404913558	0.818926296633303	1.45586897179254	3.04182509505703	9.23411189570885	14.0141227593699	54.2639869636067	10.1032047800109	9.34274850624661	0	5.88235294117647	5.88235294117647	44.1176470588235	17.6470588235294	26.4705882352941	0	0	0	0	100	98.3516483516484	2.44755244755245	4.54545454545455	8.08857808857809	57.4825174825175	11.2121212121212	16.2237762237762	2.53327608415629	1.33104336625161	6.39759553456419	69.386002576213	8.71618720480893	11.635895234006	2.7092404450895	3.56394129979036	7.32139977422996	65.1830349943558	10.6918238993711	10.5305595871634	2.52344796784279	4.3099598034837	10.1607860652077	54.3769539973202	12.840553818669	15.7882983474766	0	0.279820735876	0	0.493358927562	0	1.50591088946	0	29.665	0	51.7926467331	0	1.33642424731	0	2.33671539351	0	0.0538599640933573	0	18.0440729483	8.14285714286	8.05401234568	7.14285714286	44.7530864198	0	0	0.0037	0	0	0.0167	0	0	0	0	0.2774	0	0.0083	0	0	4.17504332756	0	0.259898416307	0	1.95667244367	0	5.53032928943	-2	7.4870017331	0	15.7142857143	0	0	35.3564547206	0	0	62.2350674374	0	0	85.549132948	0	0.384245917387128	0	5.95581171950048	0	0.288184438040346	0	0	0	0	4.64169068204	0	0	0	0	14	0	1.23456790123457	0	5.60699588477366	43.1069958847737	20.3189300411523	29.7325102880658
"SORT_084Q_Switched"	0.0707787022427	0.110513795769	0.217126818592	0.322770900631	1.08078889143	1.13616646086	0.9488	5.704	0	7.7025	1.0591	1.8068006022	8.97705623733	0	11.3416377175	3.45138228126	5.85898923288	5.56844482712	6.09938006918	6.02559904439	80.8821208773868	13.1765819788543	5.94129714375888	28.4432758487356	0	1.00533601422937	0.00773335395561055	0	27.6699404531745	24.9168664449772	17.9568478849277	16.8916666667	16.8327590777	16.1209084836	17.3920792079	17.0494699647	16.0804377565	18.1320951586	14.2030075188	16.6144622093	3.09759547383	3.1016882607	4.13132694938	2.06594323873	5.42144835774	3.92441860465	7.99036918138	6.14140040789	9.66952100615	6.06076975017	0.370195465495	0.37547792219	0.343540504694	0.37485423935	6.05818619583	5.06390210741	6.464811346	5.00270087779	10.5365168539	8.29367777022	12.7035054857	8.17960837272	16.59470304973	-2	13.35757987763	-2	19.1683168317	18.76277372266	13.18230925051	2.74857314509	3.83302704122	5.17707082833	5.96081700709	4.79122859718	11.8382659441	14.2910784019	0.157521659228144	0.0749962501874906	0.917048770320967	0.131268049356787	0.374981250937453	0.500208420175073	0.131268049356787	0.0449977501124944	0.458524385160484	0.456242223143924	0.210873750802237	0.904919704308	0.000358212453761	0.0804	0	0.0974	0	0.0962	0	4.57626673668	4.53262336883	4.69487286369	3.33804809052334	2.998585572843	12.7864214992928	57.1570014144272	12.5459688826025	11.1739745403112	3.49430702787593	3.74950922654103	14.0950137416569	56.1444837063212	12.6815861798194	9.83510011778563	2.70861833105335	2.76333789329685	9.60328317373461	59.4801641586867	12.093023255814	13.3515731874145	0	0	47.8260869565217	2.17391304347826	47.8260869565217	2.17391304347826	0	2.23390275952694	11.826544021025	26.281208935611	46.9119579500657	8.14717477003942	4.59921156373193	0	3	2	9	1	0	0	0	0	0	0	0	3.75626043405676	2.17028380634391	12.6878130217028	57.3247078464107	13.3347245409015	10.7262103505843	6.58362989323843	1.60142348754448	6.58362989323843	53.7366548042705	18.1494661921708	13.3451957295374	3.20538187574199	5.57973882073605	13.2963988919668	57.3011476058567	12.2279382667194	8.38939453897903	2.72529069767442	4.14244186046512	14.0988372093023	56.2136627906977	11.046511627907	11.7732558139535	0	0	0	0	0	0	0	0	0	0	0	0	0	0	0	0.240384615384615	0	17.2098560354	4	7.82254901961	47.8260869565	37.3529411765	0	0	0.1032	0	0	0.038	0	0	0	0.0093	0.5339	0	0	0	0	4.61971830986	0	0.276229545128	0	2.52875586854	0	6.30633802817	-2	8.83509389671	0	16.9491525424	0	86	14.4852224748	0	96	28.1260149399	0	0	79.6362455343	0	0.479233226837061	0	0.12779552715655	0	0.0958466453674121	0	0	0	0	4.71214057508	0	97.8260869565217	0	0	0	2.17391304347826	4.68627450980392	5.03921568627451	6.6078431372549	58.2352941176471	11.2745098039216	14.156862745098
"SORT_004D_Switched"	0.200484820509	0.0695510983719	0.361666984996	0.238599406874	1.25611156735	1.07805925505	10.9503	5.198	0	17.7	1.4545	11.8049479269	8.85471297062	0	37.9800611298	2.68419559045	5.33988096709	5.78297300752	5.54624736239	6.09216728065	0.449360525406153	80.2050927526213	19.3455467219726	0.171291538198013	0	7.09146968139774	0.0114194358798675	0	0.216969281717483	0.0456777435194701	92.4631723192874	15.0729166667	14.3958139535	16.3368421053	12.6166750125	12.2520231214	11.5091096597	12.5478158205	11.2262531155	12.6121212121	6.88532799199	7.42774566474	7.97524922654	7.3199527745	8.64026585433	6.74242424242	6.38596491228	5.15856353591	5.98787878788	5.04395008139	0.337824152617	0.318223603487	0.34291252123	0.313170477436	4.5216374269	3.71436464088	4.86946386946	3.61747151384	8.57426900585	7.0270718232	9.31282051282	6.85567010309	13.09590643275	9.2380952381	10.74143646408	-2	14.18228438228	9.72727272727	10.47314161693	48.189708074	33.3555703803	76.4901273298	37.727784027	59.8316823003	53.4983127109	72.6133076181	1.53435623749166	0.0369071784462078	0.697412823397075	2.26817878585724	0.0184535892231039	0.674915635545557	1.46764509673115	0.0184535892231039	0.47244094488189	0.46916890080429	0.331842446977348	2.59414225941	0.000571993856647	1.0394	0	0.81	0	0.9322	0	4.18145430287	4.79128990589	4.21417322835	3.25488232348523	4.40660991487231	7.36104156234352	67.5513269904857	10.5157736604907	6.91036554832248	3.4393063583815	5.43352601156069	7.54335260115607	68.0635838150289	10.2601156069364	5.26011560693642	1.40941904434514	4.77827432107253	6.05018906840839	68.4083877621176	11.0347198349948	8.31900996906153	0	0	1.19549929676512	0.140646976090014	89.592123769339	9.07172995780591	0	3.34190231362468	7.96915167095116	19.5372750642674	53.8560411311054	11.9537275064267	3.34190231362468	0	0	2	6	0	0	0	0	0	0	0	0	3.48288075560803	4.30932703659976	6.10979929161747	70.1003541912633	10.4486422668241	5.54899645808737	0	0.078740157480315	0.15748031496063	99.4488188976378	0.236220472440945	0.078740157480315	3.93242869011354	5.92633619495984	7.64331210191083	67.6543893658266	11.7418997507616	3.10163389642758	2.8030303030303	3.78787878787879	14.1666666666667	58.1818181818182	11.969696969697	9.09090909090909	0.225703571429	0.349914356085	0.391178599364	0.547135311239	1.47138690476	1.76881162302	34.14	35.4275	53.0999843548	57.3858496092	1.25381799143	1.22823474149	1.78961172977	2.10471917025	0	0	0	17.1151586369	27.8674463938	14.8927363184	0.129954515919	19.3432835821	0	0	0.126	0	0	0.0416	0.0175	0	0	0	0.1866	0	0	0	0	4.38895859473	0	0.281779835551	0	2.57716436637	0	5.49435382685	-2	8.07151819322	0	16.1214953271	0	0	21.1724137931	0	0	39.5862068966	0	0	85.8620689655	0	0.896551724137931	0	0.0689655172413793	0	0.0689655172413793	0	0	0	0	4.82965517241	0.779727095516569	0	0.0649772579597141	99.1552956465237	0	0	0.955223880597015	0.995024875621891	2.78606965174129	68.2388059701493	8.83582089552239	18.1890547263682
"SORT_066W_Switched"	0.0161763289977	0.0170493849079	0.0580047561604	0.0575253914167	1.01676136426	1.01770284564	0.4853	2.544	0	0	0.4756	0.682291191347	3.5987833595	0	0	0.651438636235	6.13903051538	6.1414903543	6.19121387134	6.19004597157	35.7142857142857	21.4285714285714	42.8571428571429	3.57142857142857	0	3.57142857142857	0	0	25	7.14285714285714	60.7142857142857	16.9393213573	16.6594898973	15.2224178404	17.0715002149	16.816676611	17.1230150328	16.7543636364	15.216675379	16.6703703704	0.702106318957	0.760739856802	0.656362481474	0.418181818182	1.41139571354	2.71604938272	9.32505263158	6.5243902439	8.765370555	6.52684365782	0.348910690324	0.371307496837	0.37242764979	0.370656437784	6.24336842105	5.16782810685	6.52675307411	5.15752212389	12.2665263158	8.83333333333	11.3306746427	8.81651917404	18.50989473685	13.0303030303	14.00116144018	-2	17.85742771681	14.93075356415	13.97404129793	7.72395955796	20.4225352113	11.7787031529	12.5308472717	13.0672466494	21.7438990951	40.6830472608	0.287614596440769	0.817843866171004	0.0822143052891203	0.719036491101923	0.743494423791822	0.0822143052891203	0.125831385942837	0.490706319702602	0.0548095368594135	0.054127198917456	0.299805126667666	3.48682459409	0.000694660584757	0.1836	0	0.2742	0	0.2022	0	4.52112169693	4.48921933086	4.53850369964	2.19229115919186	2.24960596073936	10.2450207766156	60.5101017337727	8.6258776328987	16.1771027367818	2.19272076372315	2.96837708830549	11.4856801909308	59.8299522673031	8.17422434367542	15.3490453460621	3.09125555790811	2.20199026042769	9.46432352318442	57.6963794198603	9.3584586068177	18.1875926318018	0	0	0.26525198938992	0	62.5994694960212	12.2015915119363	24.9336870026525	2.44360902255639	12.0300751879699	32.3308270676692	42.8571428571429	6.39097744360902	3.94736842105263	0	0	0	0	2	1	0	0	100	0	0	0	2.45454545454545	1.36363636363636	9.52727272727273	61.4909090909091	8.09090909090909	17.0727272727273	0	1.1983223487118	6.7106051527861	55.2426602756141	7.18993409227082	29.6584781306171	3.31939362258233	2.53528489283847	7.73653946680606	65.4730789336121	9.33089388395191	11.6048092002091	2.34567901234568	2.71604938271605	14.4444444444444	54.320987654321	11.1111111111111	15.0617283950617	0	0.0762776611377	0	0.177765936826	0	1.0982024953	0	11.0375	0	15.6595108027	0	2.66643971056	0	2.86562402726	5.1377210785735	1.35691504783995	0	17.8132780083	23.5151515152	12.8086859688	0	12.2271714922	0	0.0096	0.0714	0	0	0.0097	0	0	0	0.014	0.3205	0	0.0145	0	0	6.75060679612	0	0.345933992695	0	4.58980582524	0	8.79186893204	-2	13.38167475728	0	7.82698249228	0	83.6477987421	14.7973950796	0	87.4213836478	28.509406657	0	0	76.0853835022	0	2.66849127608621	0	0.752651385562778	0	0.205268559698939	0	0	0	0	4.58912076634	0	0	0	100	0	0	1.91536748329621	6.97104677060134	8.79732739420935	61.0690423162584	8.37416481069042	12.8730512249443
"SORT_035M_Switched"	0.151909071638	0.0870044754503	0.2941657293	0.22024347681	1.18319736188	1.10299303688	9.0058	6.383	10	7.255	0.9557	14.1869485249	9.96555840151	70.1555555556	9.91842105265	1.5471324673	5.4371796347	5.87591225101	5.75285172444	6.07173729903	0.0756811301715439	6.64732593340061	93.2769929364278	0.0121212121212121	0	25.0424242424242	0	0	0.0363636363636364	0.0242424242424242	74.8848484848485	16.446974423	16.7495826377	17.4822033898	15.7211303789	15.4813833311	15.7838383838	15.5744171191	14.624336688	15.3474484256	3.28837508028	3.48482840864	3.06397306397	3.43340785691	4.64775846295	3.90879478827	8.84438855706	6.24926439681	7.66150740242	6.17167381974	0.343315048896	0.357177955734	0.382772813477	0.352787256684	5.87613957875	4.65279529214	6.11473755047	4.58841201717	11.6067274442	8.30895334174	10.2045760431	8.22360515021	17.48286702295	12.98717948717	12.96174863388	-2	16.31931359357	14.45238095238	12.81201716738	11.6761776883	26.16331432	11.7069109076	13.8894725783	16.0232740293	20.9918050011	36.902763791	0.330231161813269	0.0332391557254446	0.420168067226891	0.345241669168418	0.448728602293502	0.336134453781513	0.240168117682378	0.0332391557254446	0.23109243697479	0.224765018389865	0.138557462858902	4.48748228625	0.000646638804081	0.3176	0	0.3016	0	0.3032	0	4.58075652957	4.58667109855	4.58466386555	3.19845857418112	2.45343609505459	8.25947334617855	57.1612074502248	13.8214515093128	15.1059730250482	3.06081886842454	3.37882602358553	9.24870809593216	56.0620113952564	13.3032993242348	14.9463362925666	1.98653198653199	1.9023569023569	8.87205387205387	56.3299663299663	14.8316498316498	16.0774410774411	0	1.95195195195195	0.15015015015015	4.8048048048048	67.5675675675676	20.1201201201201	5.40540540540541	2.06489675516224	12.8318584070796	19.0265486725664	47.9351032448378	10.1769911504425	7.9646017699115	1	0	0	3	1	0	0	0	100	0	0	0	3.17789843500479	1.75662727563079	7.39380389651868	59.6454806771	13.2066432449697	14.8195464707761	3.41419586702606	3.14465408805031	3.23450134770889	55.0763701707098	1.61725067385445	33.5130278526505	2.25068618481244	2.39707227813358	10.5215004574565	61.0612991765782	10.2287282708143	13.5407136322049	3.58306188925081	2.49728555917481	8.03474484256243	59.3919652551574	15.4180238870793	11.0749185667752	0	0.204973853142	0	0.475664188369	0	1.31713897643	0	23.3425	0	45.3701668886	0	1.76203847531	0	2.55220320639	0	0.11528326745718	0	16.5782122905	0	11.7915343915	0	15.6613756614	0	0.0488	0.1932	0	0	0.0574	0	0	0.0217	0.0548	0.3312	0	0.0395	0	0	4.82947976879	0	0.23395842045	0	2.43352601156	0	6.37861271676	-2	8.81213872832	0	2.12765957447	0	85.7142857143	28.1045751634	0	0	44.6078431373	0	0	92.3202614379	0	0.958466453674121	0	1.11821086261981	0	0.958466453674121	0	0	0	0	5.14217252396	0	0	0	4	0	0	4.12698412698413	1.05820105820106	8.88888888888889	57.2486772486772	8.57142857142857	20.1058201058201
"SORT_001A_Switched"	0.0812216568893	0.0589932433596	0.252170997312	0.190118257921	1.09315272712	1.06633076406	1.4199	3.823	0	10.3975	0.7308	2.7903197783	5.56704620711	0	17.3414155175	1.14638148072	5.76266231508	5.91596720003	6.07211665036	6.12270141057	61.7647058823529	14.7058823529412	23.5294117647059	32.3529411764706	0	2.94117647058824	0	0	29.4117647058824	0	35.2941176470588	16.5888962327	17.481215028	16.9804287046	15.9556799627	15.4862913097	15.578009828	15.9853314528	13.2250186428	14.2917757988	4.04711919757	4.51652386781	4.29975429975	4.2736248237	7.58762117823	6.75746464117	9.00265780731	5.86553565818	8.53645310303	5.79810725552	0.347380689327	0.365144905205	0.353376460308	0.360830183821	6.06777408638	4.55670750864	5.98774854388	4.48012618297	11.7023255814	7.83568960101	11.0546294437	7.7334384858	17.77009966778	10.16666666667	12.39239710965	-2	17.04237798758	17.03343949041	12.21356466877	3.39401568703	13.9551441794	5.2520200077	4.92379835873	6.41522223298	8.60827332105	20.9983538298	0.0705716302046577	0.200976169968418	0.351640991292699	0.0352858151023289	0.287108814240597	0.251172136637642	0	0.191405876160398	0.21768251841929	0.212731140566192	0.184691155345783	1.4386347852	0.000399888698515	0.1538	0	0.0828	0	0.1214	0	4.53034580099	4.39879414298	4.74112525117	2.49591789129928	4.40867739678097	11.4182411943084	51.9360858409144	13.9141590856077	15.8269185910893	2.52141982864137	4.89596083231334	13.0722154222766	50.5018359853121	13.7454100367197	15.2631578947368	1.93488943488943	2.76412776412776	4.20761670761671	60.2272727272727	16.0626535626536	14.8034398034398	0	0	0	9.97150997150997	67.2364672364672	14.5299145299145	8.26210826210826	2.92887029288703	6.69456066945607	15.6206415620642	51.1854951185495	12.3430962343096	11.2273361227336	0	16.9014084507042	49.2957746478873	12.6760563380282	15.4929577464789	5.63380281690141	0	0	0	0	0	0	2.32722143864598	4.68265162200282	12.228490832158	51.4950634696756	13.342736248237	15.9238363892807	0.867678958785249	4.66377440347072	8.45986984815618	56.7245119305857	13.3947939262473	15.8893709327549	2.81506338553318	2.83370618941089	9.37733035048471	56.1707680835198	14.2990305741984	14.5041014168531	2.61917234154007	4.50497642744893	8.90518596123625	56.0502881089576	13.5149292823468	14.4054478784704	0	0	0	0	0	0	0	0	0	0	0	0	0	0	0	7.2201435938922	0	19.308588064	11.6324435318	7.81115672543	2.66940451745	36.826853417	0	0.0054	0.2507	0	4e-04	0.0772	0.0125	0	0.011	0.0161	0.3861	0	0	0	0	6.04300234558	0	0.331506403166	0	4.0164190774	0	7.07193119625	-2	11.08835027365	0	16.292798111	0	85.9649122807	59.8042905533	0	94.7368421053	69.1381257057	0	0	88.7090703801	0	4.64259395725866	0	5.89535740604274	0	4.23728813559322	0	0	0	0	4.82313927782	0	0	5.5441478439425	92.8131416837782	1.64271047227926	0	0.917652740883845	0.724462690171456	10.1424776624004	61.0722047814538	10.6978990581985	16.4453030668921
"SORT_039R_Switched"	0.154572438579	0.0566974916257	0.422053532362	0.194538326976	1.18738771539	1.06205454126	4.7112	3.162	0	13.0625	1.5851	11.5602676873	5.02120540596	0	34.0549330144	3.08459529015	5.01064762001	5.86922463227	5.80959250729	6.11222991384	82.1719226856562	17.0587487283825	0.769328585961343	46.5757747901281	0	0.0946790380609733	0.00631193587073155	0	33.951903048665	1.74840623619264	17.6229249510825	16.070339663	16.1063829787	16.3071271124	14.5573927172	14.3652450542	14.4940873434	14.5341518655	13.6628733997	13.595065312	4.24352480168	4.38413361169	4.25008781173	4.44629872452	5.26315789474	6.31349782293	7.459230979	5.64995083579	7.7726231386	5.61605367793	0.367915453217	0.399726504383	0.373485249273	0.396931296836	5.60730842651	5.00663716814	5.93871706758	4.96545725646	9.95145895828	7.61996066863	10.2966781214	7.57480119284	15.55876738479	9.94791666667	12.62659783677	-2	16.23539518898	14.31339712918	12.5402584493	7.99509113222	22.9592566119	11.6464630965	9.33052187665	13.463024408	15.3004744333	35.0529521385	0.242822453935152	0.0613779346324996	0.534968684759917	5.95629195829167	0.567745895350621	0.391440501043841	0.0571346950435652	0.0306889673162498	0.117432150313152	0.115163147792706	0.0841278743690409	1.84488939407	0.000451406916093	0.2976	0	0.1876	0	0.2462	0	4.45322096843	4.38622065368	4.68658663883	4.19573736022173	5.1610436777215	13.5429609098729	56.1406862276594	10.2934148905668	10.6661569339578	4.29466149716672	5.41803360174968	13.5202306392286	56.0592504225072	10.5179441296352	10.1898797097127	4.23837958084533	3.11438941575928	13.2303009015338	57.2064161105257	11.0994028802248	11.1111111111111	100	12.9821260583255	6.96142991533396	0.376293508936971	62.5587958607714	5.83254938852305	11.2888052681091	4.13135593220339	8.79237288135593	11.1228813559322	52.2245762711864	13.4533898305085	10.2754237288136	0	23.3333333333333	23.3333333333333	36.6666666666667	10	6.66666666666667	0	0	98.0769230769231	0	1.92307692307692	0	4.81583025390392	4.89927285731315	12.5044701394684	58.6005483371081	10.4660865419001	8.71379187030635	6.56005221932115	0.652741514360313	12.7610966057441	64.2950391644909	7.11488250652742	8.61618798955614	4.71787577050735	4.39781887150308	12.7430061640588	59.755808440019	10.4788999525842	7.90659080132764	3.33817126269956	6.16835994194485	12.2641509433962	53.6284470246734	10.8127721335269	13.7880986937591	0	0	0	0	0	0	0	0	0	0	0	0	0	0	0	0	0	17.996007984	21.9206842924	12.6389690325	0.699844479005	21.7157145605	1e-04	0	0.1558	0	0.0013	0.0158	0.0281	0	1e-04	0.0383	0.1785	0	0.0116	0	0	4.4979338843	0	0.228182517136	0	2.10950413223	0	5.63739669421	-2	7.74690082644	0	12.5	0	78.5714285714	41.1378555799	0	96.4285714286	67.1772428884	0	0	93.0525164114	0	0.377155172413793	0	0.538793103448276	0	0.377155172413793	0	0	0	5.375	4.67726293103	0	0	87.7138413685848	4.97667185069984	7.23172628304821	0.0777604976671851	0.0384689363339104	3.96230044239277	35.8338141950375	33.0063473744951	6.59742258126563	20.5616464704751
"SORT_042V_Switched"	0.231267627177	0.195196112911	0.443225923277	0.382051945208	1.329206336	1.28903804616	8.7982	18.872	0	0	1.2643	10.7128154278	23.0257190781	0	0	1.6668783997	5.11042224813	5.33604720918	5.60506911169	5.84274314463	63.5294117647059	34.1176470588235	2.35294117647059	15.2941176470588	0	1.17647058823529	0	0	4.70588235294118	43.5294117647059	35.2941176470588	16.9462302747	16.5309734513	15.6161041074	17.9308148148	17.7098462026	18.3793002915	18.0469963995	15.6224056604	15.5096618357	1.71851851852	1.7282384652	1.48688046647	1.72446465795	2.24056603774	2.89855072464	9.66978922717	6.46183800623	8.84454623533	6.43637846656	0.345001513142	0.387341067809	0.376034087113	0.388482312904	6.49297423888	5.45366043614	7.01660463785	5.44371941272	12.8401639344	8.64096573209	11.7847122817	8.60358890701	19.33313817328	13.7734375	14.09462616823	-2	18.80131691955	21.23779193206	14.04730831973	5.9666020389	16.3374098463	10.4003359462	6.28861429832	9.06248045531	11.187113857	24.1603602477	0.533082470994042	0.377886634009797	0.0220555800617556	0.878018187519599	0.293911826452064	0.0220555800617556	0.470366886171214	0.0699790062981106	0.0220555800617556	0.0210970464135021	0.186666666666667	1.30604043702	0.000483127651391	0.162	0	0.1282	0	0.1266	0	4.49325807463	4.56431070679	4.66100573445	2.19259259259259	3.54074074074074	11.7925925925926	62.5777777777778	10.0148148148148	9.88148148148148	1.98192484540986	3.77358490566038	12.3196448390677	63.5801490407484	9.48152846044078	8.8631679086729	1.86588921282799	3.61516034985423	8.7463556851312	67.201166180758	8.77551020408163	9.79591836734694	0	1.36518771331058	0.68259385665529	5.11945392491468	73.7201365187713	5.2901023890785	13.8225255972696	1.8348623853211	4.58715596330275	17.9316096747289	60.6338615512927	8.42368640533778	6.58882402001668	0	1	4	6	3	0	0	0	100	0	0	100	2.2740193291643	3.48682963805192	9.20977828311541	64.9422020087171	10.4604889141558	9.62668182679553	2.98165137614679	2.217125382263	14.6024464831804	63.914373088685	6.49847094801223	9.78593272171254	2.2877358490566	2.78301886792453	9.97641509433962	69.622641509434	8.84433962264151	6.48584905660377	2.71739130434783	3.44202898550725	14.3719806763285	57.1859903381643	10.9903381642512	11.292270531401	0	0.079062121225	0	0.257458510816	0	1.10378065781	0	10.9625	0	20.5760818713	0	2.34819229913	0	2.86078694183	0	6.38200881325027	0	18.2133995037	0	10.0709923664	0	20.5470737913	0	4e-04	0.8186	0	0	0.0253	0	0	0	0.0223	1.0602	0	0.0149	0	0	4.31019248974	0	0.303563560229	0	2.50268223414	0	5.47175765226	-2	7.9744398864	0	10.5737316264	0	72.7272727273	20.7712532866	0	84.0909090909	38.3873794917	0	0	77.6161262051	0	0.778681432773836	0	0.674857241737325	0	0.519120955182558	0	0	0	0	4.95431735594	0	0	8	0	0	0	3.18066157760814	1.85750636132316	5.86513994910942	60.763358778626	13.8167938931298	14.5165394402036
"SORT_091Y_Switched"	0.663371784405	0.258440897617425	0.89372635299	0.53860414948506	3.09445027388	1.2584005604165	52.814	0	0	65.0225	0	89.9167365298	0	0	98.7410733162	0	0.440125101395	3.0797849520002	2.86473296553	4.1620260984007	18.1717859113482	46.8364907117896	34.9917233768622	15.1755175517552	0	11.6921692169217	0.009000900090009	0	2.64626462646265	0.027002700270027	70.4500450045005	17.0152696556	17.771797293	16.5542358079	15.4991676839	15.0564344746	15.4340458309	15.8064937184	13.4810350939	12.9959442332	2.67450893353	2.63282172373	2.75370691315	2.65948768151	4.18291386033	5.19645120406	7.67323481117	5.83238446082	8.24840561224	5.7668722467	0.348946421447	0.382016677118	0.351108576852	0.380994976072	5.50114942529	4.70529135968	5.82971938776	4.66273127753	10.9316912972	7.7856664434	10.9014668367	7.68933920705	16.43284072249	13.10662824208	12.49095780308	-2	16.73118622446	18.0406360424	12.35207048458	8.00347754935	28.3191109347	7.02224052718	3.05197901764	9.92635777846	5.00715307582	18.7787664928	2.12133227597145	2.26430629888843	1.69188609555582	0.931800158604282	1.89378344997942	1.03657810079828	0.594766058683584	1.23507616303005	0.893601811033004	0.861482656993879	0.958763846225449	3.64075714861	0.000250801306154	0.0496	0	0.0586	0	0.057	0	4.49960348929	4.38801976122	4.62595328885	6.3034069470647	4.2059704805238	10.9088891355011	47.9192098546221	13.05071579181	17.6118077904783	6.61157024793388	5.20661157024793	12.3376623376623	48.689492325856	11.8654073199528	15.2892561983471	10.0905064509917	3.36992104756403	9.14692855767379	48.8157134604275	11.0148276526093	17.5621028307337	0	1.22448979591837	2.28571428571429	9.30612244897959	58.9387755102041	12.9795918367347	15.265306122449	2.4541691306919	6.83027794204613	14.3406268480189	57.8651685393258	10.2306327616795	8.27912477823773	0	0	13.6363636363636	54.5454545454545	9.09090909090909	22.7272727272727	0	0	0	0	0	11	7.96214716919563	3.89949420786425	10.8500571055637	45.2765540871268	14.0806004242128	17.9311470060369	1.35869565217391	3.53260869565217	10.054347826087	51.4945652173913	15.0135869565217	18.5461956521739	6.66430343849699	5.4117925085667	12.1706250738509	52.6763559021624	11.3671274961598	11.7097955807633	2.30671736375158	4.28390367553866	10.7984790874525	54.828897338403	13.1558935361217	14.6261089987326	0	0.0703571576897	0	0.258015830198	0	1.09031431048	0	10.57	0	20.3015850991	0	2.39047641144	0	2.87659597357	0	0.0301659125188537	0	18.8486215539	0	10.6111932939	0	13.2642998028	0	0	0.0499	0	0	0.0866	0	0	0	0	0.7879	0	0	0	0	5.46075949367	0	0.299052435021	0	3.30379746835	0	6.93924050633	-2	10.24303797468	0	46.148255814	0	0	51.1443661972	0	0	78.5504694836	0	0	88.8204225352	0	0.175953079178886	0	0.205278592375367	0	0.146627565982405	0	0	0	0	4.6137829912	0	0	0	0	0	0	0.801282051282051	7.54437869822485	16.6666666666667	36.8959566074951	5.99112426035503	32.1005917159763
"SORT_093A_Switched"	0.339877267653	0.445633173979	0.687754619265	0.825712305229	1.5357151817	1.84663774558	11.3201	26.802	0	11.965	30.039	20.3176847012	45.3529369245	0	18.6840155945	55.1532487045	3.73232709597	2.38243514333	5.07233796325	4.3777788566	64.5739910313901	13.4529147982063	21.9730941704036	0.446428571428571	0	1.78571428571429	0	0	63.3928571428571	0.446428571428571	33.9285714285714	15.6634098681	17.2784205231	16.3618309518	15.909250646	15.6901017576	15.7108638541	16.0112266604	15.0757322642	14.9086395233	5.99483204134	6.22880049337	6.08870344614	5.69605294257	6.71566989642	7.7457795432	8.92407592408	6.61707089552	8.93754779505	6.39135864136	0.350397162757	0.377303247859	0.312007802562	0.370319532381	6.34515484515	5.20265858209	5.84501656895	5.06893106893	11.6273726274	8.61497201493	12.3145551874	8.35214785215	17.97252747255	11.41434262949	13.81763059702	-2	18.15957175635	18.8896396396	13.42107892108	12.3203199867	23.5156615241	32.6671876744	7.49577940349	19.2366984709	13.3708497468	47.6646806383	0.444132772323516	0.100457640361648	0.101146325016858	0.0233754090696587	0.0223239200803661	0.0674308833445718	0.0233754090696587	0.0223239200803661	0.0449539222297145	0.0404203718674212	0.0212434499362696	5.18815201192	0.000572552513346	0.1908	0	0.1328	0	0.2236	0	4.34244974287	4.75957138073	4.72443245673	3.16279069767442	2.45994832041344	9.65374677002584	59.7932816537468	7.54521963824289	17.3850129198966	3.16579299002981	3.45359235275979	10.7513619076986	59.1633261383493	7.35944084695241	16.1064857642101	4.51244011744707	0.710863854118374	9.89027970947303	58.1826611033843	8.42219131509813	18.2815639004791	0	6.26884963377854	0.646273158121499	6.85049547608789	56.5489013356312	8.38000861697544	21.3054717794054	2.8798411122145	12.0158887785501	20.7547169811321	52.7308838133069	7.54716981132075	4.07149950347567	0	25.9259259259259	24.0740740740741	24.0740740740741	14.8148148148148	11.1111111111111	0	0	8	0	0	0	3.37981564641929	1.58354998818246	9.13495627511227	59.3949420940676	7.37414322855117	19.1325927676672	3.0002608922515	1.53926428385077	11.3488129402557	54.8656404904774	4.46125750065223	24.7847638925124	3.54159705980621	2.48357278093329	9.28833945873705	59.9955451609311	7.53981512417864	17.1511304154137	2.68123138033764	3.67428003972195	10.9235352532274	56.901688182721	9.73187686196624	16.0873882820258	0	0	0	0	0	0	0	0	0	0	0	0	0	0	1.06312292358804	9.76744186046512	0	18.1216566005	24.1515151515	13.2640117994	19.696969697	19.0081120944	0	2e-04	0.0559	0	0	0.0372	0	0	0	0.004	0.2558	0	0	0	0	6.12330009066	0	0.279710000921	0	3.6291931097	0	8.04351767906	-2	11.67271078876	0	34.6578366446	0	0	31.6501821968	0	0	52.2644456012	0	0	86.5694950547	0	1.76807072282891	0	0.884035361414457	0	0.728029121164847	0	0	0	0	4.9401976079	0	0	0	77.2727272727273	22.7272727272727	0	2.1570796460177	3.42920353982301	9.78982300884956	40.1364306784661	32.1165191740413	12.3709439528024
"SORT_006F_Switched"	0.233359159782	0.369472237068	0.536403367182	0.752356998477	1.33907468198	1.63286677533	4.9419	14.887	0	13.7025	17.3463	11.9235207486	31.5798535315	0	21.9294792557	40.7935876256	4.64901479506	3.07158945643	5.6834578978	4.99324091739	0.11609907120743	10.9907120743034	88.8931888544892	0.0374158144175605	0	25.031179845348	0	0	0.074831628835121	0	74.8565727113994	14.9646324549	16.2322265991	14.875	18.519604147	18.4361518987	18.127213978	18.4976685036	16.7661203654	17.2087099425	3.75117813384	3.74683544304	4.03303015797	3.83637134379	4.795808705	5.50534100247	9.00885582713	7.01108562691	10.1932312346	6.86434108527	0.343695254724	0.387166112385	0.354123693283	0.389696760876	5.89727240524	5.35168195719	7.32387975043	5.2488372093	11.8554729012	9.05275229358	13.8946870864	8.82519379845	17.75274530644	16.00000000002	14.40443425077	-2	21.21856683683	19.574	14.07403100775	12.8745986443	26.5961327982	22.6153410699	26.8659594986	22.2930788441	36.3741562199	52.4884052801	1.36786430786066	0.311262026032824	0.227143668370244	0.711289440087543	0.17921146953405	0.416430058678781	0.145905526171804	0.0188643652141105	0.227143668370244	0.220872446162341	0.058503480957117	5.30111792283	0.00050664825904	0.535	0	0.3498	0	0.5024	0	4.33120554441	4.59833977927	4.48911603256	3.39302544769086	7.05937794533459	14.052780395853	51.0461828463713	11.9227144203582	12.5259189443921	3.46329113924051	7.45316455696203	13.9139240506329	51.3518987341772	11.7063291139241	12.1113924050633	3.69794159885112	7.22833891814265	12.8769746290091	53.9492580181905	11.5007180469124	10.7467687888942	0	0	1.90409026798307	0.352609308885755	79.1255289139633	4.58392101551481	14.033850493653	5.73248407643312	11.4649681528662	14.0127388535032	52.4416135881104	11.2526539278132	5.09554140127389	0	0	2	3	3	3	0	0	0	0	0	0	3.17931326833404	7.59855871131836	13.7134378974142	50.7206443408224	12.1555743959305	12.6324713861806	2.5296442687747	14.0974967061924	10.8300395256917	55.6258234519104	4.61133069828722	12.3056653491436	3.25094035464804	5.44062332079527	11.0021493820527	55.3600214938205	11.8887694787749	13.0574959699087	3.69761709120789	5.50534100246508	15.2013147082991	48.8907148726376	13.5579293344289	13.1470829909614	0	0	0	0	0	0	0	0	0	0	0	0	0	0	0.0142683883855319	7.0985232218021	0	18.5146596859	12.9072164948	12.0703194984	1.03092783505	14.8999701403	0	0	0.0681	0	0	0.0339	0.0052	0	0	5e-04	0.6258	0	0	0.0125	0	6.12573568753	0	0.304232775664	0	3.69234884965	0	7.89031567683	-2	11.58266452648	0	14.7619047619	0	57.1428571429	21.5078236131	0	0	41.280227596	0	0	87.8236130868	0	2.0442930153322	0	0.993753549119818	0	0.709823963657013	0	0	0	0	4.52243043725	0	0	0	74.2268041237113	0	25.7731958762887	0.925649447596297	1.73186025679307	10.1074947745596	48.9549119140042	9.27142430576292	29.008659301284
"SORT_121F_Switched"	0.506022944394	0.353461620254	0.89018716301	0.781081372783	2.06412992582	1.57852111478	32.4735	5.335	0	0	9.0833	57.7644993732	9.23810696694	0	0	19.3480597626	1.70398889126	3.1544222119	3.97834431307	5.10144626132	77.2578319570062	21.9556953729191	0.786472670074715	32.3059066288367	0	0.451379932937839	0.0257931390250193	0	38.9218467887542	6.33221563064225	21.962857879804	16.704	16.8320610687	16.1166666667	17.4483985765	20.8823529412	16.7633587786	18.4736842105	10.592	14.6304909561	1.06761565836	0	2.29007633588	0	17.6	9.81912144703	8.5	5.65714285714	9.01526717557	5.56074766355	0.34896422536	0.370992028772	0.362922201636	0.360942333531	5.78813559322	4.60952380952	6.80152671756	4.51401869159	11.1949152542	7.51428571429	12	7.36448598131	16.98305084742	-2	12.12380952381	-2	18.80152671756	16.44444444441	11.8785046729	7.38255033557	16.0839160839	15.2777777778	11.1111111111	11.8568232662	19.0476190476	32.2147651007	2.0979020979021	0	3.17460317460317	0.699300699300699	0	3.17460317460317	0	0	3.17460317460317	2.87769784172662	0	2.9702970297	0.00295857988166	0.5656	0	0.1246	0	0	0	4.27272727273	4.43055555556	4.5	4.27046263345196	2.13523131672598	9.25266903914591	60.8540925266904	8.18505338078292	15.3024911032028	6	0	0	11	0	0	0.763358778625954	3.05343511450382	12.9770992366412	60.3053435114504	5.34351145038168	17.5572519083969	0	0	0	2	7	2	2	1.8348623853211	5.5045871559633	16.5137614678899	58.7155963302752	11.9266055045872	5.5045871559633	0	0	4	6	4	0	0	0	0	1	0	0	7.5187969924812	1.50375939849624	5.26315789473684	63.1578947368421	10.5263157894737	12.0300751879699	1	0	2	11	1	4	1.6	4.8	16	62.4	12	3.2	2.0671834625323	3.10077519379845	12.4031007751938	59.4315245478036	10.3359173126615	12.6614987080103	0.307584126984	0.0406786549707	0.461520845302	0.1660122893	1.74320039683	1.04737134503	46.64	8.5225	64.1579791793	12.6855889724	1.07581492707	2.63163514196	1.52712969399	2.93470066431	0	13.0438868527394	0	16.1093585699	9.3125	10.4484517304	6.25	18.2513661202	0	0	0.0523	0	0.0034	0.0243	0.001	0	0	0	0.2666	0	0	0	0	5.64484978541	0	0.335054911261	0	3.66845493562	0	7.11909871245	-2	10.78755364807	0	12.3655913978	0	81.8181818182	23.7770897833	0	96.9696969697	41.2383900929	0	0	89.040247678	0	0.970873786407767	0	1.51699029126214	0	0.910194174757282	0	0	0	0	4.57645631068	0	0	0	0	0	16	2.51366120218579	10.6375227686703	6.15664845173042	61.8579234972678	8.19672131147541	10.6375227686703
"SORT_005E_Switched"	0.0154944378077	0.0168306401538	0.0580808238521	0.0577105176645	1.01603256198	1.01746132417	0.4896	2.552	0	0	0.4835	0.725391857642	3.96375588697	0	0	0.631391581476	6.1381460657	6.14091908741	6.19216498106	6.1903011393	75.9019005348811	16.3650847843405	7.73301468077842	21.4369846878681	0	2.03600874978967	0.00560883953110102	0.011217679062202	45.139940546301	9.43967693084301	21.930562566605	16.2650822669	16.8318401103	14.7256995582	17.3102247547	17.2395786643	16.9690790351	17.3682352941	16.3884725439	16.8407643312	1.77271288382	1.83774092335	1.93256030921	1.57647058824	2.316391879	2.97239915074	8.09977827051	7.24497708847	9.47612424664	7.11292719168	0.374508510781	0.381937065538	0.349726531979	0.38177510935	6.36326681449	5.9291505111	6.64186369958	5.84955423477	10.7845528455	9.41875220303	12.608715809	9.24368499257	17.14781965999	17.36686390533	15.34790271413	-2	19.25057950858	19.9487179487	15.09323922734	6.78449258837	13.7510008006	15.0504451039	11.9768563163	12.8122732456	22.4108003857	41.8679382191	0.640256102440976	0.117771758332352	0.173510699826489	3.52140856342537	2.40254386997998	0.289184499710816	0.580232092837135	0.105994582499117	0.173510699826489	0.164804980772752	0.273302646720368	2.75694303669	0.000548364634567	0.27	0	0.3504	0	0.29	0	4.37154861945	4.60805558827	4.67495662233	1.74105729661285	6.04621715732827	9.04294607998312	55.6821779044001	14.107840033766	13.3797615279097	1.66965486329	6.23038995965935	9.03182429403855	56.2752129090094	13.8727028238458	12.9202151501569	0.813008130081301	5.61108889777422	8.58323337331734	55.1646008263361	14.6874583499933	15.1406104224977	0	0.0581057524694945	6.91458454386984	9.18070889018013	53.5735037768739	15.514235909355	14.7588611272516	1.0443864229765	8.35509138381201	9.66057441253264	62.4020887728459	10.1827676240209	8.35509138381201	0	0	1	5	0	0	0	30.7692307692308	0	0	0	0	1.52941176470588	6.35294117647059	7.2	56.6470588235294	14.4	13.8705882352941	0	0.0462107208872458	14.0018484288355	54.9907578558226	10.9981515711645	19.9630314232902	1.81223599945497	5.51846300585911	5.0960621338057	60.9756097560976	15.1246763864287	11.472952718354	2.12314225053079	5.20169851380042	9.44798301486199	52.9723991507431	14.6496815286624	15.6050955414013	0	0.229377771698	0	0.456977997769	0	1.40593225939	0	20.5025	0	32.9610899462	0	1.78556688151	0	2.50793497311	0	0.0223413762287757	19.7073170732	18.1327513546	10.395959596	10.5915460602	17.1717171717	26.7746381806	3e-04	0.0422	0.3153	3e-04	0.0118	0.0222	0.0156	0.0051	0.0097	0.0373	0.5569	0	0.05	0	4.65853658537	4.40245824141	0.393266075547	0.307469327408	3.75609756098	2.80869839269	5.34146341463	5.65994327135	9.09756097561	8.46864166404	0	11.0059171598	57.4468085106	84.009009009	10.1886058721	68.085106383	86.036036036	18.5689286409	0	95.045045045	50.5541512736	0	2.42864740294274	0	3.1731962418011	0	1.98546357028896	0	0	0	3.89361702128	4.81368551675	0	8.48484848484848	18.1818181818182	45.0505050505051	3.23232323232323	25.0505050505051	3.8364346427751	1.81484033999541	6.82288077188146	54.3877785435332	12.80725936136	20.3308063404549
"SORT_024A_Switched"	0.0639451716235	0.18086556836	0.173147868305	0.395808322364	1.07252384457	1.2525242722	0.8265	0	0	9.2825	1.4709	1.23086610108	0	0	13.3211755234	2.03170548825	5.96713227563	5.40560856594	6.1135412664	5.87025070114	8.30252318868781	75.8643056366349	15.8331711746773	0.991682661548305	0	14.3314139475368	0	0	6.25079974408189	1.01087651951376	77.4152271273193	17.182312432	16.406294964	16.8798889146	16.0652096974	15.7811254288	16.4180148666	16.2958223972	13.8238694322	12.0640595903	6.75101751902	6.91573189951	5.6843025798	6.00393700787	12.0820582568	20.5959031657	9.97447280799	6.12577370636	8.59465886226	5.69550087	0.337611597154	0.35708069066	0.339476600702	0.344224787711	6.49241583426	4.66278781877	5.85549661606	4.32711906537	12.5612282649	8.13840059421	11.2811413938	7.55555555556	19.05364409916	12.45722713864	12.80118841298	-2	17.13663800986	17.15025906735	11.88267462093	15.0105708245	26.3228527607	28.4510693454	5.02867813792	20.3798206605	9.63051887422	36.8520813589	1.21603648109443	1.10576923076923	1.18587608261159	1.33003990119704	1.12980769230769	0.999333777481679	1.06403192095763	0.857371794871795	0.732844770153231	0.782122905027933	0.919869174161897	5.79720902613	0.000312216550961	0.2054	0	0.208	0	0.1552	0	4.35189055672	4.44174679487	4.64045842217	1.59263847106707	2.62785347726066	11.58202088126	46.1688196779331	16.7050079631924	21.3236595292869	2.12292574395105	2.88310002781125	12.7468248818022	44.8224714934644	16.6404004820617	20.7842773709094	1.53038915609969	0.889083224019822	8.64305494825827	48.9141524559102	17.8982655589564	22.1250546567556	0	0.307219662058372	3.63543266769073	2.61136712749616	62.5704045058884	15.7706093189964	15.1049667178699	5.49672213817448	4.68986384266263	18.7594553706505	41.5532022188603	13.9183055975794	15.5824508320726	0.53475935828877	1.60427807486631	25.1336898395722	39.572192513369	12.8342245989305	20.3208556149733	0	0	100	0	0	0	1.27952755905512	2.88713910761155	9.7331583552056	46.1286089238845	17.6399825021872	22.331583552056	1.8392542202066	2.01562106324011	10.6575963718821	44.620811287478	16.3265306122449	24.5401864449484	1.94945030035135	1.77944009973932	10.6766405984359	49.0989459367562	16.5703275529865	19.9251955117307	2.27188081936685	3.05400372439479	13.147113594041	47.7094972067039	14.6368715083799	19.1806331471136	0	0.0729878939784	0	0.183028455795	0	1.09453595527	0	10.3225	0	15.5236842105	0	2.58451334252	0	2.87420306632	0.0103209825575395	0.0516049127876974	0	14.4917206623	0	6.12502472799	0	44.2334322453	0	0	0.0077	0	7e-04	0.1194	0	0	0	0	0.354	0	0.012	0	0	4.92399049881	0	0.250599785001	0	2.23198733175	0	6.07363420428	-2	8.30562153603	0	13.122923588	0	0	71.4036920933	0	0	81.1563915012	0	0	93.451758969	0	0.556909154194222	0	0.800556909154194	0	0.522102332057083	0	0	0	0	4.84406543683	0	0	0	0	0	0	3.42235410484669	0.692383778437191	5.79624134520277	59.4460929772502	19.3076162215628	11.3353115727003
"SORT_016R_Switched"	0.0827555647884	0.115989813045	0.253370193411	0.328371374677	1.09718019223	1.14384391361	0.8707	4.871	0	7.4275	1.1255	1.33650024998	7.42619564901	0	11.5920909091	2.07311856881	5.77601273155	5.56577537535	6.08000450028	6.01336739465	0.424628450106157	8.83501130059585	90.740360249298	0.0331740976645435	0	20.7072717622081	0	0	0.378184713375796	0	78.8813694267516	16.5156118143	16.4316347706	16.1195402299	16.5543730386	16.4446510297	16.5098626717	16.7037315679	15.2129407051	15.0647321429	1.00968754264	1.28718535469	1.32334581773	0.662052362323	1.88301282051	4.01785714286	8.12013536379	6.22940902745	9.00207612457	6.19703977798	0.349204457679	0.378230689792	0.367249355118	0.375987242844	5.9551607445	4.99208934388	6.66989619377	4.95883441258	10.8671742809	8.0325732899	11.6775086505	7.98843663275	16.8223350254	-2	13.02466263378	-2	18.34740484427	16.49414519905	12.94727104533	15.3479797204	18.3313277176	26.1688136204	7.51327072274	23.5161571158	14.9652919559	51.2265068879	0.0400962309542903	0.35987404408457	0.163331972233565	0.0801924619085806	0.458839406207827	0.18374846876276	0.0400962309542903	0.323886639676113	0.122498979175174	0.122498979175174	0.252732240437158	3.72718052738	0.000734443463906	0.2866	0	0.2108	0	0.3846	0	4.32117080994	4.42977957715	4.80093915884	11.9252285441397	1.86928639650703	3.54755082548779	62.2049392823032	8.99167689998636	11.4613180515759	11.9994279176201	2.47425629290618	4.20480549199085	61.6704805491991	8.5383295194508	11.112700228833	19.5006242197253	1.84769038701623	3.72034956304619	53.3333333333333	6.51685393258427	15.0811485642946	0	0	0	0	16	0	1	2.53623188405797	11.4130434782609	21.0144927536232	53.4420289855072	7.60869565217391	3.98550724637681	0	0	2	5	0	0	0	0	0	0	0	0	13.000300932892	0.947938609690039	2.15167017755041	63.3162804694553	8.33584110743304	12.2479687029792	28.4509202453988	0	2.18558282208589	49.079754601227	8.09049079754601	12.1932515337423	15.1842948717949	1.40224358974359	4.6875	61.2980769230769	5.30849358974359	12.119391025641	5.46875	3.01339285714286	9.375	61.0491071428571	11.6071428571429	9.48660714285714	0	0	0	0	0	0	0	0	0	0	0	0	0	0	0	2.97080592105263	0	17.151856018	0	12.1374474053	0	24.3197755961	0	0	0.0538	0	0	0.0151	0	0	0	0	0.3048	0	0	0	0	5.43380614657	0	0.350198724474	0	3.43262411348	0	6.74822695035	-2	10.18085106383	0	10.1265822785	0	0	62.2504537205	0	0	83.3635813672	0	0	92.6799758016	0	0.120992135511192	0	0.181488203266788	0	0.120992135511192	0	0	0	0	5.00181488203	0	0	0	0	0	0	5.83450210378682	0.140252454417952	39.8316970546985	24.5161290322581	10.3786816269285	19.2987377279102
"SORT_021X_Switched"	0.609587019306	0.294426860809801	0.83722095787	0.56178542640425	2.7492534844	1.2963658099773	27.578	70.153	0	0	0	32.958314759	83.6769244853	0	0	0	2.9590763111	3.0497510652357	3.76709446039	4.5008151042719	75.6750758304357	21.8243693127173	2.50055485684693	25.4497778425231	0.00728385170077937	0.757520576881055	0.0728385170077937	0.0291354068031175	46.1796197829412	4.23191783815281	23.2719061839901	16.3748473748	17.4327868852	15.6466876972	12.5751440042	12.5127659574	12.4477566998	12.3877148997	11.3003494976	12.8811594203	10.6824925816	10.7978723404	16.9226136706	10.8345272206	13.2809086938	10.1449275362	7.04607721046	5.26379974326	6.72565645514	5.21473951715	0.438091674754	0.388329838069	0.344632416878	0.390417971862	6.48816936488	4.07317073171	4.170404814	4.0374841169	9.38231631382	6.74454428755	9.1829868709	6.67979669632	15.8704856787	-2	10.81771501926	-2	13.3533916849	-2	10.71728081322	41.6738474795	57.7256501785	61.7753187395	25.9995153865	63.2055148643	45.3598255391	92.9394657475	0.101988781234064	0.0160372063186593	0.0969227041434456	0.0509943906170321	0	0.0969227041434456	0.0509943906170321	0	0.0484613520717228	0.0484613520717228	0.0069290465631929	10.2589807853	0.00121878771002	0.3336	0	0.1136	0	0.6348	0	4.31055583886	4.48688958383	4.77150472498	0.261825798568686	1.57095479141211	11.7821609355909	64.1298655960901	7.87222901029848	14.3829638680398	0.24822695035461	1.70212765957447	12.6241134751773	63.741134751773	7.6241134751773	14.0602836879433	0.210779885576634	0.210779885576634	2.0776874435411	67.5398976211984	7.37729599518217	22.583559168925	0	0	0	0	1	0	0	1.22448979591837	6.93877551020408	33.469387755102	52.2448979591837	2.85714285714286	3.26530612244898	0	0	2	9	0	0	0	0	0	0	0	0	0.143266475644699	1.48638968481375	10.9598853868195	65.365329512894	7.77220630372493	14.2729226361032	0	0	34.7538574577516	56.4290962527553	8.81704628949302	0	0.240279598077763	2.16251638269987	3.97553516819572	69.3971166448231	6.98995194408038	17.2346002621232	1.15942028985507	3.18840579710145	13.6231884057971	62.6086956521739	8.11594202898551	11.304347826087	0	0	0	0	0	0	0	0	0	0	0	0	0	0	0.00585480093676815	11.7505854800937	0	15.9271708683	0	8.38115942029	0	30	0	0	0.0273	0	0	0.0132	0	0	0	0	0.6643	0	0	0	0	2.45735294118	0	0.344264642629	0	2.28382352941	0	3.34558823529	-2	5.6294117647	0	0	0	0	92.5904977376	0	0	94.1742081448	0	0	97.7375565611	0	0	0	0	0	0	0	0	0	0	4.97625777275	0	0	0	0	0	0	1.44927536231884	0	15.0724637681159	79.0579710144928	2.14975845410628	2.27053140096618
"SORT_029F_Switched"	0.0716673286733	0.0562568902474	0.193340151492	0.164579448241	1.07929781259	1.06273378367	3.3585	4.569	0	7.78	0.8014	6.39496265789	6.47464984523	0	12.6447368421	1.22177566834	5.83018944544	5.97098778141	6.05655329768	6.12610481876	40.2900146842878	6.91997063142438	52.7900146842878	5.78034682080925	0	9.30274566473988	0.00903179190751445	0	28.2966040462428	5.93388728323699	50.6773843930636	16.9610014444	17.1829351536	16.2495222169	12.3947733872	12.1067335687	12.4066466855	12.5402334152	11.4520538898	10.7398058252	10.2449185709	10.7910549464	10.5606488011	9.85872235872	12.5544842161	16.6990291262	6.96342970101	5.32316089815	7.11936385879	5.10188632415	0.354688610908	0.364432098898	0.352986402419	0.358067094086	4.91277489498	4.09837489145	5.00629150647	3.90990320179	9.02594514455	7.01699541	9.16375393219	6.71456937205	13.93872003953	9.62770562771	11.11537030145	-2	14.17004543866	14.26501766784	10.62447257384	4.49615636732	11.0465116279	13.4436298791	4.5595784923	7.95244621894	7.36287489868	21.7001370598	2.73681225184345	0.871632329635499	1.51739951443216	3.02041973908111	1.15887480190174	1.90855138926356	2.42484401588202	0.653724247226624	1.37577555975182	1.34796841902561	1.33569805464723	1.43711935036	0.000255568045878	0.1048	0	0.0834	0	0.0984	0	4.46057855927	4.44512678288	4.69490153763	3.16247948491352	5.38442115894458	14.7140512561545	55.9335942431511	7.20237343769726	13.603080419139	3.25837824444031	5.58136653657932	15.0096016849408	56.2968469305581	7.29108591959363	12.5627206838878	2.80324400564175	4.8836389280677	14.642101551481	57.2020451339915	6.8935119887165	13.5754583921016	0	2.55820638114401	7.73210692727795	13.5096292037942	62.7191721759126	1.63840183960908	11.8424834722621	4.25844346549192	5.3230543318649	14.9779735682819	61.086637298091	8.22320117474302	6.13069016152717	3.28947368421053	8.55263157894737	24.3421052631579	48.6842105263158	10.5263157894737	4.60526315789474	0	0	0	0	0	0	3.13267813267813	5.02149877149877	14.1738329238329	57.1406633906634	6.08875921375921	14.4425675675676	2.48974809607499	2.8705330990041	9.34387814879906	68.6291739894552	6.03397773872291	10.6326889279438	3.50019812442214	5.31633866067891	13.8422929599789	58.7042662792234	7.42306168273676	11.21384229296	3.72815533980583	4.27184466019417	13.7087378640777	58.6796116504854	7.92233009708738	11.6893203883495	0	0	0	0	0	0	0	0	0	0	0	0	0	0	0	0.0990560540729519	0	16.7485059761	0	7.23889500734	0	35.389133627	0	0	0.1607	0	0	0.0518	0	0	0	0	0.5608	0	1e-04	0	0	4.39446554531	0	0.244456438724	0	2.2712967987	0	5.40314704286	-2	7.67444384156	0	36.6079703429	0	0	41.333733854	0	0	65.1547011114	0	0	84.8603184139	0	5.64564564564565	0	7.11711711711712	0	5.61561561561562	0	0	0	0	4.93423423423	0	0	0	0	0	2	3.6435389133627	5.86453744493392	6.84654919236417	57.7000734214391	19.6035242290749	6.34177679882526
"SORT_112W_Switched"	0.15623162291	0.122576927578	0.453718264409	0.366555394353	1.19757382547	1.15283773116	2.9072	8.115	0	11.725	1.274	9.25042440296	15.1593727926	0	22.4114403016	2.44144680141	5.06291569334	5.41302170923	5.88565356161	5.99727368725	42.7849032317381	31.4991035719211	25.7159931963407	24.6677853870924	0	6.63975690507506	0.00453535307723706	0	17.6107759989115	0.222232300784616	50.8549140550592	17.1097021528	16.8547613034	16.5029585799	20.0999703058	19.7462622811	20.8028606126	20.7148078135	18.7882124352	17.5588888889	2.90012867465	3.12900469885	2.7526649575	2.63390044108	4.05440414508	6.16666666667	10.3614823815	6.87283792441	11.8321446765	6.7614213198	0.338987120134	0.37428594615	0.330516286545	0.369234083918	7.00759416768	5.52754644459	7.46510443199	5.4336928934	13.9726609964	9.19154388213	15.8160978095	9.03934010152	20.98025516408	16.16666666663	14.71909032672	-2	23.28120224149	17.40471512768	14.47303299492	22.6509325555	31.9155354449	41.5949779121	6.27860150101	27.2164766198	11.166025993	44.1439052418	0.407178404463882	0.243676026920399	0.31112737920937	0.663549992459659	0.255279647249942	0.402635431918009	0.165887498114915	0.162450684613599	0.274524158125915	0.290909090909091	0.530797946803546	2.11393765675	0.000364395834021	0.223	0	0.292	0	0.1982	0	4.25335545167	3.85948015781	4.57137628111	2.62298327229536	1.83113926556468	14.39176482233	54.1621300603781	10.9670394932198	16.024943086212	2.53096967108073	2.38146091413926	14.9081589064502	53.684322938915	10.9354976505767	15.5595899188381	2.05100526244771	1.52476049116179	15.4365132910538	54.0547834300364	9.79624881932263	17.1366887059776	0	0.976971388695045	0.0697836706210747	28.5415212840195	65.457083042568	0.139567341242149	4.81507327285415	1.75267770204479	7.30282375851996	13.5345666991237	50.9250243427459	11.1976630963973	15.2872444011685	0	8.82352941176471	38.2352941176471	29.4117647058824	5.88235294117647	17.6470588235294	0	0	0	0	0	0	2.78512917454316	1.6005040957782	13.7366099558916	56.3831127914304	10.4851921865154	15.0094517958412	1.9573727707699	0.239234449760766	16.6159199652023	52.9578077424967	10.1348412353197	18.0948238364506	2.05958549222798	1.6839378238342	13.9766839378238	57.1761658031088	11.4766839378238	13.6269430051813	2.55555555555556	2.22222222222222	11.6666666666667	54.3333333333333	11.1666666666667	18.0555555555556	0	0.101677571698	0	0.255174576401	0	1.13932930743	0	12.19	0	20.5931174089	0	2.37735139353	0	2.81679023649	0	0	0	18.5476190476	7.91509433962	5.8473499781	7.54716981132	46.0578186597	0	0	0.0029	0	0	0.1287	2e-04	0	0.027	0	0.2112	0	0.0409	0	0	3.79445506692	0	0.35623165946	0	3.16634799235	0	4.73996175908	-2	7.90630975143	0	23.9263803681	0	0	39.887063655	0	0	67.7618069815	0	0	91.0164271047	0	0.256147540983607	0	0.256147540983607	0	0.256147540983607	0	0	0	0	5.00051229508	0	0	0	99.0566037735849	0	0.943396226415094	1.09505037231713	0.722733245729304	10.6000876040298	58.9575120455541	10.1401664476566	18.4844502847131
"SORT_115Z_Switched"	0.121461942347	0.112562449528	0.324515873486	0.313935394456	1.15068286539	1.13918332981	1.3894	5.747	0	0	1.0827	2.06787494077	9.11454262362	0	0	1.75839510314	5.57881632679	5.5938855706	5.99725547385	6.0212637629	18.1818181818182	36.3636363636364	45.4545454545455	9.09090909090909	0	18.1818181818182	0	0	9.09090909090909	0	63.6363636363636	15.8113478083	15.5948488587	15.5884329254	19.8113876577	19.6040503313	19.9046919554	19.8275131445	19.0121255995	18.7864120782	1.12512785544	1.1466011466	0.959129007172	1.10648983756	1.34829427201	2.75310834813	10.3452380952	7.47321212121	9.773088304	7.44387506101	0.344386844145	0.363591946621	0.364888318691	0.363078538561	7.38095238095	5.84121212121	7.41784768728	5.81673987311	14.3669590643	10.1682424242	13.1923376421	10.1268911664	21.74791144525	13.27272727272	16.00945454541	-2	20.61018532938	21.4292307692	15.94363103951	8.09945756545	20.0105764146	13.9677145285	7.01899256813	13.685522725	13.1709331131	33.1996900374	0.296076980014804	0.32282728740124	0.467804072647221	0.190335201438088	0.0424772746580579	0.632911392405063	0.0845934228613725	0.0169909098632232	0.330214639515685	0.354126940888041	0.0537056928034372	3.21367085379	0.000297652560504	0.3414	0	0.2636	0	0.233	0	4.26131556684	4.38866706312	4.55778756192	4.60961472894647	3.21172860552335	10.3375383566314	61.7047391749062	10.6648482782134	9.47153085577906	4.74275928821383	3.17176680813044	10.4906559452014	62.4599806417988	10.3864194773286	8.74841783932693	4.51913937613411	2.30709409833233	10.602263890089	62.4902790979003	10.4208070508943	9.66041648664996	0	4.37262357414449	0	4.56273764258555	58.5551330798479	2.28136882129278	30.2281368821293	4.66269841269841	3.27380952380952	16.0714285714286	57.8373015873016	13.0952380952381	5.05952380952381	0	2	0	3	5	0	0	0	0	0	0	15	4.82617907870988	3.16252059954485	10.0996625598368	62.7481754688849	10.1310523424625	9.03240995056109	3.74875373878365	0.837487537387837	6.54037886340977	70.1096709870389	7.79661016949153	10.9670987038883	4.64211383585196	2.26223871142883	9.66428377522396	65.4691883087503	9.6280879558411	8.33408741290381	3.81882770870337	3.55239786856128	11.9449378330373	55.3285968028419	13.5879218472469	11.7673179396092	0	0.0827723321501	0	0.269504675436	0	1.11066660666	0	10.865	0	20.5988452978	0	2.38098868708	0	2.85478590716	0.170132325141777	0.17643352236925	0	17.7955298013	0	11.4854534061	0	30.8924894817	0	0.0074	0.2204	0	0	0.0698	0	0	0	1e-04	0.5519	0	0.0021	0	0	5.48887880163	0	0.306702406425	0	3.38266000908	0	6.89605083976	-2	10.27871084884	0	21.1175616836	0	81.8181818182	26.8480351745	0	90.9090909091	41.0002748008	0	0	79.0327012916	0	3.10575635876841	0	3.77510040160643	0	3.02543507362784	0	0	0	0	4.62088353414	0	0	0	0	0	0	2.22003401665026	0.975740757318056	17.9124518843434	48.0708978605317	13.866260853997	16.9546146271596
"SORT_010K_Switched"	0.051649682832	0.0321233585653	0.0986967794344	0.0758223400552	1.05572543048	1.0343567605	2.5108	3.024	0	86.625	0.5702	2.78479655003	4.07055110209	0	95.7510001618	0.68943783724	6.07793544018	6.12274409585	6.107886612	6.16713066831	1.76991150442478	10.6596942880129	87.5703942075623	1.59347065682083	0	42.7516517683638	0	0	0.0388651379712398	0.0777302759424796	55.5382821609017	17.2022232734	16.6681213179	16.0113280309	20.6236977013	20.240943922	21.4372032289	20.7169	19.238212076	18.4683673469	1.76947246569	1.77638453501	1.05650522317	1.77	2.43225944101	3.21428571429	13.1065357912	7.40905923345	10.0388606756	7.34935663996	0.327047623908	0.377367303759	0.349902286794	0.376930067334	7.97845343548	5.82508710801	7.00176639435	5.78174314154	17.3129039981	9.77862950058	13.2854934864	9.68705996601	25.29135743358	16.07834101379	15.60371660859	-2	20.28725988075	20.49543676667	15.46880310755	11.2831773181	32.511627907	11.2228820749	9.93813878429	16.3835278709	16.810112964	34.5044108016	0.558074642483432	0.751241972616018	0.361252341450361	0.430182536914312	0.957227674784927	0.0668985817500669	0.0348796651552145	0.557373076457046	0.0267594327000268	0.0383877159309021	0.395952485701716	3.18357631657	0.000328989814646	0.258	0	0.2452	0	0.1874	0	4.27275898151	4.55943293348	4.67500668986	3.56375062014222	4.13428146188193	13.0477922936994	54.7296179923929	12.4276500744171	12.0969075574665	3.84012539184953	3.9881574364333	13.26192964124	55.0156739811912	12.2257053291536	11.6684082201324	3.7630579297246	3.14577397910731	10.8974358974359	56.0422602089269	13.9126305792972	12.2388414055081	100	2.15256797583082	3.32326283987915	10.1208459214502	61.8202416918429	19.4864048338369	3.09667673716012	4.86526946107784	3.51796407185629	11.9760479041916	61.0778443113772	11.5269461077844	7.03592814371257	0	0	2	7	4	1	0	0	0	0	0	100	3.77	3.78	13.14	55.17	12.5	11.64	6.03885135135135	0.401182432432432	10.4307432432432	51.8369932432432	17.1241554054054	14.1680743243243	4.06443353957756	3.01898869212716	10.9665030936633	59.8250480051205	13.0253893748667	9.09963729464476	2.80612244897959	4.54081632653061	11.0714285714286	57.3469387755102	13.1122448979592	11.1224489795918	0	0	0	0	0	0	0	0	0	0	0	0	0	0	0.0113520263367011	1.90714042456579	0	17.5477145148	0	21.1009362868	0	24.1836035625	0	0	0.1422	0	0	0.0453	0	0	0	0.02	0.273	0	0.0222	0	0	7.39911111111	0	0.2896341096	0	4.38933333333	0	9.60355555556	-2	13.99288888889	0	10.5719237435	0	0	40.1956425078	0	0	59.4041796354	0	0	87.5055580258	0	0.0882223202470225	0	0.0882223202470225	0	0.0441111601235112	0	0	0	0	4.77370974857	0	0	0	0	0	0	0.844941767526833	2.85453299840146	25.6679607216259	54.2132907056406	6.02877369262389	10.3905001141813
"SORT_013N_Switched"	0.476518831364	0.333781961777877	0.768136695865	0.607113241277327	2.00611156995	1.4666810352298	10.3343	0	53.59	44.295	0	15.2819576858	0	95.9929522819	82.8068824382	0	3.32467494381	3.0597122081548	4.65849874325	4.5122371440125	99.7250589159466	0.11783189316575	0.157109190887667	87.0733621027854	0	0.0784621420164771	0.0196155355041193	0	2.29501765398195	10.3373872106709	0.196155355041193	16.2743549236	17.5376162299	16.2939969215	19.5158978129	18.978028169	21.2762545266	20.3364164336	18.8795900939	14.6569122099	3.34497335049	3.7558685446	1.93998965339	3.03291030329	5.05977796755	8.27447023209	12.1534391534	5.73015873016	11.431596781	5.5328125	0.307543510466	0.368965877667	0.292064798799	0.36870020752	7.18518518519	4.39989759345	5.49428208386	4.28958333333	16.7386243386	7.62109575013	14.8521812791	7.37135416667	23.92380952379	13.55952380953	12.02099334358	-2	20.34646336296	16.51931330477	11.6609375	42.6828450761	74.883086516	58.6385625432	5.91647331787	50.5061339411	11.3979118329	62.3248642488	0.0779271381258523	0.0342641768031523	0.521890403015367	0.116890707188778	0.0342641768031523	1.07277471730937	0.0584453535943892	0.0171320884015762	0.521890403015367	0.777130169303358	0.0527890198838642	0.949968334389	0.000517367369806	0.4442	0	0.3862	0	0.3262	0	3.11591661796	4.49083433271	4.50913308205	9.09759235434663	9.18948722661275	5.71586105495313	51.1119279544201	6.50615695644183	18.3789744532255	8.95774647887324	9.40845070422535	6.77934272300469	52.169014084507	5.97183098591549	16.7136150234742	12.6487325400931	11.821003621314	3.82824624935334	48.8360062079669	5.06983962752199	17.7961717537506	0	19.1182889567874	17.2413793103448	1.00392841553907	40.4626800523789	0.392841553906591	21.7808817110432	1.52941176470588	5.76470588235294	18.2352941176471	62.2352941176471	7.05882352941176	5.17647058823529	0	4	40	48	0	8	0	0	0	0	0	0	9.8300709830071	9.8946009894601	4.75371047537105	48.9997848999785	6.28092062809206	20.2409120240912	0.0952380952380952	18.8095238095238	2.23809523809524	48.4761904761905	5.85714285714286	24.5238095238095	10.0555081127242	11.0802732707088	7.77113578138343	51.3236549957301	4.97438087105038	14.7950469684031	3.12815338042381	4.94450050454087	11.6044399596367	54.8940464177598	9.68718466195762	15.7416750756811	0.053825	0.150025195262	0.150660366485	0.368069546071	1.07670238095	1.220386362	15.54	16.41	25.1181662781	29.8331957834	1.90011701893	2.12974094735	2.20983384741	2.70524122242	0.0270124257158293	9.61642355483522	0	17.0433944069	0	9.81166231506	0	19.7040905135	0	0	0.0321	0	0	0.026	0	0	0	1e-04	0.4712	0	0.0139	0	0	6.90270812437	0	0.334577547286	0	3.98595787362	0	8.55466399198	-2	12.5406218656	0	25.4758418741	0	0	42.6352437065	0	0	69.4697375469	0	0	90.0910551687	0	0.53475935828877	0	4.86631016042781	0	0.213903743315508	0	0	0	0	5.09411764706	0	0	0	0	0	0	1.06179286335944	1.70583115752829	9.90426457789382	48.9817232375979	9.852045256745	28.4943429068755
"SORT_117B_Switched"	0.21129648582	0.205252864549	0.454798797437	0.405170879405	1.30127249224	1.30315718537	3.2339	11.844	0	15.5725	1.7197	5.57573705097	31.4086184356	0	25.2675995544	2.4941313388	5.16632069372	5.32982804645	5.76707086886	5.81053734066	88.2314512365842	11.5912272515166	0.177321511899207	30.5763024435224	0	0.525587828492393	0.00922083909635777	0	53.0106039649608	4.70262793914246	11.1756569847856	16.9062081286	17.0327290229	16.1608719647	16.7571254779	16.6522176497	16.7488456464	16.7185647107	15.5933064201	15.3781902552	2.31143552311	2.35025148605	2.91886543536	2.06501737886	2.95611407735	3.0162412993	8.54553651939	6.46605849208	9.02906507347	6.38685524126	0.361186765531	0.374943221627	0.349100680813	0.375304538463	6.2957619477	5.09578749665	6.26739867592	5.06239600666	11.3719567178	8.7426884894	11.9210398837	8.65252357182	17.6677186655	14.78620689655	13.83847598605	-2	18.18843855962	17.22567287782	13.71491957848	3.56933421948	11.735821262	5.9444970041	6.5828845003	6.80636459596	11.9838420108	21.8030415575	0.270071200589246	0.173419517578433	0.416976917349218	0.122759636631476	0.693678070313732	0.327624720774386	0.0982077093051805	0.0867097587892165	0.178704393149665	0.172389024565436	0.0857495042606785	1.06643494747	0.00036959678505	0.1264	0	0.1364	0	0.1688	0	4.49545789344	4.51702664354	4.64333581534	2.04205769899201	2.1550225929788	13.8077858880779	56.2825860271116	10.1581508515815	15.5543969412583	2.20393232738912	2.40512117055327	14.3667123914038	56.0676726108825	9.94055784179241	15.016003657979	2.52308707124011	1.58311345646438	11.4445910290237	59.4986807387863	11.1642480211082	13.7862796833773	0	0	0.760456273764259	19.2648922686945	56.7807351077313	14.828897338403	8.36501901140684	4.56540825285338	7.55048287971905	18.0860403863038	51.71202809482	9.83318700614574	8.25285338015803	0	0	6	5	1	0	0	0	100	0	0	0	1.88100592925782	1.79922306276835	13.5759558372521	57.4626865671642	10.120629728072	15.1604988754856	2.65654648956357	1.05719707237734	10.5719707237734	47.6551911087015	13.4453781512605	24.6137164543237	2.78682120067717	1.4975908321396	11.2254199765594	60.6980075530668	11.1212397447584	12.6709206927985	2.66821345707657	4.11832946635731	13.3410672853828	54.5243619489559	11.3109048723898	14.0371229698376	0	0.0604394678178	0	0.145821399839	0	1.0767786992	0	9.4825	0	13.1585769981	0	2.67050978423	0	2.89775122783	0	0	0	17.744612069	0	10.2413277105	0	18.5961093729	0	0	0.0152	0	0	0.0313	0	0	0	0.0321	0.4043	0	0.0169	0	0	3.65423728814	0	0.205810984908	0	1.53220338983	0	4.52655367232	-2	6.05875706215	0	8.69565217391	0	96.5	69.7715289982	0	99	88.0492091388	0	0	94.4932630346	0	0	0	0.0510464522715671	0	0	0	0	0	0	5.00867789689	0	0	0	0	0	0	4.69323901509999	8.80152360223099	3.72738402938376	67.841110053054	2.43504285131275	12.5017004489185
"SORT_063S_Plasmablasts"	0.132358589337	0.0780265490822	0.341910589799	0.244700422462	1.15837187394	1.09033602709	6.7231	5.394	0	10.0225	0.9873	11.4603756763	10.3185124768	0	16.3665944472	1.69917396829	5.39816579128	5.79561501137	5.86678457096	6.08643799437	74.1258229700073	24.3599122165326	1.51426481346013	17.4786539427423	0	4.99390112649781	0.0143502905933845	0	47.1263543086747	9.24876228743632	21.1379780440554	16	12.871846674496	18.5	20.0476190476	12.3242292454155	17.7272727273	11.1891558308223	5.16666666667	12.4482758621	0	14.1604217816018	0	9.78379166905476	58.3333333333	27.5862068966	8.72727272727	4.2345927982874	6.6501811050021	3.4974582219355	0.351029273757	0.24440479473314	0.27694879416958	0.30108108245672	6.72727272727	2.54441423904207	4.94414692471154	2.35885255305433	11.5454545455	5.1182567428816	8.4637041303129	4.617628600848	18.27272727277	-2	-2	-2	-2	-2	-2	26.4705882353	45.4545454545	80	33.3333333333	41.1764705882	75	66.278156949257	0	0.115784030389395	0	0	0.10625007654175	0	0	0.0406324711851322	0	0	0	20.5882352941	0.0344827586207	0.14124	0.043812	0.104592	0.003524	0.13305	0.121094	4.45454545455	4.9	4.16666666667	0	0	0	57.1428571428571	28.5714285714286	14.2857142857143	0	0	0	5	0	0	0	0	0	7	2	2	0	0	0	0	1	0	0	1	0	2	3	1	1	0	0	2	2	0	1	0	0	0	0	0	0	0	0	0	5	4	1	0	0	0	0	0	0	1	0	4	4	1	2	3.44827586206897	0	13.7931034482759	41.3793103448276	24.1379310344828	17.2413793103448	0	0.0328307075593	0	0.131877013967	0	1.03925210698	0	7.87	0	12.982127193	0	2.70448702543	0	2.94436734616	0	0	0	16.881294964	36.5643835616	24.9795004478	0.0304414003044	0.0298537167877	0	0	0.0689	0	0	0	0.0063	0	0	0.0132	0.1015	0	0	0	0	11.0035971223	0	0.332693496176	0	6.47122302158	0	14.3273381295	-2	20.79856115108	0	5.71428571429	0	89.7435897436	57.2072072072	0	0	71.8468468468	0	0	98.1981981982	0	0	0	0	0	0	0	0	0	0	4.90890269151	0	0	0.730593607305936	99.1476407914764	0.091324200913242	0.030441400304414	0.278634690018907	0.258732212160414	1.22400238829734	80.1671808140113	0.0696586725047268	18.0017912230073
"SORT_070A_Plasmablasts"	0.07826196828	0.0758289767351	0.262262511741	0.243880199316	1.09069409001	1.08824578169	0.9209	4.868	0	0	0.7833	1.6719029792	8.4030612245	0	0	1.21075856303	5.74097809327	5.78927272355	6.08662262361	6.09364291849	80.8290155440415	17.8036845135291	1.36729994242948	36.6937206322085	0	1.62323793250748	0.113911433860174	0	43.9270966823295	0.170867150790261	17.4711661683041	13.1002478036	15.6581196581	16.170762489526	8.21736562315	8.15563578018	8.18434093162	12.3601286174	8.2400301906693	10.8396226415	0.157511321126	0.140393100682	0.13875123885	0.32154340836	41.0782731591048	8.49056603774	4.80693849966	4.1236401985128	8.05172413793	3.493574089162	0.402226735933	0.24322295985223	0.472564598882	0.26644367966637	3.43252984907	2.69822457205723	7.87931034483	2.39064119242743	5.21085830142	5.6213237618958	8.76724137931	4.4875238176305	8.64338815049	-2	-2	-2	16.64655172414	11.37240075615	-2	99.0956072351	99.6541937168	97.4522292994	40	99.6724956433	90	99.8167177453	0	0	1.06808456424257	0	0	1.5597930851596	0	0	0.666514333471461	0.699193794471349	0	4.63472113119	0.000753444316877	0	0	0.0032	0	0	0	3.04694483411	4.04140127389	4.5	0.0196889151407757	0.0393778302815515	12.7781059263635	86.8478046859618	0.295333727111636	0.0196889151407757	0	0.0401123144805455	12.3947051744886	87.3245086241476	0.240673886883273	0	0.0198216055500496	0.0396432111000991	12.2893954410307	87.3934588701685	0.257680872150644	0	0	0	0	97.1428571428571	2.85714285714286	0	0	0	0	0	8	0	1	1	0	1	2	0	0	0	0.0480192076830732	99.9519807923169	0	0	0	0	0	99.1961414790997	0.321543408360129	0.321543408360129	0.160771704180064	0	0.0405268490374873	12.9280648429585	87.031408308004	0	0	1	0	1	7	0	1	1.88679245283019	0	30.188679245283	63.2075471698113	2.83018867924528	1.88679245283019	0	0	0	0	0	0	0	0	0	0	0	0	0	0	0.0169434090138936	0.0677736360555744	0	16.8864970646	12.9285714286	19.4137254902	0	0.356506238859	0	0	0.1082	0	0	0.0047	0.0079	0	0	0.029	0.2465	0	0	0	0	8.76237623762	0	0.3796353896	0	5.60396039604	0	11.1663366337	-2	16.77029702974	0	27.1186440678	0	0	35.8946212953	0	0	59.9341383095	0	0	92.3161361142	0	0.218818380743982	0	0.109409190371991	0	0	0	0	0	0	4.0875273523	0	0	0	14	0	0	0.499108734402852	0.748663101604278	5.31194295900178	80.1247771836007	7.98573975044563	5.32976827094474
"SORT_008H_Plasmablasts"	0.0148171263854	0.0153187238781	0.0473052704737	0.0477518832959	1.01531419275	1.0158479823	0.4695	2.3	0	0	0.4744	0.607792571835	2.86075353218	0	0	0.6094147911	6.1562629897	6.15643239182	6.19328976237	6.1925498268	44.4444444444444	44.4444444444444	11.1111111111111	11.1111111111111	0	0	0	0	22.2222222222222	11.1111111111111	55.5555555555556	17.335753176	15.9583751254	19.2105263158	13.6653957879	13.6381367165	13.6601356443	13.6589391691	13.3666470704	13.5	5.39215686275	5.41564097709	5.33157498116	5.32270029674	5.64373897707	8.75912408759	6.64460562103	4.71888412017	6.78454978681	4.6511627907	0.453512102045	0.408482839573	0.398981562315	0.413008463512	4.87488667271	4.49141630901	5.30198143968	4.4355179704	8.6355394379	6.72746781116	8.80637070479	6.63213530655	13.51042611061	-2	11.21888412017	11.16129032258	14.10835214447	16.20289855068	11.06765327695	77.9607917596	77.3697096887	95.2982331317	84.2857142857	91.0333697252	93.75	98.8370437177	0	0	0.0892857142857143	0	0	0.178571428571429	0	0	0.0892857142857143	0.0892857142857143	0	50.6930693069	0.00274923492349	0.7636	0.3804	0.9848	0.7408	1.5588	1.7392	4.82604373757	5.08118518519	4.59821428571	9.13217138707335	7.91575889615105	0.0907770515613653	72.2222222222222	5.35584604212055	5.28322440087146	9.08918765385344	7.8015527362242	0.0189358076121947	72.8271160765007	5.15053967051695	5.11266805529256	9.47626224566692	7.85606631499623	0.0376789751318764	72.1175584024115	5.10550113036925	5.40693293142427	0	0	0	0	1	0	0	15.9090909090909	0	2.27272727272727	50	20.4545454545455	11.3636363636364	0	0	1	0	0	2	0	0	98.812351543943	1.01798439090601	0.0678656260604004	0	8.82789317507418	7.9933234421365	0.0741839762611276	73.0712166172107	5.41543026706231	4.61795252225519	0	9.75735673722251	0	84.8477026329375	3.53639648941662	1.85854414042334	9.46502057613169	7.40740740740741	0.0391926317852244	73.9956888105036	4.91867528904566	4.1740152851264	10.9489051094891	8.75912408759124	2.18978102189781	56.2043795620438	11.6788321167883	10.2189781021898	0	0	0	0	0	0	0	0	0	0	0	0	0	0	0.0168421052631579	3.58736842105263	0	17.9115646259	0	20.0355987055	0	3.88349514563	0	7e-04	0.0484	0	0	0	0	0	0	0	0.0476	0	0	0	0	8.38954869359	0	0.358488415676	0	5.95011876485	0	11.0665083135	-2	17.01662707835	0	14.1129032258	0	83.3333333333	21.1459754434	0	0	38.8813096862	0	0	84.1746248295	0	9.53020134228188	0	5.50335570469799	0	2.81879194630872	0	0	0	0	4.42416107383	0	0	0	3	0	0	0	1.94174757281553	10.8953613807983	48.705501618123	15.4800431499461	22.9773462783172
"SORT_012M_Plasmablasts"	0.410162357844	0.47502174587	0.658320903298	0.78532158687	1.80555549129	1.98092913867	6.0536	0	0	0	10.8954	10.8202152409	0	0	0	17.7387657106	3.76192222519	3.02619178444	5.07800682744	4.61836985699	0.579800498753117	10.4675810473815	88.9526184538653	0.0546746856205577	0	19.0693153514367	0	0	0.510297065791872	0	80.3657128971508	17.4399920255	16.6484996938	15.0636849781	21.216746988	21.2094234188	21.231529528	21.2092291557	21.2863735419	20.634840871	0.0481927710843	0.0508001016002	0.0494193229553	0.0131095962244	0.115369824381	0.837520938023	11.4386631979	11.2729044834	10.7567567568	11.26953125	0.342304825338	0.386598486877	0.343531413097	0.386745765051	7.03802281369	9.03703703704	7.085995086	9.04345703125	14.3710226136	14.0711500975	13.5675675676	14.0703125	21.40904542729	-2	23.10818713454	-2	20.6535626536	-2	23.11376953125	30.6267508467	48.7816531295	53.2210834553	42.0551670552	46.891332525	67.0745920746	88.6398795836	0.00682547266398198	0	0	0.013650945327964	0	0	0.00682547266398198	0	0	0	0.00533361779294896	10.9196080746	0.00103112901399	1.129	0	0.9844	0	0.658	0	4.47177667053	4.77769643729	4.46610992426	0.481927710843373	0.91566265060241	16.2409638554217	42.421686746988	18.9277108433735	21.0120481927711	0.444500889001778	0.863601727203454	16.497332994666	42.6593853187706	18.5928371856744	20.9423418846838	0.481838398813936	0.926612305411416	16.506053867062	42.0558438349395	18.9399555226093	21.0896960711638	0	0	0	5.12820512820513	94.5054945054945	0	0.366300366300366	2.9940119760479	0.598802395209581	20.3592814371257	47.9041916167665	10.7784431137725	17.3652694610778	0	0	0	4	0	0	0	0	6.95187165775401	49.4652406417112	43.5828877005348	0	0.471945464079706	0.852123754588359	16.7540639748296	42.2128998426848	19.0613529103304	20.6476140534872	0	0	0	62.1399176954733	37.8600823045267	0	0.512754775028842	0.0128188693757211	16.728624535316	43.0457633636713	18.6899115498013	21.0101269068068	1.6750418760469	1.50753768844221	13.9028475711893	41.2060301507538	20.9380234505863	20.7705192629816	0	0.157366229448	0	0.353076556114	0	1.23019801376	0	17.61	0	28.7284039771	0	2.18553115151	0	2.68513730457	0.0592943966795138	7.40438778535428	0	19.2391304348	0	18.3983898512	0	0.487923883874	0	0	0.0249	0	0	4e-04	0	0	0	0	0.015	0	0	0	0	9.11678832117	0	0.30207319442	0	5.74452554745	0	12.9270072993	-2	18.67153284675	0	13.2352941176	0	0	56.9230769231	0	0	70.2564102564	0	0	96.9230769231	0	31.7948717948718	0	28.7179487179487	0	24.1025641025641	0	0	0	0	4.42564102564	0	0	0	0	0	0	6.29421810197609	0.0243961941937058	0.46352768968041	73.1641863869236	17.8092217614052	2.24444986582093
"SORT_098F_Plasmablasts"	0.0463737180666	0.0638807831175	0.164567738464	0.207625284419	1.05039722662	1.07143591875	0.9559	4.117	0	8.295	1.0799	1.48972656572	8.7057847998	0	15.2376096491	1.98764201013	5.9577488583	5.86134350955	6.13955214758	6.10797252338	81.1211664152841	17.1442936148818	1.73453996983409	31.2074303405573	0	0.123839009287926	0	0	46.7120743034056	3.41795665634675	18.5386996904025	15.1613108495	19.0934579439	16.9303529412	18.0204166667	17.9615259211	18.0185712778	17.8560250391	17.8761795167	18.2568807339	2.1875	2.15194000652	2.14202806795	1.76959191044	2.32451093211	4.77064220183	8.783203125	8.27931363203	9.76053511706	8.2336492891	0.378043548639	0.335104017803	0.381299746137	0.333924911224	6.98876953125	5.7459485224	8.16053511706	5.71090047393	11.427734375	11.1067683508	12.6668896321	11.0450236967	18.41650390625	-2	16.8527168732	-2	20.82742474916	-2	16.75592417063	31.169819526	45.9175336347	64.5592392701	45.1776649746	47.1660505907	74.976499342	91.6286149163	0	0	0.0188005264147396	0	0	0.0188005264147396	0	0	0.0188005264147396	0.0188005264147396	0	8.80361173815	0.000972989803067	0.89	0	0.2998	0	0.3264	0	4.43084874864	4.64542651593	5.08892648994	4.875	2.42708333333333	5.89583333333333	51.3645833333333	18.4270833333333	17.0104166666667	4.84729920660798	2.41278121943267	5.71676991631344	51.4400608629497	18.5305945005978	17.0524942940985	4.82220111849742	2.45858394006542	5.7718687348317	51.7252295030073	18.3496887200591	16.8724279835391	0	1	0	0	0	0	4	11.1888111888112	0	0	30.7692307692308	27.2727272727273	30.7692307692308	0	0	1	2	0	0	0	41.506646971935	0.443131462333826	37.5184638109306	20.5317577548006	0	5.08005296737691	0.0120380402070543	5.46527025400265	51.1857469603948	20.2720597086794	17.9848320693391	0	0	51.4652014652015	1.83150183150183	46.7032967032967	0	5.23590333716916	0.863060989643268	3.62485615650173	53.8319907940161	19.8388952819333	16.6052934407365	6.97247706422018	2.01834862385321	7.52293577981651	44.7706422018349	18.8990825688073	19.8165137614679	0	0.27843587319	0	0.462375555391	0	1.55604864722	0	23.9975	0	58.9278710101	0	0.89405734068	0	2.36394327274	0	0	0	16.1042183623	0	13.8015006821	0	7.57162346521	0	2e-04	0.04	0	0	9e-04	0	0	0	4e-04	0.0224	0	0	0	0	7.61772151899	0	0.335996402632	0	5.18481012658	0	10.1367088608	-2	15.32151898738	0	14.7465437788	0	70.5882352941	27.7777777778	0	85.2941176471	49.0079365079	0	0	77.7777777778	0	2.23048327137546	0	1.11524163568773	0	0.929368029739777	0	0	0	0	4.58550185874	0	0	0	0	0	0	0.477489768076398	4.63847203274216	8.93587994542974	51.7735334242838	16.2346521145975	17.9399727148704
"SORT_100H_Plasmablasts"	0.0958065790489	0.0924438640098	0.306385652098	0.269073185821	1.11342555715	1.10949004669	1.138	5.767	0	21.785	1.0687	2.18794339559	11.805611609	0	42.9529279714	1.69204318834	5.63403515486	5.7415518048	6.04965683102	6.05847303711	67.5762325448846	7.73012254203477	24.6936449130807	12.3579744704727	0	5.19006873334268	0.0140272127928181	0	42.5164819750316	12.6665731519147	27.2548744564455	15.4247018395	16.2632082238	15.0679133858	19.4910219836	19.5488206498	19.333568967	19.6576180463	19.4524844134	16.9138321995	9.07031381104	9.01646639964	9.41062118936	9.13783215446	9.44643869261	13.8321995465	8.77375102375	8.32399299475	11.8193887776	8.01918545944	0.367401053839	0.304420218516	0.323365983536	0.297868016732	6.4178951679	5.12224168126	7.90956913828	4.92696061932	11.8458230958	11.4669001751	16.5811623246	11.0494782901	18.2637182637	-2	16.58914185636	25.25000000003	24.49073146288	15.95327102807	15.97643890942	21.552705699	33.3536678359	42.3427085027	46.1476074615	36.072990951	64.9499864828	73.8389165218	0.876324011277909	0.203086921202275	0.206985769728331	0.0152404175874419	0	0.0258732212160414	0.00762020879372095	0	0.0258732212160414	0.0258732212160414	0.0423223423492747	4.75365189403	0.000607869227121	0.4032	0	0.4488	0	0.3696	0	4.6171607102	4.33233143786	4.28473479948	4.68199362309112	0.721597583487162	9.65766068132237	60.8659171001846	9.12904849807015	14.9437825138446	4.62839341344014	0.685358255451713	9.73742768135292	61.3974187805964	8.87405429461504	14.6773475745438	4.55067597419811	0.759918706370946	9.69338163824335	62.5077317310241	8.87160908367942	13.616682866484	13.5048231511254	0	0	0	10	0	90	2.20994475138122	0	17.6795580110497	57.4585635359116	9.94475138121547	12.707182320442	0	0	3	15	0	0	0.878972278566599	0.743745774171738	70.9263015551048	3.27924273157539	24.1717376605815	0	4.25348881666985	0.00955840183521315	9.83559548843433	62.2634295545785	8.27757598929459	15.3603517491875	1.19894330420646	0	4.53159926844137	68.1162365372892	5.8321479374111	20.3210729526519	4.26979028906102	0.340071792934064	9.28584923483847	62.9132816928018	8.19006234649537	15.0009446438693	4.76190476190476	1.02040816326531	10.4308390022676	53.8548752834467	12.3582766439909	17.5736961451247	0	0	0	0	0	0	0	0	0	0	0	0	0	0	0	4.44444444444444	0	17.6216216216	26.3875598086	24.2047977086	0.478468899522	1.10991765127	0	0.0196	0.0706	0	0	6e-04	0	0	0	0.0121	0.13	0	9e-04	0	0	12.0250896057	0	0.327842936218	0	7.62724014337	0	15.9402628435	-2	23.56750298687	0	8.92561983471	0	48.0769230769	33.5483870968	0	82.6923076923	38.3870967742	0	0	59.8387096774	0	5.18575851393189	0	3.79256965944272	0	1.47058823529412	0	0	0	3.81818181818	3.97755417957	0	0	0	98.0861244019139	0	1.91387559808612	6.76691729323308	1.64697457930541	3.22234156820623	46.7239527389903	21.7329036877909	19.906910132474
"SORT_014P_Plasmablasts"	0.0702847784217	0.0654757733979	0.190314529626	0.168442183446	1.07700966756	1.07109966909	3.8309	4.831	0	0	4.3925	7.49490676937	9.46167133603	0	0	8.33240346252	5.79593746472	5.8158035548	6.04547345497	6.04313864003	13.061797752809	57.0224719101124	29.9157303370787	3.62622036262204	0	22.8730822873082	0	0	9.20502092050209	0.139470013947001	64.1562064156206	15.5062195782	12.4891774892	14.6569444444	19.284632299	19.2442185515	19.2894600208	19.6720246238	18.213509061	18.843220339	0.342047397997	0.330368487929	0.0259605399792	0.444596443228	0.494233937397	1.69491525424	8.76572668113	9.63312368973	11.2605531295	9.62107466853	0.416915715958	0.282600505517	0.423517988133	0.282206087506	7.84978308026	4.88329839273	10.365356623	4.876482903	10.9246203905	12.1236897275	14.1688500728	12.1081646895	18.77440347076	-2	17.00698812023	-2	24.5342066958	21.74358974358	16.9846475925	38.0765159534	48.3410493827	96.2790697674	82.4659231722	65.1292907909	96.9227591904	98.2005141388	0.0771604938271605	0.169133192389006	0.0412881915772089	0	0	0	0	0	0	0	0	16.4708702949	0.00261683006624	0.5672	0	0.3258	0	0.3552	0	4.578125	4.1911205074	4.15235342692	0.317615440996824	5.25287075494747	10.0415343268996	49.7190324945028	21.2069386757879	13.4620083068654	0.203303684879288	5.15883100381194	9.83481575603558	49.8856416772554	21.3722998729352	13.5451080050826	0.259605399792316	5.58151609553479	5.76323987538941	52.2066458982347	22.0924195223261	14.0965732087227	98.828125	0	0	0	0	0	1	1.2987012987013	0	0	53.2467532467532	12.987012987013	32.4675324675325	0	0	0	1	0	0	0	100	0	0	0	0	0.205198358413133	2.90697674418605	10.0889192886457	56.0533515731874	15.9028727770178	14.8426812585499	0	7.09430756159728	12.0645709430756	41.588785046729	19.1163976210705	20.1359388275276	0.296540362438221	1.25205930807249	0.0329489291598023	62.6359143327842	27.8088962108731	7.97364085667216	2.54237288135593	5.08474576271186	10.1694915254237	48.3050847457627	15.6779661016949	18.2203389830508	0	0	0	0	0	0	0	0	0	0	0	0	0	0	0.927667855984431	9.86701265001622	0	17.713298791	13.2	20.7862853629	0	2.55227552276	1e-04	0.0103	0.1136	0	0	2e-04	0.0046	0	0	0.0043	0.0447	0	0.0012	0	0	8.47304347826	0	0.336395386941	0	5.48	0	10.9443478261	-2	16.4243478261	0	14.880952381	0	80	19.1583610188	0	0	35.1052048726	0	0	71.096345515	0	4.68409586056645	0	5.88235294117647	0	1.08932461873638	0	0	0	0	4.96296296296	0	0	0	15	0	0	1.29151291512915	1.26076260762608	10.1476014760148	77.7367773677737	5.04305043050431	4.52029520295203
"SORT_004D_Plasmablasts"	0.347720837126	0.439347816366	0.605069652668	0.772378494521	1.62024136866	1.86737212465	4.4838	0	17.95	26.0325	11.2813	7.38455530904	0	31.8963888889	42.7602477495	17.9732663139	4.3646721171	3.2390448566	5.33626809427	4.85325674642	91.9191919191919	1.51515151515152	6.56565656565657	91.4141414141414	0	0	0	0	0.505050505050505	0	8.08080808080808	17.2409944191	15.4398315283	13.8450479233	17.9422825376	17.9278385773	17.9290030211	17.6607177878	17.022848909	17.7049180328	2.74689339438	2.75307797538	2.7693856999	2.78485977643	2.94359818855	3.60655737705	8.65427032572	8.56179775281	9.39445114596	8.56179775281	0.346892998257	0.262986311881	0.244082913251	0.262986311881	6.41651705566	5.00642054575	5.71531966224	5.00642054575	11.5411644011	12.8057784912	12.9861278649	12.8057784912	17.95768145676	-2	17.81219903695	-2	18.70144752714	-2	17.81219903695	52.2487119029	71.8572534848	73.0116175156	90.3333333333	72.1814688673	95.7222222222	98.6726050127	0.625967991739804	0.0178699070764832	0.0555555555555556	0	0	0	0	0	0	0	0	20.0715098326	0.00172602130005	1.2724	0	0.4954	0	0.5272	0	4.77620030976	4.14814152966	4.775	0.0327011118378025	3.22105951602354	16.6448659254415	45.3073904512753	11.1020274689339	23.6919555264879	0.0170998632010944	3.12927496580027	16.4329685362517	45.7421340629275	10.8413132694938	23.8372093023256	0.0335683115139309	3.30647868412219	16.3477677072843	45.9550184625713	10.691507217187	23.6656596173212	54.4061302681992	0	0	0	0	0	0	2.85714285714286	0	0	62.8571428571429	8.57142857142857	25.7142857142857	0	0	0	2	0	0	0	0	94.3521594684385	0	5.64784053156146	0	0.0196116885663856	0.0392233771327711	13.8262404393018	47.3230045106884	12.4926456167876	26.299274367523	0	0	99.2268041237113	0	0	0.77319587628866	0.0411692054343351	0.0411692054343351	13.6064223960478	50.864553314121	12.3095924248662	23.1370934540963	0.655737704918033	4.59016393442623	18.6885245901639	39.344262295082	15.7377049180328	20.983606557377	0	0.151226417307	0	0.316928645125	0	1.23482795017	0	14.3675	0	21.4921675139	0	2.23851138146	0	2.71100860184	0.0120772946859903	5.76086956521739	0	17.7164948454	18.9090909091	19.2829540575	9.09090909091	1.24516960069	0	0	0.0484	0	0	0	0.0041	0	0	0.0053	0.1455	0	0	0	0	8.02233676976	0	0.367119361763	0	6.20962199313	0	10.7216494845	-2	16.93127147763	0	6.98324022346	0	87.5	8.74316939891	0	0	17.3770491803	0	0	63.9344262295	0	5.17423442449842	0	1.16156282998944	0	0.633579725448786	0	0	0	5.5	4.64202745512	0	0	0	0	0	100	2.53327608415629	1.33104336625161	6.39759553456419	69.386002576213	8.71618720480893	11.635895234006
"SORT_035M_Plasmablasts"	0.143386727449	0.0635637594031	0.299617527539	0.192371218779	1.17378847698	1.07114645142	3.3408	5.628	0	12.8175	1.2528	5.19331046185	7.59409806262	0	25.2500577687	2.59298565686	5.59767594449	5.89106753332	5.88657168005	6.10787108368	52.7729772191673	43.0479183032207	4.17910447761194	23.8549174610556	0	2.71254746958072	0	0.00775013562737348	24.6221808881655	4.43307757885763	44.3695264667132	17.1920158749	17.8112290009	17.1302256752	18.0659780073	18.1543489564	18.1220144288	17.9154798762	17.5072274469	16.8513164688	3.17894035322	3.26078882864	3.18694403586	3.18111455108	4.03169627308	4.18172431595	9.55978647687	7.97324159021	9.0448390677	7.84412650602	0.356211607346	0.352831623007	0.354973021254	0.354034938774	6.80818505338	5.28555045872	6.06170921199	5.19653614458	12.8941874259	10.6502293578	11.7247502775	10.4740210843	19.70237247928	-2	15.93577981652	14.33333333333	17.78645948949	15.46153846154	15.67055722888	11.1871355159	12.9013079667	31.8068356375	49.3295190417	21.0693458052	69.694260683	55.739361395	0.256300726185391	0.115141047783535	0.106326422115896	0.646091413925673	0.067165611207062	0.159489633173844	0.00533959846219564	0.0287852619458837	0.0177210703526493	0.0177210703526493	0.0136672703044384	4.66233766234	0.000332536899302	0.414	0.0966	0.4648	0.128	0.3424	3.9774	4.24017513883	4.21022836308	3.8995215311	1.96601132955681	3.7187604131956	9.70343218927024	49.5968010663112	17.6607797400866	17.3542152615795	1.84208571640793	3.71388249275793	9.71551660105474	49.4466315085791	18.1534576246008	17.1284260565996	2.00322196539889	3.73327729915248	8.95146039083841	50.0385234993346	17.9239335994957	17.3495832457799	0.892857142857143	0	0	0	41.3592233009709	0.194174757281553	58.4466019417476	2.12765957446809	2.65957446808511	12.2340425531915	33.7765957446809	41.4893617021277	7.71276595744681	1	0	1	3	13	1	0	12.7850725639254	34.6233586731168	7.32550103662751	45.2660677263303	0	1.72600619195046	3.67647058823529	7.93343653250774	50.1470588235294	18.4674922600619	18.0495356037152	0.225225225225225	0	3.71621621621622	51.8018018018018	43.4684684684685	0.788288288288288	1.83733890630442	2.01149425287356	9.83106931382793	47.7185649599443	21.7781260884709	16.8234064785789	2.89106866288074	3.51058337635519	10.0671140939597	47.2379969024264	19.3598347960764	16.9334021683015	0	0.0312158184984	0	0.101203303703	0	1.03723387513	0	7.7025	0	11.3416377175	0	2.78250805502	0	2.94711580513	0.00773335395561055	24.9168664449772	0	16.7065217391	0	17.5871886121	0	5.69395017794	0	0	0.0443	0	0	0	0	0	0	0	0.1014	0	0	0	0	9.47445255474	0	0.327398319488	0	6.02554744526	0	12.7372262774	-2	18.76277372266	0	2.22222222222	0	0	21.4452214452	0	0	37.9953379953	0	0	84.3822843823	0	4.87238979118329	0	3.48027842227378	0	3.48027842227378	0	0	0	0	4.686774942	0	0	0	0	0	0	6.58362989323843	1.60142348754448	6.58362989323843	53.7366548042705	18.1494661921708	13.3451957295374
"SORT_001A_Plasmablasts"	0.157125171512	0.144462502442	0.4118592311	0.380676950396	1.20516060244	1.18792415576	1.5718	6.252	10	10.94	1.2696	2.64367861363	10.3023476657	12.5611111111	17.9689415584	2.21649959595	5.31133058625	5.40355632484	5.91575055666	5.9524521264	47.7541916628211	43.2318104906937	9.01399784648516	7.10976072920623	0	2.03570072161033	0	0	25.886821116597	15.153816938853	49.8139004937334	17.1155172414	18.8338940286	15.9647887324	18.8617380487	18.8769404459	18.8464787439	18.9022813688	18.2336803296	17.9173441734	3.43877732362	3.49985887666	3.43402809659	3.39353612167	4.09889394925	3.79403794038	9.89661751951	8.28055260361	9.46590909091	8.17981072555	0.329424337349	0.357971941533	0.375775723056	0.357662787874	5.95316565481	5.82678002125	7.37394781145	5.75184016824	12.8967909801	10.6546227418	12.6866582492	10.5215562566	18.84995663491	-2	16.48140276305	21.95	20.06060606065	22.13636363641	16.27339642484	38.1098031946	39.3740705691	61.0029498525	68.9506468615	50.573114592	78.8691902252	86.3163098217	0	0	0	0	0	0	0	0	0	0	0	7.98803554148	0.000612074145202	0.7784	0.427	0.6396	0.4018	0.5914	3.2428	4.43271375465	4.96243854474	4.5316091954	2.55909010129732	8.48587169006576	6.3888395237249	50.3554291807357	10.298560511818	21.9122089923583	2.54962837519992	8.60852384984477	6.14356947972528	50.8044030482642	10.2643710603067	21.6295041866591	2.52502065925994	8.60343402809659	6.53750803415664	50.2249563860068	10.2010834634102	21.9079974290699	0	0	0	0	14	0	2	0.934579439252336	7.47663551401869	4.67289719626168	64.4859813084112	16.8224299065421	5.60747663551402	0	4	1	1	0	0	1.99680511182109	9.5580404685836	79.2332268370607	2.07667731629393	7.13525026624068	0	2.63307984790875	8.60266159695817	5.31368821292776	51.6825095057034	9.75285171102662	22.0152091254753	0	4.94689770821688	0.0279485746226942	64.2537730575741	1.9284516489659	28.8429290106205	2.80850140967252	7.92669702884407	4.56517024506615	56.4302754283236	10.3990457601388	17.8703101279549	2.4390243902439	7.04607046070461	9.75609756097561	45.6639566395664	11.6531165311653	23.4417344173442	0	0.135383050122	0	0.39074550705	0	1.18479460005	0	17.7	0	37.9800611298	0	2.06304247217	0	2.72640821165	0.0114194358798675	0.0456777435194701	0	16.2727272727	0	10.6125984252	0	5.27559055118	0	0	0.0067	0	0	0	0	0	0	0	0	0	0	0	0	4.36363636364	0	0.226239182274	0	3	0	6.72727272727	-2	9.72727272727	0	0	0	0	69.2307692308	0	0	0	0	0	0	0	0	0	0	0	0	0	0	0	0	4.53846153846	0	0	0	0	0	0	0	0.078740157480315	0.15748031496063	99.4488188976378	0.236220472440945	0.078740157480315
"SORT_039R_Plasmablasts"	0.287743319812	0.137243739973	0.615835060454	0.322004489784	1.41977751466	1.16300996917	9.933	6.638	0	14.8625	5.5696	20.5056018915	14.1008838833	0	24.6246394701	10.5594067364	4.16908481114	5.35713183738	5.32575394332	5.83199903515	7.46300974377481	74.9043666546373	17.6326236015879	3.11167945439045	0	13.7112816140949	0	0	4.24126172208014	0.0284171639670361	78.9073600454675	18.3946830266	13.8254035684	17.7364864865	18.404851079	18.3136899365	18.4401370357	18.4348325359	18.3300970874	16.646090535	6.49188514357	6.69084315503	6.47313379012	6.67942583732	7.23396154578	11.1111111111	10.1913623596	6.29857819905	11.7434912505	5.31568627451	0.35353077577	0.403939243887	0.340558846784	0.357659487277	6.41502808989	5.14218009479	7.20187793427	4.26274509804	13.1088483146	8.00473933649	14.0512163892	6.74117647059	19.52387640449	-2	13.14691943128	-2	21.25309432347	-2	11.00392156863	77.1154934131	66.5558441558	97.4509229417	58.4733893557	87.5656671785	76.1204481793	98.965489372	0.0207770621234157	0	0.630252100840336	0.0207770621234157	0	0.630252100840336	0.0207770621234157	0	0.560224089635854	0.547195622435021	0.00859180341953776	5.22750955193	0.000813650573116	1.007	0	0.5838	0	0.6602	0	4.72221067941	4.05017579842	4.51470588235	0.0178348492955235	0.0713393971820938	4.81540930979133	22.1865525236312	46.8521490993401	26.0567148207598	0	0.0725294650951949	5.98368087035358	21.3961922030825	46.5276518585675	26.0199456029012	0.0180310133429499	0	4.86837360259647	22.1420843851424	46.8265416516408	26.1449693472773	0	0	0	0	37.9746835443038	20.8860759493671	41.1392405063291	0	0	48.6666666666667	16.6666666666667	2	32.6666666666667	0	0	0	0	0	1	0	0.0487567040468064	1.07264748902974	98.8785958069235	0	0	0	0.076555023923445	4.95693779904306	21.5885167464115	49.1483253588517	24.2296650717703	0	0	0.0473260766682442	3.97539044013251	95.9772834831992	0	0	0	5.216067009328	20.426422996383	48.9053873976775	25.4521225966115	0.411522633744856	0	5.34979423868313	36.6255144032922	26.3374485596708	31.2757201646091	0	0	0	0	0	0	0	0	0	0	0	0	0	0	0	7.14285714285714	0	17.4817073171	26.1006711409	14.6866387058	0	0.239664469742	0	1e-04	0.2721	0	0	0	0.0251	0	0	0	0.3007	0	0.0234	0	0	7.48879837067	0	0.382506512926	0	5.41547861507	0	9.51527494908	-2	14.93075356415	0	10	0	0	50.6172839506	0	0	81.7663817664	0	0	95.1566951567	0	3.98481973434535	0	0	0	0	0	0	0	0	4.15275142315	0	0	0	100	0	0	0	1.1983223487118	6.7106051527861	55.2426602756141	7.18993409227082	29.6584781306171
"SORT_042V_Plasmablasts"	0.296174641096	0.257899046735	0.599707025334	0.46675070914	1.46066074687	1.41557013474	8.148	14.372	0	29.8775	1.9722	15.5052517955	28.4650582947	0	55.8138828704	2.91562434276	4.35652327993	4.88739812318	5.42699396357	5.66918119573	0.579099763095551	4.31692550671229	95.1039747301921	0	0	22.7243793761935	0.0127307447485678	0	0.0254614894971356	0.521960534691279	76.7154678548695	16.6069632981	15.6374324007	16.6448051948	18.6814092954	18.7832089552	18.7196038745	18.9143430911	18.7341611529	17.2239115411	1.92176638953	1.82835820896	1.90111319936	1.77647331428	1.71304269011	3.24809951624	8.17414448669	7.09239842726	11.220754717	7.04294079375	0.359053826819	0.394349109734	0.362564135082	0.395105231916	5.96058301648	5.89580602883	8.32193396226	5.85361093038	10.8283903676	9.29095674967	15.0705188679	9.22446324008	16.78897338408	-2	15.1867627785	22.9714285714	23.39245283016	21.48348745049	15.07807417046	15.5754149188	20.9227406086	39.7405911121	39.9498387675	27.3299288711	55.5714797564	63.1892516262	0	0	0.0716589036187746	1.4784559627222	0.148841165213693	0.752418487997134	0	0	0	0	0	5.71832693473	0.000400046337656	0.8916	0.6726	0.744	0.3268	0.555	1.7158	4.09894724731	4.44131405486	4.24507345038	0.320294398255418	2.65776202807687	11.6873381491073	54.259234019354	8.57980100858662	22.4955703966199	0.246268656716418	2.6865671641791	11.5298507462687	54.4776119402985	8.34328358208955	22.7164179104478	0.274685557322539	2.76854127511927	9.83808009252566	55.5659968194304	8.83330923810901	22.7193870174931	0	0	0	0	3	0	0	1.16959064327485	0.584795321637427	7.60233918128655	56.7251461988304	11.6959064327485	22.2222222222222	0	1	0	1	0	0	0.539137380191693	11.5015974440895	58.9456869009585	2.85543130990415	24.4209265175719	0	0.278056692670117	2.40210087278906	10.9523441723951	54.8003398470688	8.41121495327103	23.1559434618058	0.260466911055373	1.25409994211846	7.83330117692456	55.6530966621648	8.05518039745321	26.9438549102836	0.262847820175836	1.61334179280341	5.25695640351672	58.4881718480921	9.31750203933654	25.0611800960754	1.10573600552868	2.21147201105736	12.6468555632343	52.5224602626123	11.1264685556323	20.387007601935	0	0.0251523230564	0.425388888889	0.0675766145189	1	1.02940982972	10	7.255	70.1555555556	9.91842105265	0.902558745897	2.83430191214	2.30258509299	2.95740175541	0	0.0242424242424242	0	15.7261904762	6.30303030303	14.3773584906	11.1111111111	4.85175202156	0	3e-04	0.0765	0	0	9e-04	0	0	0	0	0.1602	0	0	0	0	6.95833333333	0	0.455526923638	0	5.41071428571	0	9.04166666667	-2	14.45238095238	0	0	0	0	81	0	0	86	0	0	99.6666666667	0	0	0	0	0	0	0	0	0	0	4.98397435897	0	0	0	100	0	0	3.41419586702606	3.14465408805031	3.23450134770889	55.0763701707098	1.61725067385445	33.5130278526505
"SORT_093A_Plasmablasts"	0.0840440968829	0.0637777836057	0.196503416763	0.149547181005	1.09668404119	1.07239460341	1.4224	4.711	0	0	0.7902	2.37553214935	6.86368487021	0	0	1.06619424816	5.90976708132	6.01549948182	6.06588426351	6.11423168572	84.9162011173184	11.5083798882682	3.57541899441341	65.7427937915743	0	0.110864745011086	2.54988913525499	0	9.97782705099778	6.65188470066519	14.9667405764967	15.8617200675	16.5333333333	15.5851851852	19.0595382746	18.3705179283	18.5682492582	17.6264705882	14.0144230769	18.5746268657	1.21506682868	3.71845949535	1.3353115727	0.294117647059	7.21153846154	3.73134328358	8.83559322034	6.93693693694	9.11235955056	6.248	0.417004223836	0.386797529903	0.375407620199	0.367476206553	7.81525423729	5.14414414414	6.51685393258	4.592	12.0576271186	8.62162162162	11.2134831461	7.744	19.87288135589	-2	13.76576576576	25.1304347826	17.73033707868	25.1379310345	12.336	44.8308270677	60.9157266092	75.2808988764	67.2727272727	64.9436090226	86.5454545455	94.5018796992	0	0	0	0	0	0	0	0	0	0	0	12.0631341601	0.00401686918034	0.8188	0	0.563	0	0.1954	0	4.73722627737	4.45505617978	4.90181818182	3.28068043742406	0.972053462940462	19.8055893074119	40.5832320777643	23.3292831105711	12.0291616038882	3.58565737051793	0.796812749003984	21.1155378486056	39.7078353253652	22.9747675962815	11.8193891102258	3.11572700296736	1.18694362017804	21.6617210682493	42.2848664688427	18.1008902077151	13.6498516320475	0	0	0	0	0	4	0	0	0	23.728813559322	62.7118644067797	1.69491525423729	11.864406779661	0	0	0	1	4	0	0	0	1.61290322580645	98.3870967741936	0	0	7.64705882352941	0	31.1764705882353	31.1764705882353	27.9411764705882	2.05882352941176	0	0	18.4210526315789	19.7368421052632	56.5789473684211	5.26315789473684	4.80769230769231	0	31.9711538461538	29.3269230769231	13.9423076923077	19.9519230769231	0	1.49253731343284	13.4328358208955	54.4776119402985	17.910447761194	12.6865671641791	0	0.0724861277747	0	0.233016772569	0	1.09425689129	0	10.3975	0	17.3414155175	0	2.48847047322	0	2.87409404814	0	0	0	16.5470219436	0	15.8796095445	0	6.18221258134	0	0.0027	0.0422	0	0	0.012	0	0	0	0	0.3639	0.0188	0	0	0	8.93630573248	0	0.333433729544	0	5.73566878981	0	11.2977707006	-2	17.03343949041	0	16.7286245353	0	0	34.7336834209	0	0	51.2378094524	0	0	89.0472618155	0	1.79640718562874	0	0.673652694610778	0	0.523952095808383	0	0	0	0	4.59131736527	0	0	0	0	0	0	0.867678958785249	4.66377440347072	8.45986984815618	56.7245119305857	13.3947939262473	15.8893709327549
"SORT_121F_Plasmablasts"	0.233915008382	0.334102194956	0.536490109174	0.705841629227	1.33703173575	1.53407168906	2.657	0	10	24.4175	7.944	4.64016998109	0	27.95	39.6998072289	14.7577962945	4.80106839216	3.8362957303	5.69789988503	5.24124040924	58.1609404902944	36.6262644673289	5.21279504237674	18.3900817536609	0	4.74350911867757	0.00898391878537418	0	35.702093253077	4.06073129098913	37.09460066481	17.4499618029	16.7204251386	16.3900955691	17.4419064748	17.4739683764	17.1600823045	17.7146277754	16.0147208122	15.4153094463	1.43884892086	1.31122252218	1.54320987654	1.30605137135	1.59898477157	4.39739413681	8.72102009274	6.36055603823	9.69352585002	6.34756097561	0.372130361451	0.423838776029	0.360071404864	0.42423894599	6.50656877898	5.50651607298	6.75454122031	5.48780487805	11.414992272	8.31190269331	12.4829995342	8.29616724739	17.92156105098	-2	13.81841876629	16.875	19.23754075451	15.94444444446	13.78397212544	11.5099951581	18.5693756985	28.2628592349	38.2253837514	22.9093172857	58.2927742419	64.3010306426	0.159667890787163	0.933382137628111	0.374391613627855	0.0638671563148651	0.0183016105417277	0.41183077499064	0	0	0.299513290902284	0.299513290902284	0	4.75862068966	0.00112316101646	0.6864	0	0.5072	0	0.5606	0	4.53089573687	4.46083455344	4.43504305504	3.50719424460432	4.47841726618705	11.0791366906475	56.3669064748201	17.589928057554	6.97841726618705	3.47088314693405	4.14577709217123	10.6440416505978	56.9803316621674	17.89433089086	6.86463555726957	3.88888888888889	4.44444444444444	6.87242798353909	58.6008230452675	18.7654320987654	7.42798353909465	1	0	0	0	11	0	2	1.26050420168067	1.26050420168067	8.82352941176471	69.7478991596639	8.40336134453782	10.5042016806723	0	0	0	1	1	0	0	10.0529100529101	57.9365079365079	14.1534391534392	17.8571428571429	12	3.87461906835002	1.28428384849804	10.7096212451023	57.9233783195472	18.959512407488	7.24858511101437	0	0	5.23560209424084	68.586387434555	25.6544502617801	0.523560209424084	2.81725888324873	1.44670050761421	6.44670050761421	59.6192893401015	21.2944162436548	8.3756345177665	2.93159609120521	6.02605863192182	13.8436482084691	56.3517915309446	11.5635179153094	9.28338762214984	0	0.0795873915794	0	0.345753876734	0	1.09760102462	0	13.0625	0	34.0549330144	0	2.12637847518	0	2.85172575755	0.00631193587073155	1.74840623619264	0	16.9624413146	40.5	14.0407963446	0	3.85117493473	0	0	0.0718	0	0	0.0024	0.0047	0	0	0	0.1583	0	0	0	0	7.50717703349	0	0.359370635321	0	4.91626794258	0	9.3971291866	-2	14.31339712918	0	28.6995515695	0	0	44.3243243243	0	0	63.9189189189	0	0	90.6756756757	0	1.7426273458445	0	1.60857908847185	0	0.804289544235925	0	0	0	0	4.58713136729	0	0	0	98.0769230769231	0	1.92307692307692	6.56005221932115	0.652741514360313	12.7610966057441	64.2950391644909	7.11488250652742	8.61618798955614
"SORT_005E_Plasmablasts"	0.202950383944	0.148402696237	0.432775176593	0.353053133426	1.26761128862	1.19495729804	7.2642	0	0	11.6625	1.3891	13.1552074969	0	0	17.0353584624	2.3302118751	5.09318310032	5.50847741395	5.66569469995	5.94339559843	50.3507098367095	24.8807586555188	24.7685315077717	18.395887457852	0	6.66077054889171	0.011055220828036	0	25.5541429440053	6.40650046984689	42.9716433585761	17.6628930818	18.2746007213	16.3390151515	18.9783034504	18.9752393529	18.867649736	18.2	17.821668533	18.3832599119	12.5357842399	12.7764938924	12.7070817404	13.9829059829	17.7211646137	10.4258443465	10.8638334779	8.88030888031	9.45369162536	8.71730769231	0.305973380085	0.376960514689	0.326940057367	0.370428528399	6.28360797918	7.04633204633	6.33863814245	6.92884615385	14.6470078057	11.7200772201	11.8773806418	11.5115384615	20.93061578488	-2	18.76640926643	19.72413793104	18.21601878425	25.42222222224	18.44038461535	19.8906319046	32.6024327785	31.0902651479	55.7131599685	33.6555457357	76.8321513002	80.0927971719	0.048	0.00957212596917775	0.709219858156028	0	0	0	0	0	0	0	0	8.50274521442	0.00100595110218	0.2998	0.231	0.4734	0.1122	0.4244	6.2246	4.03152	4.65664784149	4.48620961387	1.80804580382703	7.48832303751695	7.29245140876902	48.5008286876601	8.33207774596957	26.5782733162573	1.78276658963354	7.54374380983823	7.03202377022119	48.77847474414	8.18752063387256	26.6754704522945	1.0740943018387	8.865829237211	5.6799563080284	48.1703986892409	7.86455488803932	28.3451665756417	0	7.14285714285714	0	0	73.2142857142857	0	19.6428571428571	2.02020202020202	3.03030303030303	1.01010101010101	63.6363636363636	16.1616161616162	14.1414141414141	0	0	0	2	0	1	0.21978021978022	0	49.2307692307692	0	45.6043956043956	0	1.94871794871795	6.23931623931624	6.46153846153846	48.2393162393162	8.35897435897436	28.7521367521368	0	5.3134328358209	4.83582089552239	55.2835820895522	5.61194029850746	28.955223880597	1.53975363941769	0.083986562150056	0.0559910414333707	64.1097424412094	8.3986562150056	25.8118701007839	2.05580029368576	6.31424375917768	8.66372980910426	48.3113069016153	10.71953010279	23.935389133627	0	0	0	0	0	0	0	0	0	0	0	0	0	0	0	43.5294117647059	0	18.0880503145	15.3571428571	20.0665137615	0	3.36391437309	0	0	0.2079	0	0	0.0158	0	0	0	0	0.1331	0	0	0	0	10.101910828	0	0.347691352053	0	7.24203821656	0	13.9957537155	-2	21.23779193206	0	7.54716981132	0	0	19.2349726776	0	0	37.3770491803	0	0	87.9781420765	0	0.764192139737991	0	0.327510917030568	0	0.109170305676856	0	0	0	0	4.4672489083	0	0	0	100	0	0	2.98165137614679	2.217125382263	14.6024464831804	63.914373088685	6.49847094801223	9.78593272171254
"SORT_024A_Plasmablasts"	0.156349606267	0.164955944258	0.416643072597	0.413991573399	1.20615815279	1.22130311427	1.5097	6.975	0	10.79	1.7365	3.36843083165	12.250846153	0	18.7111859697	3.2310805312	5.25287077025	5.25779863902	5.92205286744	5.90176060149	0.736980019652801	29.3973141172617	69.8657058630855	0.00532509718302359	0	26.2314287235742	0.00532509718302359	0	0.702912828159114	0.00532509718302359	73.0496831567176	16.9649442295	17.1296452703	20.8834498834	19.8987830564	19.8133165829	19.6392965587	19.7447291166	19.558210695	18.4980744544	1.29885326469	1.16834170854	0.797064777328	1.38777688818	0.772257030453	4.10783055199	10.5250285714	8.12312549329	9.92218400688	8.08811959087	0.3604289695	0.325521921655	0.327243609847	0.323774258708	7.40114285714	5.52880820837	6.38865004299	5.50118017309	13.528	10.36543015	13.1010318143	10.3225806452	20.92914285714	-2	15.89423835837	23.1041666667	19.48968185729	23.24603174603	15.82376081829	29.4071730825	38.0101404705	63.7863196126	78.0985915493	46.3949714474	87.6408450704	86.1221806828	0.299127544661404	0.0453995157384988	0.486409155937053	0.00830909846281678	0.0151331719128329	0.515021459227468	0	0	0.457796852646638	0.457796852646638	0	8.95983522142	0.00070276422733	0.5232	1.237	0.6626	0.3538	0.2694	1.2194	4.13909430827	3.97775423729	4.63633762518	1.15843669553007	3.14767142522818	8.64732038380529	43.2483032997894	28.4928621577346	15.3054060379125	1.08040201005025	3.9572864321608	8.65577889447236	42.7386934673367	28.6306532663317	14.9371859296482	1.23987854251012	3.37803643724696	6.46508097165992	44.8380566801619	29.6179149797571	14.461032388664	0	0	0	3.44827586206897	96.551724137931	0	0	0	34.2105263157895	18.9473684210526	29.4736842105263	12.1052631578947	5.26315789473684	0	0	1	1	1	0	0	14.1785252263907	50.8150064683053	19.7671410090556	15.2393272962484	0	0.800640512409928	0.0133440085401655	8.32666132906325	44.6623965839338	30.9447558046437	15.2522017614091	0	1.57886509301235	9.03548538377364	41.7539471627325	31.7023604814757	15.9293418790058	0.90339501675652	4.41497887221332	8.78624508232551	42.4449949001894	30.9048521054932	12.545534023022	1.66880616174583	2.4390243902439	11.1681643132221	45.0577663671374	23.1065468549422	16.5596919127086	0	0.516274806378	0	0.259263378665	0	2.74180093926	0	65.0225	0	98.7410733162	0	0.0617455013836	0	1.31294445419	0.009000900090009	0.027002700270027	0	17.6311188811	0	16.9429347826	0	1.69836956522	0	3e-04	0.0351	0	0	7e-04	0	0	0	0.0084	0.066	0	0	0	0	9.14664310954	0	0.346700702997	0	6.3074204947	0	11.7332155477	-2	18.0406360424	0	21.2418300654	0	81.8181818182	19.9023199023	0	0	37.4847374847	0	0	81.3186813187	0	9.3935790725327	0	2.02140309155767	0	1.54577883472057	0	0	0	0	4.53864447087	0	0	0	0	0	0	1.35869565217391	3.53260869565217	10.054347826087	51.4945652173913	15.0135869565217	18.5461956521739
"SORT_016R_Plasmablasts"	0.0865522831433	0.042555073866	0.227984323712	0.141580667005	1.09743382099	1.04641028813	2.77	9.686	0	39.145	0.6378	4.77257361557	18.9981174814	0	75.3464591015	0.916541963066	5.76185294789	6.01274194811	6.02625208769	6.15031494128	0.214353763099397	6.37503969514131	93.4106065417593	0.0229568411386593	0	21.250382614019	0	0	0.0459136822773186	0.137741046831956	78.5430058157331	18.4690073689	17.8901464714	19.0224403927	18.963444919	18.8939929329	18.7013404826	19.0313855284	17.8926325971	19.0858895706	0.506605741532	0.460434736053	0.504021447721	0.467929696416	0.403030791552	1.34969325153	9.76275621457	6.00849858357	9.60622914349	5.99435028249	0.351856065031	0.426630981987	0.362996159676	0.425425809722	6.97514173572	5.97875354108	6.77463848721	5.96186440678	13.0089402529	8.11331444759	12.1817575083	8.09322033898	19.98408198862	-2	14.09206798867	23.13043478258	18.95639599551	21.36300174517	14.05508474576	18.3243371964	21.7039684032	35.2640692641	75.1897256276	30.3897444039	86.5148861646	68.9514208605	0	0	0	0	0	0	0	0	0	0	0	6.08627142013	0.000668745437903	0.3828	0	0.6592	0	0.6028	0	4.47893142385	5.02649234474	4.49008168028	2.70189728816927	2.42376080262243	5.8905334260455	51.5545842852886	13.2909506307738	24.1382735671004	2.60199164792804	2.66623835528429	5.69654138558732	51.9113395438484	13.1277438697933	23.9961451975586	2.15549597855228	2.6058981233244	5.5656836461126	51.8176943699732	13.1796246648794	24.6756032171582	0	0	0	0	0	0	6	1.17647058823529	29.4117647058824	8.23529411764706	54.1176470588235	4.70588235294118	2.35294117647059	0	0	0	0	1	1	4.56503014642549	1.46425495262705	60.6373815676141	7.49354005167959	25.8397932816537	0	2.67062314540059	1.78041543026706	3.56083086053412	52.9445332115955	13.5813741154987	25.4622232367039	2.19098801157503	0	1.79826374534932	60.8929309632079	6.92434890450599	28.1934683753617	1.32194099629212	1.03175882637433	2.62776076092213	60.2934064162502	12.5584394647751	22.1666935353861	3.68098159509202	2.45398773006135	8.34355828220859	47.6073619631902	14.3558282208589	23.558282208589	0	0.0935531529923	0	0.231081339173	0	1.12510254473	0	11.965	0	18.6840155945	0	2.43897840554	0	2.8322388303	0	0.446428571428571	0	15.9889624724	0	16.0970519176	0	4.93086355335	0	3e-04	0.0944	0	0	0.0033	0	0	0	4e-04	0.2399	0	0.0122	0	0	10.3333333333	0	0.285604444872	0	5.2972972973	0	13.5923423423	-2	18.8896396396	0	12.7659574468	0	0	59.3431483579	0	0	86.523216308	0	0	92.6387315968	0	0	0	0	0	0	0	0	0	0	3.74802259887	0	0	0	8	0	0	3.0002608922515	1.53926428385077	11.3488129402557	54.8656404904774	4.46125750065223	24.7847638925124
"SORT_021X_Plasmablasts"	0.615303871363	0.246770963002266	0.925600834884	0.492787142614602	2.69391466105	1.179596672494	52.8256	34.822	0	0	0	87.7520213583	90.1188512107	0	0	0	0.629747533904	3.2122510880728	3.07454145408	4.3527573041787	78.4405063291139	20.7189873417722	0.840506329113924	63.3222524428327	0	0.0402941472751083	0.0906618313689937	0	15.0901581545281	0.0503676840938854	21.4062657399013	17.0195671893	18.2196571429	16.7501858736	16.7235025881	16.7306931998	16.8279458444	16.7396090466	16.5578983282	16.2730521801	9.65614986443	9.76541908276	9.47723003174	9.94729468277	9.79187990447	8.29163688349	9.69025136321	8.53345578588	7.8186955498	8.25670886076	0.329886964581	0.348706852171	0.34677332957	0.339594705406	6.61284745312	6.14064549987	5.66258535437	5.9253164557	12.5528660726	11.1910259774	10.4047562986	10.8225316456	19.16571352572	-2	17.33167147727	9.92249047014	16.06734165297	15.41048034934	16.7478481013	16.8675934951	26.8460854093	32.6664549592	48.733451475	29.2258759555	67.1739810278	70.0969578823	1.34235572426693	2.98117154811716	4.20168067226891	1.6284315343566	4.02719665271966	6.26621018777882	1.17181052979039	2.76150627615063	3.96306670816475	3.96306670816475	1.8993096480889	6.32880844646	0.000495647677428	0.6348	1.1666	0.7874	1.2334	0.549	1.206	4.1819332123	4.47165271967	4.01068575578	2.45871333497658	4.09785555829431	20.5385753019473	50.7641114123737	11.2459945772738	10.8947498151343	2.53690036900369	4.28307854507116	20.9080126515551	50.7709541381128	10.9778597785978	10.5231945176595	2.55230938653884	3.6794713998834	20.7358942799767	50.8648053378247	11.4789142968193	10.6886052989571	0	0	0	69.2946058091286	0.20746887966805	30.4979253112033	0	3.24483775811209	8.55457227138643	29.7935103244838	44.2477876106195	10.0294985250737	4.12979351032448	0	0	2	5	0	1	3.11006722280716	18.3283388677412	53.8916335952053	12.7966307605086	10.9662266137523	0	2.601908065915	4.39655747548202	20.6084461938755	50.5570751884715	11.1548468877177	10.6811661885383	6.65798772549749	10.1915566300911	19.1184675469593	38.292728287149	9.22447461409708	16.5147851962061	2.7021494370522	4.0532241555783	21.5216649607642	51.1156601842375	11.1770726714432	9.4302285909246	1.78699070764832	3.14510364546104	18.7991422444603	49.1779842744818	13.795568263045	13.2952108649035	0	0.124350595154	0	0.302773769105	0	1.1786305854	0	13.7025	0	21.9294792557	0	2.29062122146	0	2.76807532118	0	0	0	16.5465346535	0	19.6645586298	0	1.26482213439	0	0	0.1106	0	0	0.0076	0	0	0	0	0.3653	0	0.009	0	0	9.786	0	0.354113332924	0	6.878	0	12.696	-2	19.574	0	11.377245509	0	0	50.5964214712	0	0	70.9741550696	0	0	93.24055666	0	0	0	0	0	0	0	0	0	0	3.9494047619	0	0	0	0	0	0	2.5296442687747	14.0974967061924	10.8300395256917	55.6258234519104	4.61133069828722	12.3056653491436
"SORT_112W_Plasmablasts"	0.0194907853668	0.0208641654196	0.0588130536333	0.0599641758428	1.02034155935	1.02183954658	0.4804	2.492	0	0	0.485	0.61852391427	3.22340936374	0	0	0.629027357256	6.1433764316	6.13537415389	6.18648757907	6.18447230689	51.6634851377148	43.714207799291	4.62230706299427	27.4431779861064	0	2.00310244823633	0	0	21.7576043704053	2.71801443312875	46.0713563094355	16.9039986781	17.5295746785	17.9228977405	20.7850195196	20.817348942	20.8378189444	20.793323551	20.6464198626	19.5954674221	1.65420498908	1.44695702756	1.61481999301	1.48202494497	1.64043449346	4.13597733711	10.4559168622	8.46901172529	10.8542582967	8.38417811464	0.361612520756	0.347110214913	0.347810235418	0.345410987846	7.82919879316	6.18138310601	7.52179128349	6.11676930365	14.2214213879	11.7910983489	14.7888844462	11.6721932733	22.05062018106	-2	17.97248145491	16.5454545455	22.31067572969	25.83379501389	17.78896257695	14.5902520796	18.6746472852	33.7224514441	36.1955241461	25.6033146725	55.1236749117	61.7642407566	1.46807784226699	3.57824907025832	0.447427293064877	0.119494708091499	0.0100512614333099	0.0117744024490757	0.0170706725844998	0.0100512614333099	0	0	0.0128364212057678	5.27129784766	0.000369009472091	0.6062	0	0.6506	0	0.7002	0	4.29276203482	4.35132689988	4.3302719887	3.66571825580626	3.91715741414676	5.5250446635347	49.0637199761794	22.8809634089856	14.9473962813472	3.70828182941904	4.08638115320294	5.34428851886861	49.1238275285392	23.100414455028	14.6368065149422	3.75393219154142	3.99161132471164	5.59944075498078	49.2624956308983	22.7892345333799	14.6032855644879	13.0434782608696	0	0	0	4.01606425702811	0	95.9839357429719	2.25	6.5	9.75	47.75	16.25	17.5	1	0	0	4	0	0	0	0.165562913907285	65.5629139072848	34.1887417218543	0.0827814569536424	17	3.65370506236244	3.96184886280264	4.5487894350697	49.8459280997799	23.9325018341893	14.057226705796	0.467562828755114	5.26008182349503	6.79135008766803	40.572764465225	28.1940385739334	18.7142022209234	3.18480750757408	4.15281164560703	4.89174610212074	49.0800266016404	23.6754599866992	15.0151481563585	3.05949008498584	3.1728045325779	7.87535410764873	48.385269121813	19.6033994334278	17.9036827195467	0	0	0	0	0	0	0	0	0	0	0	0	0	0	0.0257931390250193	6.33221563064225	0	18.1666666667	0	16.1052631579	0	0	0	0	0	0	0	0	0	0	0	0	0	0	0	0	0	7.77777777778	0	0.400035402484	0	6.11111111111	0	10.3333333333	-2	16.44444444441	0	0	0	0	60	0	0	85	0	0	0	0	0	0	0	0	0	0	0	0	0	4.65	0	0	0	0	1	0	1	0	2	11	1	4
"SORT_115Z_Plasmablasts"	0.330729386898	0.510184275996	0.605071914748	0.847260262848	1.56353064176	2.11211748033	8.7644	0	0	0	28.8444	14.5557342691	0	0	0	47.7275171918	4.41074557135	2.40606220603	5.33245282356	4.17888349072	25.241736001799	21.6887789521025	53.0694850460985	5.42593000220119	0	15.5844155844156	0.0440237728373322	0	18.3469073299582	1.1005943209333	59.4981289896544	17.1196901549	16.3375722543	15.6643356643	18.2019128587	18.0347776511	17.549445741	17.2038626609	16.3572218128	18.6786226686	3.48034006376	3.56328392246	3.82147024504	3.82689556509	4.71628592483	4.44763271162	9.87295597484	6.80104216011	10.9125651419	6.75870178739	0.327700708043	0.359765826138	0.331654654802	0.357227497167	6.60955974843	5.09142586452	7.16039374638	5.05550329257	13.0093081761	8.81383230696	14.4394904459	8.75870178739	19.61886792453	-2	13.90525817148	-2	21.59988419228	-2	13.81420507996	25.0582868728	22.1510345552	34.0018876829	64.5220897027	33.8520020274	82.7985889467	70.851495185	0	0	0.0503947589450697	0	0	0.0167982529816899	0	0	0.0167982529816899	0.0167982529816899	0	6.15843381304	0.000898890661219	0.2922	0	0.2594	0	0.1774	0	4.49062139788	4.45917885795	4.75692927935	2.20510095642933	3.85228480340064	17.7470775770457	54.3039319872476	11.1849096705632	10.7066950053135	2.15222348916762	3.76282782212087	18.27251995439	54.2759407069555	11.1316989737742	10.4047890535918	2.15869311551925	4.17152858809802	17.25495915986	56.6802800466744	10.1808634772462	9.5536756126021	0	0	0	0	0	0	0	0	0.571428571428571	21.1428571428571	61.1428571428571	13.7142857142857	3.42857142857143	0	0	0	3	4	3	0	0	100	0	0	0	2.48569384835479	1.85979971387697	18.3655221745351	58.6909871244635	9.85336194563662	8.74463519313305	0	0	0	2.80373831775701	36.9158878504673	60.2803738317757	1.93441414885777	1.69491525423729	18.8651436993368	60.1510685335298	10.5747973470892	6.77966101694915	2.15208034433285	3.87374461979914	13.0559540889527	55.9540889526542	12.7690100430416	12.1951219512195	0	0	0	0	0	0	0	0	0	0	0	0	0	0	0.00560883953110102	9.43967693084301	0	18.0085106383	19.8653846154	16.7532347505	0	0.693160813309	3e-04	0	0.1174	0	0	0.021	4e-04	0	0	0	0.2036	0	0	0	0	10.4401709402	0	0.325437649225	0	6.2094017094	0	13.7393162393	-2	19.9487179487	0	13.7254901961	0	0	70.3883495146	0	0	81.7961165049	0	0	92.7184466019	0	0	0	0.72289156626506	0	0	0	0	0	0	4.18795180723	0	69.2307692307692	30.7692307692308	0	0	0	0	0.0462107208872458	14.0018484288355	54.9907578558226	10.9981515711645	19.9630314232902
"SORT_010K_Plasmablasts"	0.13354692867	0.162223373149	0.339449764268	0.392231182482	1.16652393871	1.21594844125	1.7225	12.297	0	11.25	1.475	3.15696181476	23.1374722251	0	17.9640993542	2.41379486613	5.55798620332	5.40002368059	5.96274213172	5.9089546464	11.6591468416735	61.7206726825267	26.6201804757998	7.38664798318487	0	14.9734761285157	0	0	3.83345010509459	0.170153137824042	73.6362726453808	17.6329215466	15.5770513676	16.4591794447	22.2774830803	21.9895241825	22.1122197079	21.5424135319	19.8392067533	20.7861271676	2.48765319188	2.64343058547	2.47891380374	2.47412269629	3.43025592925	3.82947976879	12.1419641388	8.00344530577	11.4117036011	7.84492203961	0.331518194253	0.364655172228	0.353587974732	0.362717787574	7.56242803093	6.00043066322	8.59141274238	5.87737041719	15.8670834019	10.4155900086	16.1236149584	10.2073324905	23.42951143283	-2	16.41602067182	18.78571428574	24.71502770078	18.3024390244	16.08470290769	13.8489392956	18.6152965859	43.0260361318	31.7814129067	24.011888088	46.0902390796	58.9690158166	0.683457790153145	0.358470525756771	0.573888091822095	1.4681685862549	0.132766861391397	0.681492109038737	0.278445766358689	0	0.484218077474892	0.484218077474892	0.197628458498024	3.04362821176	0.000387582481118	0.2822	0	0.2594	0	0.2964	0	4.30274648779	4.32209240574	4.54949784792	2.93579659776843	1.25297237973294	14.9350649350649	49.0214011340772	15.9593927199561	15.8953722334004	2.83924025846877	1.95809672997846	14.910906598786	48.5314274525162	15.7920501272763	15.9682788329743	2.97263937461428	1.3474593704999	15.0792018103271	47.2947953096071	16.0563670026743	17.2495371322773	0	0	0	0	7	0	0	1.82648401826484	13.6986301369863	10.3500761035008	45.0532724505327	13.2420091324201	15.8295281582953	1	0	0	1	3	2	5.38033395176252	30.9833024118738	54.6382189239332	8.8126159554731	0.185528756957328	96.2962962962963	2.6255995960616	0.416561474375158	15.3496591769755	50.6942691239586	16.7129512749306	14.2009593536986	2.38952536824877	0	3.50245499181669	61.8657937806874	17.8723404255319	14.3698854337152	2.35830095136004	1.21934878735093	10.4515610344366	53.5843494573228	15.1145651882621	17.2718745812676	3.17919075144509	1.95086705202312	12.8612716763006	50.5780346820809	16.0404624277457	15.3901734104046	0	0.0541726791857	0	0.140243115638	0	1.06749237441	0	9.2825	0	13.3211755234	0	2.69658701682	0	2.90833578321	0	1.01087651951376	0	17.4136546185	25.3461538462	17.6306374402	0	4.43436633913	0	2e-04	0.1118	1e-04	0	0.0247	0	0	0.0052	0.0018	0.2062	0	1e-04	0	0	8.83419689119	0	0.346111543849	0	5.79481865285	0	11.3554404145	-2	17.15025906735	0	14.1544117647	0	88.8888888889	29.4410625346	0	0	43.9402324294	0	0	81.903707803	0	3.06849315068493	0	5.26027397260274	0	0.931506849315068	0	0	0	0	4.43068493151	0	0	0	100	0	0	1.8392542202066	2.01562106324011	10.6575963718821	44.620811287478	16.3265306122449	24.5401864449484
"SORT_013N_Plasmablasts"	0.0878512367534	0.0636622407812	0.298143978992	0.224072464817	1.10096496002	1.07229035002	1.8185	4.201	0	8.4675	0.7419	4.49501798205	7.28041686154	0	14.6242105263	1.18335682791	5.61126532625	5.83631652464	6.05161125356	6.11482531029	51.8518518518519	29.6296296296296	18.5185185185185	14.8148148148148	0	3.7037037037037	0	0	14.8148148148148	22.2222222222222	44.4444444444444	16.6293903916	17.9921686747	17.2349914237	15.776244751	15.6245791246	15.4161836826	15.7925519217	14.4901960784	15.1304347826	1.29974005199	1.3468013468	1.44895229603	1.48006684173	2.09508460919	4.74308300395	8.45554202192	5.25328659071	8.0681544029	5.19031141869	0.348554344736	0.349793041885	0.378755475518	0.347803018479	5.9419407227	4.26906222612	6.25211097708	4.20761245675	11.2923264312	7.30762489045	10.5657418577	7.21453287197	17.2342671539	-2	11.57668711657	-2	16.81785283478	22.74712643675	11.42214532872	12.6341681574	22.8719108383	38.4130065518	37.564499484	25.9913536076	64.0178878569	78.3243887895	0.516712417245277	0.024265954865324	0	0.758921362829	0.0485319097306479	0	0.500565154206362	0.024265954865324	0	0	0.304703865930299	5.00190186383	0.00113604145204	0.6332	0	0.5712	0	0.2992	0	4.33489423543	4.08104828925	4.77192982456	0.459908018396321	1.65966806638672	5.13897220555889	67.246550689862	5.73885222955409	19.756048790242	0.420875420875421	1.64141414141414	5.53451178451178	67.2979797979798	5.76599326599327	19.3392255892256	0.490414623272403	1.85020062416407	5.68435131520285	68.0784663397236	6.0410164957646	17.8555506018725	0	0	0	8	88	0	4	0	0.401606425702811	18.4738955823293	61.4457831325301	12.85140562249	6.82730923694779	0	0	5	2	0	1	0	0	75.2032520325203	24.7967479674797	0	0	0.11936022917164	1.50393888756266	4.10599188350442	67.1998090236333	6.18285987109095	20.888040105037	0.0887311446317657	0	0	63.3540372670807	11.5350488021295	25.0221827861579	0.18802041364491	1.58474348643567	7.35965619124362	76.9809293580446	2.09508460918614	11.7915659414451	0.592885375494071	1.18577075098814	8.89328063241107	63.2411067193676	8.89328063241107	17.1936758893281	0	0.028454628913	0	0.104859026661	0	1.03386820606	0	7.4275	0	11.5920909091	0	2.76774910662	0	2.95185522286	0	0	0	15.1826697892	0	17.101993865	0	0.306748466258	0	0	0.0974	0	0	0	0	0	0	0	0.4879	0	0	0	0	7.04918032787	0	0.406169809522	0	6.36533957845	0	10.1288056206	-2	16.49414519905	0	10.9489051095	0	0	82.427184466	0	0	90.3883495146	0	0	95.9223300971	0	0	0	0	0	0	0	0	0	0	4.98157129001	0	0	0	0	0	0	28.4509202453988	0	2.18558282208589	49.079754601227	8.09049079754601	12.1932515337423
"SORT_117B_Plasmablasts"	0.029911093687	0.03118841585	0.0936911230896	0.0942672657823	1.03181011251	1.03325285528	0.5984	2.822	0	0	0.6034	0.843796751217	4.04678210907	0	0	0.855333868759	6.09220253954	6.09294071944	6.17011923377	6.16815934769	75.1629726205997	19.3367014341591	5.5003259452412	39.750903977501	0.0160707111289675	0.0160707111289675	0.241060666934512	0	33.603856970671	1.88830855765368	24.4837284049819	15.4269776876	16.1274611399	17.935483871	18.5207202763	18.490015361	18.5509940615	19.9224326293	15.0892040256	18.6728395062	0.0740009866798	0.0768049155146	0.0774593338497	0	0.137236962489	1.85185185185	7.63152542373	6.08125	10.4041450777	6.15789473684	0.340936732054	0.382250115406	0.388838811708	0.3906726361	5.64440677966	5.45625	10.2932642487	5.61842105263	10.9366101695	8.6	16.6300518135	8.63157894737	16.58101694916	-2	14.05625	-2	26.9233160622	-2	14.25	84.8124428179	89.4508552255	97.9310344828	92.8571428571	93.6688014639	96.7032967033	99.2741689539	0.0163585800752495	0	7.14285714285714	0	0	0.274725274725275	0	0	0.274725274725275	0.257731958762887	0	44.1740412979	0.00358710833036	0.4366	0	0.093	0	0.0482	0	4.238917062	5.03236074271	4.72252747253	0	45.4859398125308	12.925505673409	9.42279230389738	24.3216576221016	7.84410458806117	0	45.9037378392217	12.8520225294419	9.24219150025602	24.2447516641065	7.75729646697389	0	47.6116705396334	13.5295636457526	9.03692228246837	21.6111541440744	8.21068938807126	0.257510729613734	0	0	0	100	0	0	0	1	0	9	3	1	0	0	0	0	0	0	0	0	0.4920049200492	99.5079950799508	0	0	0	42.2796795338674	0.0728332119446468	11.034231609614	35.5790240349599	11.034231609614	0	0	0	0.383631713554987	99.616368286445	0	0	82.067703568161	0.0914913083257091	11.3449222323879	2.10430009149131	4.39158279963404	0	32.0987654320988	13.5802469135802	18.5185185185185	25.9259259259259	9.87654320987654	0	0	0	0	0	0	0	0	0	0	0	0	0	0	0.0728385170077937	4.23191783815281	0	0	0	12.7244673035	0	0.51432770022	0	0	0	0	0	0	0	0	0	0	0.1324	0	0	0	0	0	0	0	0	0	0	0	-2	-2	0	0	0	0	87.5	0	0	0	0	0	0	0	0	0	0	0	0	0	0	0	0	4	0	0	0	0	0	0	0	0	34.7538574577516	56.4290962527553	8.81704628949302	0
"SORT_063S_T3_Naive"	0.267525758791	0.299829481062	0.494922979083	0.507453280574	1.42147995445	1.53625615952	5.3523	0	0	27.24	1.9082	8.65142368325	0	0	41.9019841278	2.46164313343	4.98342101416	4.9116581689	5.59068721387	5.5506914848	67.897488864502	29.9464205022271	2.15609063327093	34.0567718940937	0	0.617362525458248	0.00636456211812627	0.0636456211812627	30.3844195519348	3.67235234215886	31.199083503055	23.0769230769	0	20.6333333333	11.4444444444	12.453125	14.6153846154	0	13.3333333333	11.619047619	1.85185185185	0	0	0	6.66666666667	14.2857142857	14.2307692308	12.1724137931	0	11.1333333333	0.0435897435897	0.21136173456	0	0.233301850655	0.384615384615	3	0	2.83333333333	14.3076923077	12.4827586207	0	11.4333333333	14.692307692315	-2	15.4827586207	-2	-2	10.540540540562	14.26666666663	84.8780487805	0	0	91.7647058824	91.7073170732	97.6470588235	0	0	0	0	0	0	0	0	0	0	0	0	38.8235294118	0.028431372549	0	0	0	0	0	0	3.075	0	1.09411764706	18.5185185185185	1.85185185185185	51.8518518518519	1.85185185185185	1.85185185185185	24.0740740740741	15.625	0	67.1875	0	0	17.1875	0	0	1	0	0	12	0	0	0	0	1	0	0	3.33333333333333	0	80	13.3333333333333	0	3.33333333333333	0	0	0	1	0	0	0	0	0	0	0	0	0	1	0	1	1	1	27.027027027027	0	72.972972972973	0	0	0	3.33333333333333	0	80	13.3333333333333	0	3.33333333333333	4.76190476190476	4.76190476190476	42.8571428571429	28.5714285714286	4.76190476190476	14.2857142857143	0	0.0324624830151	0	0.128301472824	0	1.03871431029	0	7.78	0	12.6447368421	0	2.71146180921	0	2.94557066029	0.00903179190751445	5.93388728323699	0	17.1468048359	0	12.884592853	0	10.8670181605	0	1e-04	0.0423	0	0	0.0058	0	0	0	4e-04	0.1157	0	0.005	0	0	7.07597173145	0	0.323455921834	0	4.95759717314	0	9.3074204947	-2	14.26501766784	0	13.7254901961	0	88.3720930233	50.1935483871	0	94.1860465116	68.9032258065	0	0	84.1290322581	0	0.446927374301676	0	0.670391061452514	0	0.446927374301676	0	0	0	0	4.84916201117	0	0	0	0	0	0	2.48974809607499	2.8705330990041	9.34387814879906	68.6291739894552	6.03397773872291	10.6326889279438
"SORT_070A_T3_Naive"	0.218859630248	0.111655737169	0.477626228976	0.301160536251	1.29331533234	1.13732399503	12.6288	6.592	0	15.245	1.0821	22.0529331179	11.8439634966	0	29.4727072293	1.84058076946	4.77220454692	5.66070632083	5.52349499327	6.02224545314	58.7453992638822	25.4120659305489	15.8425348055689	16.6745993971125	0	5.09281294621609	0.2855782960495	0	34.6184356655561	7.18705378391242	36.1415199111534	16.6740558292	17.8893118149	16.8659198914	13.907024952	13.8364882507	13.8283027122	13.8291403753	13.2760004459	13.7002437043	5.05950095969	5.17297650131	4.68066491689	4.5972301893	5.31713298406	8.04224207961	7.01112943116	6.77213761985	7.22798404419	6.72764645427	0.360106933219	0.326380056835	0.345649330459	0.328775938868	5.17394888706	4.46221094191	4.82402577478	4.48783830079	9.1438582028	9.06316976875	9.42850567659	8.87975334018	14.31780708986	13.15497076023	13.52538071066	-2	14.25253145137	15.91010342081	13.36759164097	18.2275027819	29.0273556231	15.9106769016	52.9665587918	27.1869054884	62.8448143011	62.475322158	0.282240555796787	1.0777700240366	0.030821390044691	0.325662179765523	0.100798635341552	0.0462320850670365	0.282240555796787	0.0542761882608359	0.030821390044691	0.0895713371721049	0.733532934131736	4.07058649069	0.000405040429232	0.528	0	0.2672	0	0.3968	0	4.60247503257	4.79375048461	4.96116504854	3.07101727447217	3.57773512476008	18.9942418426104	47.9462571976967	13.9117082533589	12.4990403071017	3.07604438642298	3.63087467362924	19.1742819843342	48.7271540469974	13.5280678851175	11.8635770234987	2.58092738407699	1.02799650043745	15.5293088363955	52.1325459317585	16.907261592301	11.8219597550306	0	2.68839103869654	2.41683638832315	17.5967413441955	55.7637474541752	15.0577053632043	6.4765784114053	3.1390134529148	5.15695067264574	13.0044843049327	66.3677130044843	4.26008968609866	8.07174887892377	0	3	5	8	0	0	0	0	0	76	24	0	3.10579365729739	2.6878636400885	19.6754896336966	47.8734737359666	13.8080799803327	12.8492993526182	3.65821094793057	2.04272363150868	12.6835781041389	52.9506008010681	16.9692923898531	11.6955941255007	2.68643406532159	2.56381674283803	17.5454241444655	54.4309441533831	14.000668821759	8.77271207223275	3.00568643379366	3.81803411860276	15.1909017059301	46.872461413485	14.0536149471974	17.0593013809911	0	0.0947599397386	0	0.299542583629	0	1.12846214445	0	11.725	0	22.4114403016	0	2.23049519489	0	2.83080725108	0.00453535307723706	0.222232300784616	0	17.5258536585	0	21.5187037843	0	2.544584602	0	0	0.283	0	0	0	0	0	0	1e-04	0.8178	0	0.0184	0	0	8.70628683694	0	0.325159476781	0	5.65029469548	0	11.7544204322	-2	17.40471512768	0	15.69664903	0	0	37.2424722662	0	0	57.6862123613	0	0	86.2123613312	0	3.58839050131926	0	4.22163588390501	0	3.48284960422164	0	0	0	0	4.7598944591	0	0	0	0	0	0	1.9573727707699	0.239234449760766	16.6159199652023	52.9578077424967	10.1348412353197	18.0948238364506
"SORT_008H_T3_Naive"	0.124167070517	0.120768757926	0.341879748887	0.332545624092	1.15293708427	1.14887667091	1.5936	11.474	0	0	1.3814	2.84018725066	20.9715500827	0	0	2.20608863959	5.54373180291	5.5793245618	5.98558639472	5.99734188068	15.4136730612547	63.513813791571	21.0725131471743	5.9365033342998	0	12.2426790374021	0.00724847781965787	0	8.4662220933604	0.761090171064077	72.5862568860539	17.5796610169	17.9580587178	17.6618848738	7.61107930146	6.96583507435	8.66482075197	7.53055818354	6.07736595898	5.34371643394	38.7059833954	42.9888165171	34.1591372778	37.9754020814	48.1708048459	55.0483351235	7.40291704649	4.06425041186	5.30506155951	3.23689320388	0.295739039751	0.293438250182	0.28757650667	0.243800532843	4.60984503191	2.62932454695	3.01983584131	1.98511326861	9.83956244303	5.22193457284	6.98426812585	4.10916936354	14.44940747494	5.62878787879	7.85125911979	-2	10.00410396716	6.89941972921	6.09428263215	7.96830713734	42.1487603306	22.3150856665	5.139691147	11.9299149704	9.23022515619	31.5833548055	0.110192837465565	0.65439672801636	0.895909465990805	0.275482093663912	0.65439672801636	1.03736885535777	0.0550964187327824	0.613496932515337	0.87233290109631	1.22020972354623	0.314527226263023	2.9302930293	0.000379925316475	0.1388	0	0.0838	0	0.1524	0	4.24187327824	4.62602291326	4.70765059531	1.67477812768394	3.86487260234755	10.9504723733181	53.678786143716	12.625250501002	17.2058402519324	1.72053582401376	4.89123755683913	11.4415632296915	54.7621973700381	11.7365122280939	15.4479537913236	1.34071699213057	3.29350043719032	7.75284173710289	59.4287379772661	11.8915767997668	16.2926260565433	0	1.77027583367641	3.39645944833265	8.39851790860436	59.3248250308769	10.4775627830383	16.6323589954714	2.01842913558578	7.50329091706889	8.90741553312857	57.1741992101799	11.0136024572181	13.3830627468188	2.72479564032698	8.17438692098093	26.2942779291553	35.9673024523161	12.3978201634877	14.441416893733	0	0	0	0	0	0	1.43803216650899	3.82213812677389	10.6906338694418	55.5912961210974	12.2800378429517	16.1778618732261	1.98609731876862	3.3101621979477	11.2876530950017	57.7954319761668	7.21615359152598	18.4045018205892	2.06309223941466	5.0737675422814	10.0395825836632	56.1592899124385	10.9991603694374	15.6651073527648	2.3093447905478	5.53168635875403	12.3523093447905	46.2406015037594	14.4468313641246	19.1192266380236	0	0	0	0	0	0	0	0	0	0	0	0	0	0	0	0	0	15.2036199095	0	20.7074775673	0	1.23629112662	0	5e-04	0.1637	0	0	0	0	0	0	0.0013	0.1743	0	0.0106	0	0	10.2569230769	0	0.343634536028	0	7.42	0	14.0092307692	-2	21.4292307692	0	16.7582417582	0	68.4210526316	34.0823970037	0	94.7368421053	54.0262172285	0	0	85.1123595506	0	5.79576816927323	0	0.275988960441582	0	0.183992640294388	0	0	0	0	4.38546458142	0	0	0	0	0	0	3.74875373878365	0.837487537387837	6.54037886340977	70.1096709870389	7.79661016949153	10.9670987038883
"SORT_012M_T3_Naive"	0.289639803058	0.426508320654	0.571874883642	0.776486135421	1.4654847317	1.80161322401	3.2542	0	15.2	21.7575	9.0482	5.57372354805	0	26.9276833624	37.6064212878	18.6481915649	4.54714783993	3.30916734672	5.54137926124	4.85435945828	12.5	12.5	75	5	0	20	0	0	5	2.5	67.5	17.5555555556	17.138318269	15.2624833555	13.2731611163	13.2437538716	13.4635036496	13.5172203967	12.707030796	10.4851443124	10.8621226268	12.2135040264	8.1103000811	9.77242302544	17.5944218478	29.8811544992	7.00384615385	6.77170697755	7.15583684951	6.32439678284	0.353572051032	0.376251393747	0.336161555041	0.360504612584	4.90512820513	5.82582216809	5.1994374121	5.42377122431	8.88974358974	8.72768400905	9.36708860759	8.12350312779	13.79487179487	12.1611030479	14.55350617714	13.15789473684	14.56652601969	10.29005524862	13.5472743521	23.1180685053	18.8640973631	20	34.6630779583	26.680734125	38.4600595982	40.1413288841	1.74442190669371	0.644395455316263	1.12456747404844	0.77079107505071	0.797015431575377	0.701653210303729	0.608519269776876	0.542648804476853	0.567089580930411	0.539787567473446	0.538478797397352	13.0127885733	0.0003694679187	0.3074	0	0.1484	0	0.28	0	4.30912778905	4.4186874682	4.75903498654	1.81554103122731	2.05415499533147	7.44890548812117	67.0090258325552	7.71864301276066	13.9537296400042	1.76543464794549	2.1887259962833	7.45405740243651	69.1203799297956	7.15465620483172	12.3167458187074	1.72343876723439	0.689375506893755	3.26439578264396	74.6755879967559	6.6301703163017	13.0170316301703	0	1.27053669222344	0.416210295728368	5.25739320920044	79.2332968236583	5.25739320920044	8.56516976998905	2.14738897022938	4.00195217179112	7.02781844802343	72.3279648609078	6.3933626159102	8.10151293313812	1.69491525423729	7.90960451977401	31.638418079096	28.5310734463277	14.4067796610169	15.819209039548	0	0.0649772579597141	97.2059779077323	0	2.72904483430799	0	1.7889740781307	2.27576974564926	6.42570281124498	69.1249847876354	7.03419739564318	13.3503711816965	0.174570846668606	0.669188245562991	4.85888856560954	82.5138201920279	5.70264765784114	6.08088449228979	1.63858221963974	2.48692620569436	5.81057524694945	75.3747821034282	6.57757117954678	8.11156304474143	2.29202037351443	4.07470288624788	10.6960950764007	57.1731748726655	9.88964346349745	15.874363327674	0	0.528691944445	0	0.783591343025	0	6.75294444444	0	86.625	0	95.7510001618	0	0.241520018508	0	0.521559679049	0	0.0777302759424796	0	17.2756410256	0	22.4203969595	0	1.41469594595	0	0	0.1564	0	0	0.0055	0	0	0	0	0.1355	0	0.0097	0	0	10.2268578879	0	0.351785983856	0	7.11212516297	0	13.3833116037	-2	20.49543676667	0	19.3548387097	0	0	25.9426847662	0	0	41.7043740573	0	0	83.9366515837	0	3.00751879699248	0	2.18045112781955	0	1.72932330827068	0	0	0	0	4.85939849624	0	0	0	0	0	0	6.03885135135135	0.401182432432432	10.4307432432432	51.8369932432432	17.1241554054054	14.1680743243243
"SORT_098F_T3_Naive"	0.464613855108	0.466573850669	0.729773987786	0.677322266697	1.96799349387	2.04306453867	10.7857	0	0	0	7.2057	16.8271171715	0	0	0	11.8827106137	3.43255639303	3.6730206423	4.73121663671	4.85713932804	93.0339497113785	6.80950983269739	0.156540455924078	44.2366705024933	0	0.00958956655159187	0.210970464135021	0.00958956655159187	43.2009973149214	5.50441120061373	6.82777138473341	15.7403651116	17.9808038392	17.4121346652	7.21510248112	6.11607142857	8.12627986348	7.175956011	4.74321473773	4.43366150961	45.0269687163	52.1489104116	39.4539249147	45.4136465884	61.3275207425	63.0567276137	7.44372294372	3.75852806876	6.45615183246	2.85542714707	0.321616650231	0.279467947859	0.299282678479	0.252348871473	4.34632034632	2.15149073328	3.87238219895	1.55200543848	8.78787878788	4.78243352135	8.3664921466	3.58690233401	13.1341991342	4.37477954145	6.93392425463	-2	12.23887434555	8.43010752688	5.13890777249	5.94271056007	43.7582128778	21.8932606155	4.26865318671	10.303548525	8.31264041622	31.5804474847	0	0	0.531600708800945	0	0.0389408099688473	0.590667454223272	0	0	0.507974010632014	0.407389862624349	0	2.71136025626	0.00038744367081	0.1334	0	0.0602	0	0.1798	0	4.68593955322	4.63785046729	4.67430596574	1.01402373247033	1.8554476806904	12.6860841423948	50.3991370010787	11.8446601941748	22.2006472491909	1.98244552058111	3.04176755447942	16.2530266343826	50.5145278450363	12.8177966101695	15.3904358353511	1.22866894197952	5.59726962457338	2.5938566552901	57.8839590443686	14.1296928327645	18.5665529010239	0	2.43412797992472	1.53074027603513	17.892095357591	50.6148055207026	12.9736511919699	14.5545796737767	3.86944818304172	3.56662180349933	15.4441453566622	54.0376850605653	13.4589502018843	9.62314939434724	1.7636684303351	8.2010582010582	27.1604938271605	39.1534391534392	18.1657848324515	5.55555555555556	0	0	100	0	0	0	0.724818795301175	0.824793801549613	13.4466383404149	50.8372906773307	11.872031992002	22.2944263934017	0	0.947867298578199	18.2464454976303	43.1279620853081	18.0094786729858	19.6682464454976	2.3344114751793	3.37505273519899	14.8783574743355	51.5539305301645	13.247081985656	14.6111657994656	2.39099859353024	3.93811533052039	13.173933427098	49.1326769807782	14.4397562119081	16.924519456165	0.346496746032	0.364066631333	0.249929522819	0.643642094406	1.91411111111	1.72790225113	53.59	44.295	95.9929522819	82.8068824382	0.147920500965	0.717899296207	1.37950776332	2.00425913809	0.0196155355041193	10.3373872106709	0	16.25	0	25.2914285714	0	1.71428571429	0	0	0.0896	0	0	0	0	0	0	0	0.1973	0	0	0	0	9.58369098712	0	0.265456332116	0	4.55364806867	0	11.9656652361	-2	16.51931330477	0	12.9032258065	0	0	45.8227848101	0	0	75.6962025316	0	0	94.9367088608	0	3.78787878787879	0	0.505050505050505	0	0.505050505050505	0	0	0	0	4.11363636364	0	0	0	0	0	0	0.0952380952380952	18.8095238095238	2.23809523809524	48.4761904761905	5.85714285714286	24.5238095238095
"SORT_100H_T3_Naive"	0.329308297923	0.304229794792	0.626050885051	0.595936935645	1.5406065438	1.49636070446	7.6131	15.528	0	35.73	3.7313	15.2077226745	32.8734217539	0	66.2475144578	7.45541777205	4.13662965437	4.2728696813	5.31929087179	5.48736818438	72.8699551569507	25.2989536621824	1.83109118086697	14.5792322834646	0	0.0492125984251969	0	0	53.3587598425197	5.25344488188976	26.7593503937008	16.7911714771	17.9630041725	18.0609298838	8.45457304735	8.07194601568	8.66242875932	8.56214217557	5.82443613283	5.58580570099	41.8555240793	44.8843901955	42.2183252959	40.8158396947	57.4521137935	60.2094240838	6.4116575592	3.836996337	6.05534181711	2.62612410072	0.308158200505	0.255355977966	0.331388889852	0.206074434307	5.3606557377	2.17002442002	4.15685113939	1.32688848921	9.18579234973	4.76404151404	7.93637170761	3.22257194245	14.54644808743	5.75520833334	6.93406593406	4.90909090909	12.093222847	12.84513805522	4.54946043166	7.82761653474	60.6363636364	24.1774601757	5.80483554781	15.3636069064	11.3918536267	42.4061472944	0.0909090909090909	0	0.228658536585366	0.0909090909090909	0	0.315766550522648	0.0909090909090909	0	0.228658536585366	0.207547169811321	0.0180635838150289	3.35707019329	0.00039432826885	0.1118	0	0.0604	0	0.1402	0	4.39090909091	4.88314974695	4.69261759582	5.45325779036827	1.17361392148928	14.1946580331849	40.1052205584784	16.5216511533792	22.5515985431	5.21980748238563	1.51830902054183	15.8181998610698	40.4485461943039	15.5105686216136	21.4845688200853	0.263042525208242	3.81411661551951	12.8890837352039	55.8965366067514	6.83910565541429	20.2981148619027	0	9.63855421686747	1.36818460281805	9.0463549111701	41.4539513988156	17.1533591995099	21.3395956708189	3.37423312883436	4.14110429447853	18.1748466257669	45.8588957055215	10.7361963190184	17.7147239263804	1.97368421052632	5.26315789473684	35.5263157894737	26.9736842105263	12.5	17.7631578947368	2.5706940874036	27.8491859468723	35.8183376178235	5.82690659811482	27.9348757497858	0	6.08301526717557	0.0596374045801527	14.0267175572519	38.5019083969466	17.3067748091603	24.0219465648855	6.4792543595911	0.375826819001804	10.7636800962117	41.0853878532772	17.1076368009621	24.1882140709561	6.3357134761419	1.84744417998413	14.1448486909215	39.9070610903321	16.4116513657486	21.3532811968718	4.01396160558464	2.85049447353112	15.2414194299011	37.8126817917394	16.6375799883653	23.4438627108784	0	0.165543750354	0	0.327784865303	0	1.26246932922	0	15.5725	0	25.2675995544	0	2.06668245821	0	2.67623200085	0.00922083909635777	4.70262793914246	0	19.3229813665	8.0987654321	16.2068311195	1.23456790123	2.87340742749	0	0.0033	0.2061	0	0	0.0012	0.0166	0	0	0.0597	0.4787	0	0.0085	0	0	9.30124223602	0	0.329108394875	0	5.40786749482	0	11.817805383	-2	17.22567287782	0	17.3515981735	0	86.5771812081	29.7126436782	0	89.932885906	44.3103448276	0	0	86.6091954023	0	1.57894736842105	0	0.0526315789473684	0	0.0526315789473684	0	0	0	0	4.83684210526	0	0	0	100	0	0	2.65654648956357	1.05719707237734	10.5719707237734	47.6551911087015	13.4453781512605	24.6137164543237
"SORT_014P_T3_Naive"	0.1262196163	0.130010352953	0.358266873872	0.357213339392	1.15850398798	1.16516867084	1.2518	8.583	0	0	1.1796	2.34370810362	21.5799112419	0	0	1.91579644086	5.46602113159	5.4704201148	5.99020857603	5.98434212199	52.8626303274191	12.374245472837	34.7631241997439	5.81332370463983	0	6.49936811698863	0	0	38.9510742011193	8.02491424444846	40.7113197328038	16.4034253092	16.8877176902	16.5847234416	12.9607926699	12.3555041044	13.7783068783	12.7034209782	9.81253713607	10.961732852	14.3831238014	16.9017049042	13.0687830688	15.0409951937	27.9560308972	26.0649819495	8.78993223621	5.78637295082	7.30491803279	5.03304178814	0.339123984783	0.337929704235	0.361344360257	0.310705510698	5.98547918683	4.23616803279	5.27822014052	3.63508260447	11.3756050339	7.57735655738	9.40093676815	6.57385811467	17.36108422073	8.86861313869	11.81352459017	11.72222222222	14.67915690867	9.71167048055	10.20894071914	6.59247382816	14.251639833	17.3037716616	5.30997304582	11.4590210318	10.2964959569	32.9057813826	0.894454382826476	0.0254841997961264	0.673854447439353	0.178890876565295	0	0.350404312668464	0.0596302921884317	0	0.0539083557951483	0.0476530855372885	0.249765844520762	2.64015645372	0.000566912747039	0.1126	0	0.0974	0	0.136	0	4.47465712582	4.67991845056	4.72264150943	1.42765821436182	4.75175793735351	10.6754741103772	56.4670786277434	11.336032388664	15.3419987215001	2.58892864660072	4.60955588297201	13.3024626394443	55.3357187960429	10.7345821932225	13.4287518417175	0.582010582010582	3.75661375661376	6.50793650793651	62.3809523809524	11.1111111111111	15.6613756613757	0	0.258843830888697	6.98878343399482	2.84728213977567	64.106988783434	9.3183779119931	16.4797238999137	6.69354838709677	3.46774193548387	19.1129032258065	55.3225806451613	7.82258064516129	7.58064516129032	0.492610837438424	10.3448275862069	22.6600985221675	44.8275862068966	8.86699507389163	12.807881773399	12.962962962963	0	5.55555555555556	0	81.4814814814815	0	1.49844500989539	4.21260955612101	9.16030534351145	57.8456318914334	10.6304778060503	16.6525303929884	3.0010718113612	8.68167202572347	9.86066452304394	58.7352625937835	11.8971061093248	7.82422293676313	3.44622697563874	3.14913844325609	8.97207367795603	65.1812240047534	8.407605466429	10.8437314319667	2.02166064981949	4.90974729241877	10.9747292418773	57.6173285198556	9.89169675090253	14.5848375451264	0	0.0630249372441	0	0.20759176382	0	1.0797642121	0	10.0225	0	16.3665944472	0	2.56059870148	0	2.89073455326	0.0143502905933845	9.24876228743632	0	0	0	0	0	0	0	0	0	0	0	0	0	0	0	0	0	0	0	0	0	0	0	0	0	0	0	0	-2	-2	0	0	0	0	0	0	0	0	0	0	0	0	0	0	0	0	0	0	0	0	0	0	0	0	0	0	0	0	0	0	0	0	0	0
"SORT_069Z_T3_Naive"	0.198606638413	0.17258301048	0.470691032058	0.381363496696	1.27263383981	1.24123767975	2.3913	11.263	0	29.665	1.1758	4.05748403868	24.8354527032	0	51.7926467331	1.74157678956	5.09022015345	5.29324847664	5.79921189863	5.8951959623	4.09950732923788	73.0004257648561	22.900066905906	2.23219628964692	0	13.5008976660682	0	0	1.78934769599042	0.0538599640933573	82.4236983842011	18.00625	18.0137248643	17.996435573	6.7976966207	5.74416733709	8.49124924562	6.62081924089	3.51228632479	3.17290442314	46.4615850886	55.0415661035	45.1418225709	45.5279969936	75.6944444444	76.6470770182	6.72711571675	2.99919614148	5.47114375656	1.98271109997	0.32320567414	0.227198595065	0.312511402025	0.18654945909	4.70811744387	1.39991961415	3.16824064358	0.803056877975	8.68221070812	3.63384244373	6.7957327737	2.34753194688	13.39032815199	3.012465373965	5.03376205788	-2	9.96397341728	7.4870017331	3.150588824855	6.45123106061	34.5784418356	19.8466142911	2.62227100866	9.70052083333	4.70789120624	25.2189867424	0.853788687299893	0.785634118967452	1.03658536585366	0.426894343649947	0.280583613916947	1.34146341463415	0.213447171824973	0.0935278713056491	1.02439024390244	1.19109810887055	0.136537411250683	3.45150126274	0.000269892121099	0.0502	0	0.0148	0	0.062	0	4.01707577375	4.55144032922	4.75317073171	1.80330353083801	1.13653583876345	7.92544324897712	49.3862706470677	16.1085012880739	23.6399454462797	1.81013676588898	3.87503352105122	10.7937784928935	47.2914990614106	14.3336015017431	21.8959506570126	2.95715147857574	0.422450211225106	2.59505129752565	56.185878092939	17.0187085093543	20.8207604103802	0	1.49402390438247	2.82204515272244	5.37848605577689	48.2403718459495	19.9535192563081	22.1115537848606	3.91613924050633	8.70253164556962	9.09810126582278	48.1012658227848	11.6693037974684	18.5126582278481	1.08695652173913	7.67263427109974	22.3145780051151	36.9565217391304	9.52685421994885	22.4424552429668	0	0	0	14	0	0	1.70988350244269	1.27771514468245	8.77489665539271	48.5343855693348	15.5016910935738	24.2014280345735	1.23456790123457	0	5.60699588477366	43.1069958847737	20.3189300411523	29.7325102880658	2.43055555555556	5.12820512820513	9.06784188034188	45.8733974358974	14.9038461538462	22.5961538461538	3.09310238168883	3.89730900092793	9.18651407361584	47.2007423445716	13.5477884317971	23.0745437673987	0	0	0	0	0	0	0	0	0	0	0	0	0	0	0.113911433860174	0.170867150790261	0	21.9565217391	6.91452581032	8.03647416413	0.144057623049	0.141843971631	0.0014	0	0.1129	0	0	0	0	0	0	0	0.062	0	0.014	0	0	5.10586011342	0	0.365979076723	0	4.15311909263	0	7.21928166352	-2	11.37240075615	0	0.380228136882	0	0	99.0426457789	0	0	99.2602262837	0	0	0	0	0	0	0	0	0	0	0	0	0	5.02304347826	0	0	0.0480192076830732	99.9519807923169	0	0	0	0.0405268490374873	12.9280648429585	87.031408308004	0	0
"SORT_084Q_T3_Naive"	0.0972600507853	0.0865821558979	0.219315503233	0.193558699888	1.11558225504	1.10281293797	1.3122	5.598	0	0	0.858	2.14669257962	8.23782839669	0	0	1.15365516243	5.88129498743	5.94775723329	6.04547666924	6.07390683443	64.578313253012	4.81927710843374	30.6024096385542	15.3846153846154	0	2.88461538461538	0	0	49.0384615384615	0.240384615384615	32.4519230769231	17.0504249292	17.3998680304	17.7626028807	8.39329038735	7.93256262042	8.50807537012	8.33284023669	5.59536765732	6.66539601864	34.0834936836	37.1518654756	35.9129654554	33.3037475345	53.5649504674	48.3693350275	6.14438502674	3.32083163473	5.64407951599	2.41698113208	0.326679547874	0.28338679171	0.306877562256	0.236412815684	3.90017825312	1.8874847126	3.42765773552	1.27232704403	7.79916815211	4.07215654301	7.19135695765	2.9248427673	11.69934640523	4.30960264901	5.95964125561	-2	10.61901469317	8.83509389671	4.19716981133	3.02203567681	12.6041666667	6.66035950804	5.59519948102	5.77124868835	10.298410639	21.1374606506	0.103842159916926	1.06734674600926	1.38575572027071	0.415368639667705	1.37904977802966	1.4018691588785	0.103842159916926	0.963445735335789	1.14405414115372	1.01592531576057	0.65036733710707	1.33536541113	0.000297270263192	0.1216	0	0.1092	0	0.1162	0	4.62236067844	4.71956172665	4.75265871737	2.78591148665607	5.49652806826738	10.4325273989793	53.9529825148498	11.5786831757718	15.7533673554756	2.76755999299352	5.55263618847434	11.998598703801	53.3105622700998	11.0789980732177	15.2916447714136	3.56662180349933	2.55720053835801	8.03050695379094	63.5262449528937	9.12965455361148	13.1897711978466	0	6.61815661815662	0.485100485100485	13.4788634788635	49.2376992376992	13.3056133056133	16.8745668745669	5.10121457489879	2.51012145748988	14.0080971659919	50.6882591093117	8.82591093117409	18.8663967611336	0.338409475465313	10.82910321489	39.7631133671743	24.5346869712352	9.30626057529611	15.2284263959391	0	0	0	0	2.17391304347826	0	2.67258382642998	4.78303747534517	9.96055226824458	54.1518737672584	12.2189349112426	16.2130177514793	4.68627450980392	5.03921568627451	6.6078431372549	58.2352941176471	11.2745098039216	14.156862745098	4.06027626622018	3.73936095995535	8.52518487512209	55.420678107995	14.1760848332636	14.0784149574438	3.47310461668784	4.99788225328251	12.0711562897078	47.988140618382	11.986446421008	19.4832698009318	0	0	0	0	0	0	0	0	0	0	0	0	0	0	0	11.1111111111111	18.3870967742	21.2535211268	15.2361723787	14.241094476	0.373260943332	0.129065565307	0	0	0	0	0	0	0.052	0	0.1588	0.0086	0.2045	0	0	0	5.67741935484	9.05797101449	0.385222958628	0.3595937796	4	5.79710144928	7.16129032258	10.4057971014	11.16129032258	16.20289855068	0	4.91803278689	96.8253968254	0	94.2307692308	0	0	98.0769230769	0	0	0	0	0	0	0	0	0	0.3804	0.7408	1.7392	4.57142857143	4.06329113924	0	0.101798439090601	0	98.812351543943	1.01798439090601	0.0678656260604004	0	9.75735673722251	0	84.8477026329375	3.53639648941662	1.85854414042334
"SORT_004D_T3_Naive"	0.396494668701	0.444135926409	0.6889472313	0.855302571368	1.74215834213	1.83077163267	6.2248	0	34.14	35.4275	19.9137	9.75295570188	0	53.0999843548	57.3858496092	32.8596918233	3.942428687	2.30889230513	5.10524243333	4.4933479754	42.8571428571429	21.4285714285714	35.7142857142857	35.7142857142857	0	7.14285714285714	0	0	7.14285714285714	0	50	18.2899011299	15.3826989619	17.5180394826	13.3288880361	12.6807184068	15.6675176453	14.326547619	11.8533557753	7.13900913901	23.3522018613	25.8980085613	18.6814837063	20.9880952381	32.2007153377	47.0899470899	8.31124863487	4.0959375	9.58502265681	3.30992285182	0.357975627235	0.308811802886	0.290570750105	0.271625059614	5.87659264652	2.8878125	5.23109945147	2.24208566108	11.1310520568	5.3840625	12.9990460291	4.31444533121	17.00764470332	4.73510971787	8.271875	-2	18.23014548057	8.07151819322	6.55653099229	32.3861262014	58.2282736594	62.642603329	7.10552337901	40.2993579759	11.5835569996	54.970937963	0.100840336134454	0.729312762973352	0.831923293852228	0.151260504201681	0.748013090229079	1.11393119007332	0.0840336134453782	0.532959326788219	0.803722504230118	0.813205486102682	0.34816247582205	14.5497076023	0.000363332774182	0.1734	0	0.1346	0	0.102	0	4.62840336134	4.2889200561	4.70276367738	3.16607502638396	1.5926316799386	11.7240717643673	56.241005468675	10.3425117528543	16.9337043077809	3.05229852968546	3.0429927414852	12.6930951051554	55.2112413921459	10.0409454680811	15.9594267634469	2.50788406667668	0.961105271061721	13.3954047154227	58.4321970265806	9.37077639285178	15.3326325274065	0	1.8040180401804	0.43050430504305	4.28454284542845	66.6051660516605	9.88109881098811	16.9946699466995	3.51922035733622	10.6659447753113	12.4526258798051	48.7818083378452	10.0162425554954	14.5641580942068	0.540540540540541	7.92792792792793	33.1531531531532	32.4324324324324	15.4954954954955	10.4504504504505	0.779727095516569	0.0649772579597141	99.1552956465237	0	0	0	2.94047619047619	1.11904761904762	10.6190476190476	58.8452380952381	9.71428571428571	16.7619047619048	0.955223880597015	0.995024875621891	2.78606965174129	68.2388059701493	8.83582089552239	18.1890547263682	2.67199663370503	3.19798022301704	12.2238586156112	58.0265095729013	10.4565537555228	13.4231011992426	3.36700336700337	3.84800384800385	13.0832130832131	48.5810485810486	12.987012987013	18.1337181337181	0	0	0	0	0	0	0	0	0	0	0	0	0	0	0	0	0	0	24.7165775401	17.2427983539	0.802139037433	0	0.009	1e-04	0	0	0	0	0.0169	0	0	0.0187	0	0	0	0	0	0	0	0	0	0	0	0	-2	-2	0	0	0	0	0	0	0	0	0	0	0	0	0	0	0	0	0	0	0	0	3.625	0	0	0	0	6.95187165775401	49.4652406417112	43.5828877005348	0	0	0	62.1399176954733	37.8600823045267	0
"SORT_066W_T3_Naive"	0.173026587475	0.137687230758	0.362272703525	0.308082361506	1.22178549592	1.17648869468	4.1078	5.416	0	11.0375	1.2405	7.0775549943	8.01615748348	0	15.6595108027	1.82834115689	5.45432508003	5.69114830927	5.81800630057	5.96625720395	76.0491482162996	21.4459547693951	2.50489701430522	44.7376051029284	0	0.0173963467671789	5.1377210785735	0	25.3638735865468	1.35691504783995	23.3864888373442	17.0512552301	17.4470675944	16.4723785166	14.0252828969	13.6037841626	14.2574195952	13.8858657858	11.3274838369	12.7171052632	9.24021985128	10.847932726	9.04010927605	8.77955493741	18.8547301755	15.8223684211	7.97804551539	5.51661459813	7.48601530164	5.0726624623	0.356942122591	0.36206749543	0.356891714413	0.344835820931	5.41258366801	4.20675944334	5.32911074878	3.8009322731	10.4950468541	7.2039193411	9.79882102095	6.59638058678	15.90763052211	8.29051987768	11.41067878444	-2	15.12793176973	13.38167475728	10.39731285988	4.46660741911	3.58422939068	8.85070846738	6.98161883263	7.07020835391	10.9480812641	19.5484019618	0.244299674267101	0.355823183248939	0.709448564979039	0.716612377850163	0.348980429724921	0.580457916801032	0.179153094462541	0.232653619816614	0.386971944534021	0.372689326177698	0.215398910334924	2.21837088388	0.000234886637712	0.0618	0	0.0662	0	0.0784	0	4.54983713355	4.6471876283	4.78926152854	1.61008729388943	4.4487552537989	14.3743937924345	53.8506304558681	10.0743614613644	15.6417717426447	1.78696566222845	5.07358093903294	14.6741415557113	53.9733707077786	9.99299229152067	14.4989488437281	2.396622376754	3.57630696634794	10.4060598534708	58.1770768657643	10.5426549112132	14.9012790264498	0	5.68348848603626	0.293973542381186	7.00636942675159	71.9255267025968	3.52768250857423	11.56295933366	3.28376703841388	8.24039653035936	16.9144981412639	54.4609665427509	10.3469640644362	6.75340768277571	0	19.9134199134199	9.09090909090909	46.3203463203463	15.1515151515152	9.52380952380952	0	0	100	0	0	4	1.65159944367177	3.75521557719054	13.7778164116829	54.4158553546593	10.0921418636996	16.307371349096	1.91536748329621	6.97104677060134	8.79732739420935	61.0690423162584	8.37416481069042	12.8730512249443	2.335400448608	3.20622773452962	9.93534767119673	63.5440031666447	9.7638210845758	11.2151998944452	1.54605263157895	4.70394736842105	13.9144736842105	53.0263157894737	10.9868421052632	15.8223684210526	0	0.0372757420512	0	0.167289101038	0	1.0446908079	0	8.295	0	15.2376096491	0	2.62061109728	0	2.93640019557	0	3.41795665634675	0	0	20.7725258493	22.3864468864	0.295420974889	0.18315018315	0	0	0	0	0	0	0.1573	0	0	4e-04	0.0035	0	0	0	0	0	0	0	0	0	0	0	-2	-2	0	0	0	0	0	0	0	0	0	0	0	0	0	0	0	0	0	0	0	0	3.86666666667	5	0	0	41.506646971935	0.443131462333826	37.5184638109306	20.5317577548006	0	0	51.4652014652015	1.83150183150183	46.7032967032967	0
"SORT_035M_T3_Naive"	0.195089011948	0.138987324326	0.465305393161	0.351190707401	1.25690794638	1.17759366922	3.7971	7.125	0	23.3425	1.4078	6.99408424611	13.0876242502	0	45.3701668886	2.20200945878	5.04911909924	5.5290716081	5.74912118409	5.96035677462	73.7504137702747	21.0195299569679	5.23005627275737	13.4881422924901	0	0.0164690382081686	0	0	60.2766798418972	0.11528326745718	26.1034255599473	16.8781148429	18.1497975709	17.2438752784	11.6713925646	11.2752052545	11.9702616971	12.5025278059	8.95885714286	9.47338403042	17.6433522369	20.5254515599	18.0412371134	17.1890798787	31.6571428571	26.8060836502	6.62624035281	4.51142857143	7.00409836066	3.77132262052	0.326469775052	0.327623657314	0.356928444449	0.288725877717	4.62624035281	3.07285714286	5.18032786885	2.521631644	8.96637265711	5.64285714286	9.1987704918	4.69097651422	13.59261300992	5.36046511628	8.71571428572	-2	14.37909836065	8.81213872832	7.21260815822	13.6045494313	25.2001104057	28.2285714286	16.8373879641	21.2160979878	26.7605633803	51.5018955964	0	0.114285714285714	0.704225352112676	0	0.114285714285714	0.768245838668374	0	0.114285714285714	0.704225352112676	0.750577367205543	0.136612021857924	3.50042005041	0.00123538791597	0.4348	0	0.2032	0	0.118	0	4.65194590119	5.14971428571	4.81818181818	3.84373030875866	3.02457466918715	7.78197857592943	60.4284814114682	9.82986767485822	15.0913673597984	3.74384236453202	3.44827586206897	7.84893267651888	60.7224958949097	9.58949096880131	14.6469622331691	4.32196669310071	2.06185567010309	6.42347343378271	63.1245043616178	10.3489294210944	13.7192704203013	100	0	1.28205128205128	3.27635327635328	56.8376068376068	15.6695156695157	22.9344729344729	2.01342281879195	7.71812080536913	8.05369127516779	62.4161073825503	9.73154362416107	10.0671140939597	2.02020202020202	3.03030303030303	27.2727272727273	47.4747474747475	17.1717171717172	3.03030303030303	0	0	4	0	0	0	1.9211324570273	4.44893832153691	5.66228513650152	53.690596562184	14.0546006066734	20.2224469160768	4.12698412698413	1.05820105820106	8.88888888888889	57.2486772486772	8.57142857142857	20.1058201058201	4.17142857142857	1.48571428571429	3.82857142857143	65.3142857142857	10.3428571428571	14.8571428571429	3.04182509505703	3.2319391634981	11.2167300380228	57.4144486692015	12.5475285171103	12.5475285171103	0	0.19757672798	0	0.469580821497	0	1.30254306164	0	21.785	0	42.9529279714	0	1.81386882026	0	2.58022779028	0.0140272127928181	12.6665731519147	16.5	16.9957627119	26.8745774172	22.9209510262	0.980392156863	8.55517171307	5e-04	0.0125	0.1172	0	0	0	0.2331	0	0.0032	0.02	0.2678	0	0	0	11.9642857143	7.05607476636	0.306110602382	0.331265219608	8.07142857143	5.90654205607	17.1785714286	10.046728972	25.25000000003	15.95327102807	0	14.6892655367	58.5365853659	0	83.3984375	80.487804878	0	89.2578125	0	0	99.8046875	0	32.8820116054159	0	2.70793036750484	0	1.93423597678917	0	0	0	4.48780487805	4.70212765957	0.878972278566599	0	0.743745774171738	70.9263015551048	3.27924273157539	24.1717376605815	1.19894330420646	0	4.53159926844137	68.1162365372892	5.8321479374111	20.3210729526519
"SORT_001A_T3_Naive"	0.45030547926	0.470448741497	0.732963562756	0.760254931089	1.90306512327	1.96675801641	6.0017	40.388	0	0	7.9019	11.7171198233	80.8748238153	0	0	13.3853152761	2.97547534595	2.78942393649	4.81804950423	4.66868997375	50.9587923296614	19.4206446348429	29.6205630354957	8.73698048336536	0	3.19546971382344	0	0	35.140054606128	7.2201435938922	45.707351602791	17.5437109723	18.3001833181	17.6602699283	8.75002946376	7.789163455	8.72647702407	8.67557328016	5.79806344757	5.75798319328	34.649381261	41.7252323736	35.9956236324	32.2432701894	55.7778060899	58.2633053221	6.8603988604	3.23891937526	6.48084291188	2.15422626788	0.325829486568	0.23993989002	0.324597887572	0.183654960698	4.76020892688	1.60531869987	4.05220306513	0.930039011704	8.86277302944	3.89869143098	8.06800766284	2.55422626788	13.62298195632	3.73349633252	5.50401013085	-2	12.12021072797	11.08835027365	3.484265279584	9.45347854195	17.0641750676	16.7657256067	4.95084685538	13.804764036	8.9423190809	33.0299865732	1.47528891074502	1.08937855904927	1.30239166469335	0.786820752397345	1.58455063134439	1.5747099218565	0.639291861322842	1.08937855904927	1.26687189201989	1.29212878216862	1.7097966728281	1.78184217969	0.000394066583708	0.2346	0	0.0844	0	0.1312	0	4.33366117531	4.43377073533	4.73940326782	2.22746022392457	2.15674720094284	14.0836770771951	55.50972304066	10.3005303476724	15.7218621096052	2.45975969167989	3.85400136023577	15.6200408070732	54.194060303786	9.81636817048288	14.0557696667422	2.57111597374179	1.89642596644785	10.2662290299052	59.9927060539752	10.1203501094092	15.1531728665208	100	3.08686288585786	1.93826274228284	8.68628858578607	65.218951902369	9.90667623833453	11.1629576453697	4.4862518089725	9.26193921852388	12.5904486251809	52.821997105644	10.2026049204052	10.6367583212735	2.16216216216216	13.2432432432432	43.9189189189189	31.3513513513514	4.86486486486486	4.45945945945946	0	5.5441478439425	92.8131416837782	1.64271047227926	0	0	2.35294117647059	1.01694915254237	14.1176470588235	57.9661016949153	9.31206380857428	15.234297108674	0.917652740883845	0.724462690171456	10.1424776624004	61.0722047814538	10.6978990581985	16.4453030668921	3.08319531150465	4.00050961905975	13.0589884061664	57.8035418524653	10.0140145241432	12.0397502866607	2.80112044817927	3.86554621848739	17.703081232493	49.9159663865546	10.3641456582633	15.3501400560224	0	0	0	0	0	0	0	0	0	0	0	0	0	0	0	0.139470013947001	0	14.1496062992	19.6348314607	21.6979609176	0	0.552251486831	0	0	0.1663	0	0	0	0.1429	0	0	0.0318	0.1273	0	0	0	0	10.6666666667	0	0.377299333243	0	8.05128205128	0	13.6923076923	-2	21.74358974358	0	0	0	0	96.7272727273	0	0	97.696969697	0	0	0	0	73.728813559322	0	0	0	0	0	0	0	2	3.9794188862	0	0	100	0	0	0	0	7.09430756159728	12.0645709430756	41.588785046729	19.1163976210705	20.1359388275276
"SORT_039R_T3_Naive"	0.037810804161	0.0409289394144	0.116089247096	0.118544340349	1.04092556265	1.04461196693	0.5864	3.306	0	0	0.5896	0.781800610611	4.62919512917	0	0	0.759353448887	6.06027529657	6.0601593539	6.15834750444	6.15356590084	4.85943775100402	61.2128514056225	33.9277108433735	2.71153999521493	0	6.97025281122897	0	0	2.11340617274105	0	88.2048010208151	18.4232427771	15.1365413534	18.1132670386	11.6846448816	11.2103661114	12.4206598586	11.415497449	10.2492671692	9.34988713318	25.9003001	28.5702206815	23.4780047133	27.1152210884	35.898241206	37.3212942062	8.16269222197	3.51328777525	7.85940902022	2.66037211886	0.311764820045	0.282996106121	0.363545620824	0.236739639104	5.13862268776	2.28511769172	5.9468118196	1.6162177173	10.6336082015	4.29764616553	9.95769828927	3.22465981672	15.77223088926	3.72274143303	6.58276385725	-2	15.90451010887	7.74690082644	4.84087753402	20.7154391631	21.9006524942	58.8532487369	8.88832934659	27.0869901004	17.5122749591	54.0581338201	0.996120373283003	2.50234962406015	4.58265139116203	3.57554786620531	2.98402255639098	4.01611481807881	0.922722029988466	2.43186090225564	3.14742540601788	2.95142923541715	1.51720673197689	9.70659775008	0.000447488343295	0.1482	0	0.1374	0	0.1412	0	4.40169864737	4.7421287594	4.74480674808	2.14238079359787	4.06802267422474	21.2404134711571	37.4041347115705	11.1203734578193	24.0246748916305	2.13917307854908	5.10695865392745	21.6115667540374	37.2114652912827	10.881880443054	23.0489557791494	2.43519245875884	3.6331500392773	22.3684210526316	35.8699921445405	11.2529457973291	24.4402985074627	0	2.27114716106605	3.24449594438007	31.0312862108922	37.9606025492468	11.8887601390498	13.603707995365	0.817438692098093	15.3950953678474	14.850136239782	43.1880108991826	11.0354223433243	14.7138964577657	2.58215962441315	18.075117370892	20.4225352112676	29.81220657277	6.33802816901408	22.7699530516432	0	87.7138413685848	4.97667185069984	7.23172628304821	0.0777604976671851	0	2.65731292517007	2.01955782312925	22.5127551020408	36.6496598639456	10.639880952381	25.5208333333333	0.0384689363339104	3.96230044239277	35.8338141950375	33.0063473744951	6.59742258126563	20.5616464704751	2.72194304857621	4.50167504187605	19.4514237855946	39.7822445561139	8.8463149078727	24.6963986599665	1.58013544018059	5.56809631301731	14.1459744168548	39.8796087283672	11.6629044394281	27.163280662152	0.079781547619	0.282272871574	0.210136441799	0.519340066509	1.11854761905	1.53630829821	17.95	26.0325	31.8963888889	42.7602477495	1.7434878782	1.53353143678	2.16135306942	2.34647986612	0	0	0	0	20.1096345515	27.0567010309	0.332225913621	0	7e-04	0	0	0	0	0	0.0149	0	0	0.0023	0	0	0	0	0	0	0	0	0	0	0	0	-2	-2	0	0	0	0	0	0	0	0	0	0	0	0	0	0	0	0	0	0	0	0	0	4.2	0	0	0	94.3521594684385	0	5.64784053156146	0	0	99.2268041237113	0	0	0.77319587628866
"SORT_042V_T3_Naive"	0.0782538325097	0.0861779089194	0.238239456553	0.235164316857	1.09009189572	1.10132627982	1.1465	6.805	0	10.9625	1.0732	1.76744669214	11.4728854875	0	20.5760818713	2.0231009435	5.81277776323	5.83080910334	6.0832193137	6.07110059348	62.6797185683695	13.7962679718568	23.5240134597736	13.3414374715089	0	4.8320923871752	0	0	42.9873879349643	6.38200881325027	32.4570733931014	17.3847199565	17.3775852432	16.8975462764	11.0148582102	10.8131888317	10.9825581395	11.066152019	9.4984939759	10.7450738916	16.9043980302	18.0290227774	16.4307381193	16.1995249406	22.063253012	19.6428571429	6.70093201754	5.07418397626	6.618253744	4.60073260073	0.330344421628	0.355174492242	0.334656305545	0.330626322181	4.62609649123	4.07270029674	4.29697654705	3.58241758242	8.85635964912	6.64441147379	8.6832438542	5.98672161172	13.48245614035	9.33035714286	10.71711177053	-2	12.98022040125	7.9744398864	9.56913919414	5.54446662231	12.4599175447	12.3827998707	9.4674556213	11.1820802839	19.6809879084	33.5196274118	0.137048880767474	0.513726119762402	0.640040962621608	0.197959494441906	0.224755177396051	1.04966717869944	0.121821227348866	0.1284315299406	0.537634408602151	0.51495831289848	0.24764468371467	1.99808184143	0.000365740377367	0.2488	0	0.1092	0	0.1424	0	4.74778625954	4.55081072403	4.80921895006	2.98862285617253	2.41127525895738	8.6602139582272	57.8960774325013	13.6186109696043	14.4251995245373	3.05841293166789	3.186994856723	8.87215282880235	57.2648787656135	13.9878765613519	13.6296840558413	2.47724974721941	1.9211324570273	4.46157735085945	59.8078867542973	14.9140546006067	16.4180990899899	0	3.96643783371472	3.12738367658276	1.22044241037376	59.1914569031274	16.3996948893974	16.094584286804	5.28169014084507	13.9084507042254	12.3239436619718	42.7816901408451	20.4225352112676	5.28169014084507	1.80722891566265	28.3132530120482	31.9277108433735	25.3012048192771	6.02409638554217	6.62650602409639	0	8	0	0	0	0	3.30166270783848	1.81710213776722	7.35154394299287	59.061757719715	14.1567695961995	14.3111638954869	3.18066157760814	1.85750636132316	5.86513994910942	60.763358778626	13.8167938931298	14.5165394402036	3.4789156626506	2.95180722891566	5.03012048192771	59.4879518072289	17.5	11.5512048192771	3.20197044334975	3.87931034482759	10.8990147783251	53.5098522167488	12.7463054187192	15.7635467980296	0	0.0787801543026	0	0.213155711772	0	1.09856297371	0	12.8175	0	25.2500577687	0	2.53983488614	0	2.85136539274	0	4.43307757885763	18.1481481481	18.1428571429	18.202487906	16.1171171171	0.552868002764	0.788288288288	4e-04	0	0.0049	0	0	0	0.151	0	0	0	0.0369	0	0	0	7.77777777778	7.19230769231	0.36089392381	0.392084304584	4.88888888889	5.46153846154	9.44444444444	10	14.33333333333	15.46153846154	0	0	87.0967741935	0	34.4827586207	98.3870967742	0	62.0689655172	0	0	0	0	3.33333333333333	0	0	0	0	0.0966	0.128	3.9774	3.54838709677	4.76666666667	0	0	12.7850725639254	34.6233586731168	7.32550103662751	45.2660677263303	0.225225225225225	0	3.71621621621622	51.8018018018018	43.4684684684685	0.788288288288288
"SORT_091Y_T3_Naive"	0.148494563146	0.151617565079	0.427102375213	0.39556828598	1.18991430652	1.19712729584	1.6597	6.981	0	10.57	1.5509	3.29007474117	13.0633588435	0	20.3015850991	3.07421140721	5.23297927573	5.35370935802	5.93175245102	5.93033487688	0.555384140697316	4.04196235729713	95.4026535020055	0.24132730015083	0	27.9939668174962	0	0	0.271493212669683	0.0301659125188537	71.4630467571644	17.264957265	20.1578638498	16.1367378049	10.6573841179	10.6603121121	10.7762299418	10.6667353032	10.4425892857	10.3614958449	12.7829680201	12.9012236212	11.5676247575	13.2091012046	13.7589285714	12.6038781163	6.42546245919	5.22280674609	6.61292234736	5.03047648515	0.332546578634	0.354781629382	0.314822618695	0.351111923037	4.19042437432	3.87559956676	3.98310610551	3.76175742574	8.40478781284	6.73680953118	8.25933609959	6.48329207921	12.59521218716	9.95833333333	10.61240909794	-2	12.2424422051	10.24303797468	10.24504950495	16.1536005838	33.5	48.9501091886	6.45161290323	23.2772381083	11.6240266963	48.8165275688	0.285510349750178	4.37103770437104	0.444732697118503	1.07066381156317	5.07173840507174	0.639303252107848	0.214132762312634	2.6026026026026	0.333549522838877	0.349149507609669	1.51781582600648	7.98616569722	0.000432162844561	0.2914	0	0.4038	0	0.3302	0	4.79014989293	4.58558558559	4.8045955712	0.790513833992095	6.73733381243263	14.0675530003593	41.6367229608336	8.63277039166367	28.1351060007187	0.904415676538393	7.11118992729207	14.2312466749424	43.1370810427381	8.75155169356269	25.8645149849264	1.12854875683301	2.08076177041086	6.54205607476636	41.1920296244049	9.31052724387233	39.7460765297126	0	1.67120093276331	17.4893120870579	8.3948698017878	46.2495141857754	5.98523124757093	20.2098717450447	1.82648401826484	8.74103065883888	12.9810828440965	55.9034572733203	11.6112198303979	8.93672537508154	0	15.7894736842105	38.5964912280702	33.3333333333333	8.7719298245614	3.50877192982456	0	0	0	0	0	0	0.885411304437352	7.29949552146608	13.4150108102543	38.8551425924019	9.1115000514774	30.4334397199629	0.801282051282051	7.54437869822485	16.6666666666667	36.8959566074951	5.99112426035503	32.1005917159763	0.839285714285714	7.55357142857143	14.1517857142857	43.6517857142857	9.4375	24.3660714285714	0.969529085872576	6.30193905817174	12.6038781163435	44.7368421052632	10.8725761772853	24.5152354570637	0	0.0809079253965	0.012933531746	0.237758433002	1	1.10651858483	10	10.94	12.5611111111	17.9689415584	2.17650717828	2.46443233491	2.30258509299	2.85840814544	0	15.153816938853	19.525	16.2272727273	19.6911608094	18.8739519285	0.10649627263	5.81330352152	0.0142	0.0121	0.0189	0	0	0	0.3827	0	0.0243	0.0285	0.1221	0	0	0	10.8	12.0909090909	0.357151467946	0.32915993328	7.9	6.62121212121	14.05	15.5151515152	21.95	22.13636363641	0	0	75	0	83.7209302326	93.1818181818	0	93.023255814	0	0	0	0	0	0	0	0	0	0.427	0.4018	3.2428	4.57954545455	4.0977443609	1.99680511182109	0	9.5580404685836	79.2332268370607	2.07667731629393	7.13525026624068	0	4.94689770821688	0.0279485746226942	64.2537730575741	1.9284516489659	28.8429290106205
"SORT_093A_T3_Naive"	0.115528367754	0.122679533606	0.348075858893	0.354824680724	1.14264623056	1.15373119948	1.0974	6.567	0	0	1.1159	1.90822971673	13.9631470869	0	0	1.88514100856	5.49339268486	5.46941108438	6.01368719213	5.99958655004	85.3705595278629	14.2095108387243	0.41992963341278	48.6489479512735	0.0110741971207087	0.044296788482835	1.06312292358804	0	26.2236987818383	9.76744186046512	14.2414174972315	16.3433463503	18.4635675676	16.8132716049	11.3846811543	10.823480663	11.7330948921	11.8238922099	9.66884079454	8.30264945652	25.429283933	27.7140883978	25.8745948363	24.812600816	33.5383931218	39.7758152174	7.08236036605	4.90677966102	8.78208887886	4.08814944542	0.31160484397	0.316354840151	0.334003997955	0.278325425376	4.24771221205	3.27454429165	5.63004737198	2.64696438996	8.98958662038	6.20291013751	10.947665238	5.14214827788	13.23729883243	7.3219844358	9.47745442916	-2	16.57771260998	11.67271078876	7.78911266784	14.324578165	17.0872243195	44.5086705202	4.27953197628	18.0101693817	7.10851097932	34.0706674871	0.193911188675587	0.299215848122163	0.504443910641364	0.155128950940469	0.0825423029302517	0.58451437264793	0.135737832072911	0.0722245150639703	0.464408679638082	0.414238573334269	0.1669449081803	1.77341597796	0.000238375700944	0.1158	0	0.074	0	0.0786	0	4.38161721931	4.725340487	4.71230683001	2.01638760242252	3.05664410402565	14.4495903099394	49.8824367652298	17.9622372639829	12.6327039543997	2.05110497237569	3.63259668508287	15.517955801105	49.4198895027624	16.9682320441989	12.4102209944751	2.38068626355203	1.9112551693305	9.74628367050408	56.0858388286576	20.3196602213032	9.55627584665251	0	2.24072672218017	1.58970476911431	10.0681302043906	47.8274034822104	23.1642694928085	15.109765329296	3.12837108953614	8.16253146350234	14.599065084502	53.1823085221143	9.52894642215031	11.3987774181949	1.15131578947368	5.26315789473684	32.5657894736842	33.5526315789474	11.8421052631579	15.625	0	0	77.2727272727273	22.7272727272727	0	0	1.42328494164532	2.17288167757852	14.8116519593889	47.5566941835089	21.0361514375178	12.9993358003606	2.1570796460177	3.42920353982301	9.78982300884956	40.1364306784661	32.1165191740413	12.3709439528024	2.46071746219982	3.57248739994071	12.2368811147347	51.3711829232138	18.1070263860065	12.2517047139045	2.71739130434783	5.50271739130435	13.0774456521739	51.9021739130435	13.6209239130435	13.179347826087	0	0.151843250759	0	0.33663724211	0	1.22975206626	0	14.8625	0	24.6246394701	0	2.1406090861	0	2.71063087858	0	0.0284171639670361	0	0	19.7498781082	19.7865593942	0.0975134080936	0.0946521533365	0	0	6e-04	0	0	0	0	0	0	0.0222	0.0143	0	0	0	0	0	0	0	0	0	0	0	-2	-2	0	0	0	0	0	0	0	0	0	0	0	0	0	0	0	0	0	0	0	0	0	4.16666666667	0	0	0.0487567040468064	1.07264748902974	98.8785958069235	0	0	0	0.0473260766682442	3.97539044013251	95.9772834831992	0
"SORT_006F_T3_Naive"	0.0361878057445	0.0383295409219	0.109315284784	0.108237963272	1.03893265091	1.04145060429	0.6517	3.164	0	0	0.6471	1.02434381537	5.36809961721	0	0	0.868495357838	6.06868817627	6.06826178317	6.16008565991	6.15694915581	66.2315056570931	25.9791122715405	7.78938207136641	19.6761075836484	0	2.72526218163658	0.0142683883855319	0	39.6589855175858	7.0985232218021	30.8268531069416	16.6993363961	17.4722422495	16.8305270864	12.57790428	12.2233173754	13.0571428571	12.3276498074	9.67902735562	10.7308707124	15.8408883267	17.27682343	15.2255639098	16.6325108615	22.9381965552	23.1310466139	8.85425311203	5.54114173228	7.25483252176	5.01603755134	0.351136940118	0.341734670984	0.299551062682	0.314972096127	6.31846473029	3.96988188976	4.15154198023	3.5053784471	11.6753112033	7.27972440945	9.37627268703	6.5329552122	17.99377593359	10.26424050633	11.24960629921	-2	13.52781466726	11.58266452648	10.0383336593	6.09472801187	17.3415492958	9.77577147932	10.7860865865	10.4729947732	15.6047229018	30.9479254049	0.3813435024934	0.414385082137043	1.12753962344431	0.205338809034908	0.258990676335652	1.26582278481013	0.146670577882077	0.147994672191801	0.829698968194873	0.786879029199848	0.244558571777941	2.94938706154	0.000277197538916	0.1538	0	0.1026	0	0.1618	0	4.24317981813	4.77068225544	4.58834166578	1.05418511490618	2.54410007730691	11.6663152716284	51.5707358212102	9.81797737015953	23.3466863447888	1.12644325542101	3.15404111517882	12.7640101379893	51.274288932695	9.91270064770487	21.768515911011	1.76691729323308	1.50375939849624	9.69924812030075	56.4097744360902	6.91729323308271	23.703007518797	0	0.623830318153462	0.966936993137867	8.76481597005614	55.9263880224579	9.13911416094822	24.5789145352464	2.26586102719033	7.25075528700906	15.6092648539778	49.7985901309164	12.4370594159114	12.638469284995	0.380228136882129	3.42205323193916	46.7680608365019	24.3346007604563	11.787072243346	13.3079847908745	0	0	74.2268041237113	0	25.7731958762887	0	0.549225346339864	2.21329617181736	11.205836543979	52.5780801705058	9.99262234609394	23.460939421264	0.925649447596297	1.73186025679307	10.1074947745596	48.9549119140042	9.27142430576292	29.008659301284	0.820668693009118	2.84701114488349	10.1215805471125	53.8399189463019	11.0739614994934	21.2968591691996	1.58311345646438	2.94635004397537	12.3131046613896	48.7247141600704	11.7414248021108	22.6912928759894	0	0.273859540775	0	0.518648491576	0	1.48615429617	0	29.8775	0	55.8138828704	0	1.36870117575	0	2.35084921714	0.0127307447485678	0.521960534691279	16.6363636364	17.473442623	21.3849840256	19.6333204708	1.23801916933	1.42774454949	0.0508	0.0049	0.9774	0	0	0	0.1323	0.0515	0.6248	0.0138	0.5546	0	0.0141	0	11.6142857143	10.8857331572	0.326987152682	0.337825328675	7.65	7.31109643329	15.3214285714	14.1723910172	22.9714285714	21.48348745049	39.3939393939	51.6379310345	46.6063348416	93.75	58.407960199	66.5158371041	0	76.3184079602	96.3800904977	0	92.1061359867	0	0	0.452488687782805	0.193861066235864	0	0	0.6726	0.3268	1.7158	3.99547511312	4.35476575121	0.539137380191693	1.73722044728435	11.5015974440895	58.9456869009585	2.85543130990415	24.4209265175719	0.260466911055373	1.25409994211846	7.83330117692456	55.6530966621648	8.05518039745321	26.9438549102836
"SORT_121F_T3_Naive"	0.236732679618	0.384129995147	0.504761264897	0.759033126553	1.35236337846	1.66408529979	2.2389	0	46.64	8.5225	8.5616	3.73282872379	0	64.1579791793	12.6855889724	15.0741143407	4.97744665959	3.43464361816	5.70984257215	5.01569134838	36.8696978362406	8.98865694404728	54.1416452197121	2.03928202236632	0	9.32243210224603	0	0	21.7648717225825	13.0438868527394	53.8295273000658	17.5245316682	17.1582857143	16.5447114599	10.4745512663	10.139323732	11.3814574068	10.2779282869	9.05595561327	8.96765957447	16.5724120974	18.409517846	15.0530277113	16.5737051793	23.550938496	25.5319148936	8.09594095941	4.90431386473	6.04708979234	4.55741127349	0.322978623954	0.340258459308	0.339587791307	0.32750761804	5.19003690037	3.53577134742	4.00175489909	3.26670146138	10.3533210332	6.31990058583	7.77098566832	5.86221294363	15.54335793357	7.09845559845	9.85567193325	-2	11.77274056741	10.78755364807	9.12891440501	5.19194913228	28.253968254	16.5535742465	4.67483692429	9.25084859205	8.90492192133	26.6816465076	1.216287678477	1.7673978223134	0.632536074322989	1.26916975145426	1.60959444532113	0.632536074322989	1.11052353252247	1.05728262584819	0.415101798774461	0.380400326057422	1.04293236127987	2.21253771371	0.000327560400958	0.0614	0	0.077	0	0.1128	0	4.48571428571	4.60059965283	4.62146669302	3.184165232358	5.26186378165724	10.9540201622818	60.0565527415786	8.95008605851979	11.5933120236046	3.77791692757253	5.68774786057191	15.5812982675851	55.8756000834899	8.91254435399708	10.1648925067836	2.42901128977078	2.15531987683886	5.47382825863839	68.3202189531304	11.5292507697571	10.0923708518645	0	7.15123094958968	2.11019929660023	10.7854630715123	68.6205549042595	8.28448612739351	3.04806565064478	4.90599294947121	7.19741480611046	21.8860164512338	49.764982373678	9.87074030552292	6.37485311398355	3.04568527918782	7.36040609137056	39.8477157360406	30.9644670050761	8.3756345177665	10.4060913705584	0	0	0	0	16	0	3.18725099601594	4.38247011952191	10.5019920318725	60.7649402390438	8.36653386454183	12.796812749004	2.51366120218579	10.6375227686703	6.15664845173042	61.8579234972678	8.19672131147541	10.6375227686703	3.94286388856097	4.04910872388148	12.9500649273994	59.8158422854445	11.0848778184394	8.15724235627435	3.23404255319149	6.68085106382979	12.7659574468085	57.3191489361702	10.3404255319149	9.65957446808511	0	0	0	0	0	0	0	0	0	0	0	0	0	0	2.54988913525499	6.65188470066519	12.0869565217	13.3166666667	23.8870967742	20.8486842105	1.61290322581	5.26315789474	0	0	0.0763	0	0	0	0	0	1.1216	0	0	0	0	0	11.5217391304	11.8620689655	0.481810816139	0.437527264742	12.1304347826	11.1551724138	13	13.9827586207	25.1304347826	25.1379310345	0	0	0	0	88.7931034483	0	0	93.1034482759	0	0	0	0	0	0	0	0	0	0	0	0	3.98	4.12820512821	0	0	0	1.61290322580645	98.3870967741936	0	0	0	18.4210526315789	19.7368421052632	56.5789473684211	5.26315789473684
"SORT_005E_T3_Naive"	0.178172473011	0.245184608007	0.387119679012	0.467004408302	1.23927004851	1.37520751485	2.8803	26.24	0	20.5025	3.4446	4.77556906988	45.4568279185	0	32.9610899462	5.59349726086	5.39738621016	5.08393563298	5.84590838842	5.67595661748	17.9331988343421	19.9731002017485	62.0937009639094	5.18319928507596	0	10.8355674709562	0	0	12.645218945487	0.0223413762287757	71.313672922252	18.0990990991	18.0959562479	14.9767804878	12.0094496612	12.1354711639	12.2813186813	11.7720487303	12.009349678	11.2705067444	20.9378343041	21.1854496215	18.8801674516	22.2975291695	24.5065447746	25.4830477579	7.49946386446	7.63918860596	6.75777777778	6.8967648877	0.30032659661	0.33197942697	0.313018131351	0.314870392973	4.51790692687	5.31117824773	4.19709401709	4.74984545642	9.72421188076	9.845058265	8.53846153846	8.85637749845	14.24211880763	13.5625	15.15623651273	9.09756097561	12.73555555555	8.46864166404	13.60622295487	3.84294317572	12.9368558228	9.23441199684	7.31457217728	7.09260032198	13.3302950894	21.8830123427	0.565837557467877	1.36676499508358	0.785787495729416	0.271130496286691	0.934119960668633	0.979387313517823	0.200400801603206	0.806293018682399	0.774399271153627	0.728675525075011	0.866850170494228	1.33228014745	0.000228487785721	0.0812	0	0.0764	0	0.07	0	4.46056819521	4.69144542773	4.77218362	3.65505764887674	3.23903482705337	10.4065137287531	52.3713300843932	13.1998098181386	17.128253892785	3.8283990890626	3.3790853696067	10.2295808456946	54.0345910014156	12.9008432325968	15.6275004616237	3.93511250654108	2.40711669283098	10.5285190999477	56.4207221350078	14.3903715332287	12.3181580324437	0	5.39915156189742	1.15696104897802	7.67450829155418	68.0678750482067	9.75703817971462	7.94446586964906	3.88859695218077	3.83604834471886	7.93483972674724	66.0535995796111	12.7167630057803	5.57015239096164	4.59770114942529	16.4750957854406	17.2413793103448	33.3333333333333	16.0919540229885	12.2605363984674	0	18.1818181818182	45.0505050505051	3.23232323232323	25.0505050505051	0	4.2124227865477	2.82258064516129	8.24468085106383	52.7711050102951	12.6372683596431	19.311942347289	3.8364346427751	1.81484033999541	6.82288077188146	54.3877785435332	12.80725936136	20.3308063404549	4.25929773530023	1.68294203199668	6.25389569914814	64.7621026386869	12.3207978391855	10.7209640556825	2.8800583302953	4.0831206707984	10.3900838497995	50.2005103900838	14.9106817353263	17.5355450236967	0	0.238699964083	0.179646494709	0.485239377094	1	1.40741043541	10	24.4175	27.95	39.6998072289	1.8397805518	1.75551974943	2.30258509299	2.46767083282	0.00898391878537418	4.06073129098913	17.3125	18.5555555556	16.5119047619	20.6858638743	0.132275132275	0	0.0012	0	0.0506	0	0	0	0.4488	0	0	0	0.0938	0	0	0	8.4375	9.05555555556	0.38541138285	0.309513806023	6.5	4.55555555556	10.375	11.3888888889	16.875	15.94444444446	0	0	81.4814814815	0	62.5	0	0	83.3333333333	0	0	0	0	0	0	0	0	0	0	0	0	5.03703703704	4.16666666667	0	0	10.0529100529101	57.9365079365079	14.1534391534392	17.8571428571429	0	0	5.23560209424084	68.586387434555	25.6544502617801	0.523560209424084
"SORT_024A_T3_Naive"	0.222930156776	0.296431953798	0.477294692467	0.567308635617	1.32510246283	1.48562086651	2.7073	11.225	0	10.3225	3.0032	5.32615256493	16.2069421231	0	15.5236842105	4.93345738591	5.01117739434	4.60361586714	5.74255992406	5.52855163681	0.170158460065936	7.71030522173774	92.1195363181963	0.0309629476726184	0	20.7658169057694	0.0103209825575395	0	0.0722468779027763	0.0516049127876974	79.0690473733099	16.4470046083	16.908462867	18.6346019553	6.07176128093	5.01224159834	7.75562700965	5.91943802241	4.15041589649	3.52912912913	46.4628820961	56.6231666474	37.6205787781	46.4520718478	64.3484288355	72.0720720721	7.31884057971	3.04663737749	4.38106129918	2.06185344828	0.32378467366	0.185702675121	0.252676108017	0.150299855197	4.88888888889	1.30043933761	2.46065873742	0.777370689655	9.8309178744	3.75194322406	6.14684354986	2.49159482759	14.71980676329	2.840251572326	5.05238256167	-2	8.60750228728	8.30562153603	3.268965517245	21.5969505467	71.9072164948	64.0652643994	6.32771760931	28.8444176949	11.5423184918	48.7561440465	0.257731958762887	0.0589738549243169	1.2133975130365	0.257731958762887	0.0589738549243169	1.61452065784196	0.257731958762887	0.0589738549243169	1.19334135579623	1.16479723899914	0.227599425011979	6.04416892677	0.000400859240674	0.056	0	0.1046	0	0.172	0	4.9587628866	4.64261843916	4.75912555154	2.882096069869	0.800582241630277	7.39446870451237	56.2445414847162	18.4861717612809	14.1921397379913	2.91026677445433	3.09504561727682	10.2205797436194	53.47037764176	16.0873080032336	14.2164222196558	0	0	10.4501607717042	72.6688102893891	6.10932475884244	10.7717041800643	0	4.0380658436214	2.2119341563786	6.01851851851852	61.522633744856	9.15637860082304	17.0524691358025	3.91243595714951	4.75081509082441	8.84955752212389	52.2589659990685	10.2002794597112	20.0279459711225	0.765110941086457	11.7061973986228	32.823259372609	29.7628156082632	10.6350420811018	14.3075745983168	0	0	0	0	0	0	3.02329717232794	0.373466121287569	4.76613907166993	58.011737506669	18.7444424684332	15.0809176596123	3.42235410484669	0.692383778437191	5.79624134520277	59.4460929772502	19.3076162215628	11.3353115727003	3.21164510166359	3.25785582255083	9.86598890942699	53.8239371534196	14.1751386321627	15.6654343807763	2.4024024024024	2.52252252252252	14.5345345345345	44.7447447447447	14.1141141141141	21.6816816816817	0	0.0935365039768	0	0.22890590404	0	1.12685114937	0	11.6625	0	17.0353584624	0	2.55196754046	0	2.833197435	0.011055220828036	6.40650046984689	18.7931034483	17.0222222222	16.9010989011	19.1319402985	29.1758241758	18.5671641791	2e-04	0	0	0	0	0	0.6619	0	0	0.0364	0.1989	0	0	0	10.6551724138	13.4888888889	0.302054115156	0.325146260362	5.89655172414	8.24444444444	13.8275862069	17.1777777778	19.72413793104	25.42222222224	0	0	70	57.1428571429	77.5862068966	88	0	91.3793103448	0	0	0	0	0	0	0	0	0	0.231	0.1122	6.2246	4.9	4.73846153846	0.21978021978022	4.94505494505495	0	49.2307692307692	0	45.6043956043956	0	5.3134328358209	4.83582089552239	55.2835820895522	5.61194029850746	28.955223880597
"SORT_016R_T3_Naive"	0.111011796065	0.111268487948	0.326012272955	0.32063327601	1.13530797921	1.1363449465	1.2354	7.72	0	0	1.1038	2.46581156008	18.0765340809	0	0	1.71052431763	5.57134108721	5.59386355748	6.02009799731	6.02208415219	54.2265250884864	36.6697897147616	9.10368519675203	21.3507401315789	0	2.5390625	0	0	30.1089638157895	2.97080592105263	43.0304276315789	16.1630434783	16.5028968714	17.6858093126	10.0914195045	9.25707116788	11.5120336943	10.1703713744	7.81426953567	5.66151468315	33.4675942878	38.526459854	29.1817087846	33.4372458661	49.9811249528	60.4842864503	6.14505119454	4.2722007722	7.82263596276	3.01542776999	0.283222720753	0.279480141869	0.296404500256	0.220533219332	3.73549488055	2.8	4.42234198922	1.75932678822	7.61774744027	5.2833976834	9.8270455659	3.66535764376	11.35324232082	5.61759425494	8.0833976834	-2	14.24938755512	10.18085106383	5.42468443198	27.0719750767	31.1475409836	52.1820042803	5.02609173304	31.4656159802	9.04971161769	49.4525129427	1.44648023143684	0.558295338233926	2.66044980800878	0.578592092574735	0.22331813529357	3.29127811300055	0.192864030858245	0.14887875686238	2.56445419637959	2.6431718061674	0.148842747637121	1.67149126903	0.00033742970171	0.158	0	0.0284	0	0.09	0	4.52941176471	3.98715920722	4.72764673615	5.18735505919688	2.4044916392042	23.5566947394117	39.838886854632	10.1428048333944	18.8697668741609	4.44799270072993	3.44434306569343	23.2436131386861	41.4575729927007	11.0515510948905	16.3549270072993	2.6173285198556	0.72202166064982	36.8231046931408	36.5523465703971	11.7027677496992	11.5824308062575	0	5.79260408585467	0.362037755365917	31.7300232738557	34.936643392811	9.90431859322472	17.274372898888	1.22448979591837	7.11370262390671	7.98833819241982	59.1836734693878	13.2944606413994	11.1953352769679	2.12234706616729	10.1123595505618	31.7103620474407	30.7116104868914	16.2297128589263	9.11360799001248	0	0	0	0	0	0	5.55706153429114	2.27703984819734	24.5459474112226	38.1133098400651	10.3415559772296	19.1650853889943	5.83450210378682	0.140252454417952	39.8316970546985	24.5161290322581	10.3786816269285	19.2987377279102	4.32867748836039	3.13325783314458	25.2548131370328	39.3733484333711	10.9852774631937	16.9246256448974	3.76094796496651	5.0489438433797	14.5801133436373	45.8526532715095	11.3343637300361	19.4229778464709	0	0.0809419455738	0	0.260773650369	0	1.10707712674	0	10.79	0	18.7111859697	0	2.38467103441	0	2.85860498107	0.00532509718302359	0.00532509718302359	20.28125	20.5617214043	18.5208279431	20.1420978584	0.155239327296	0.375175863686	0.1107	0	0.3826	0	0	0	0.1	0	1.0511	0	0.3933	0	0.0049	0	12.0833333333	12.1814058957	0.338354021622	0.338360495963	8.09375	8.04308390023	15.0104166667	15.2029478458	23.1041666667	23.24603174603	48	56.3235294118	84.3434343434	0	92.0527306968	89.898989899	0	94.538606403	0	0	97.8531073446	0	0	0	0	0	0	1.237	0.3538	1.2194	3.93939393939	3.94095524633	0	0	14.1785252263907	50.8150064683053	19.7671410090556	15.2393272962484	0	1.57886509301235	9.03548538377364	41.7539471627325	31.7023604814757	15.9293418790058
"SORT_021X_T3_Naive"	0.115404506629	0.100192255317	0.26926046434	0.240284769498	1.1404589898	1.1230005293	3.0333	13.028	0	0	0.8767	5.45820524969	23.3400442567	0	0	1.1921459279	5.71945941793	5.83367574202	5.98863321909	6.04958572086	44.8284051775324	23.3404583778649	31.8311364446028	9.39110070257611	0	3.34894613583138	0.00585480093676815	0	24.1042154566745	11.7505854800937	51.3992974238876	17.1944444444	16.484028777	17.475	8.08486960432	7.86619401305	8.41609620722	8.07834858081	7.21107927412	6.90506329114	34.8920863309	36.4055818141	30.1572617946	35.2920478536	38.9087870105	45.9493670886	6.23316708229	3.63916617733	5.74977711738	2.97508896797	0.288800340821	0.326293150213	0.30227511398	0.277505233137	3.47630922693	2.51761597181	3.64873699851	1.95705812574	8.11097256858	4.63711098062	8.21040118871	3.76559905101	11.58728179551	4.74822695035	7.15472695243	-2	11.85913818722	5.6294117647	5.72265717675	27.9985836948	66.2676357418	61.6017120973	18.9784236019	41.4623351332	32.9700572435	77.1753562893	4.44634459170586	0.146429375985582	2.76249174554259	0.513039760581445	0.168956972291057	3.46687211093991	0.427533133817871	0.0901103852218968	2.70746202949593	2.58225739275302	0.138610811643308	14.6444811906	0.000808045974549	0.361	0	0.1842	0	0.508	0	3.30782385635	4.94841180446	4.72110939908	2.55170863309353	0.56205035971223	13.4330035971223	61.949190647482	11.6569244604317	9.84712230215827	2.47580463650686	1.30542426288544	14.8210668467252	59.9482331757821	11.6250281341436	9.82444294395679	2.88621646623497	0	4.95837187789084	65.27289546716	16.1702127659574	10.7123034227567	0	1.26350112084777	0	5.33931118809863	72.5290401467292	16.1198288159772	4.74831872834726	1.8348623853211	13.9449541284404	18.8990825688073	36.8807339449541	13.9449541284404	14.4954128440367	2.12765957446809	4.25531914893617	62.9787234042553	17.8723404255319	4.68085106382979	8.08510638297872	0	0	0	0	0	0	2.35749472202674	0.58644147314098	11.834388927985	63.5350692000938	11.963406052076	9.72319962467746	1.44927536231884	0	15.0724637681159	79.0579710144928	2.14975845410628	2.27053140096618	2.06542502387775	1.62368672397326	13.1566380133715	59.9570200573066	12.8462273161414	10.3510028653295	2.78481012658228	2.53164556962025	16.3291139240506	54.0506329113924	11.5189873417722	12.7848101265823	0	0.326939153832	0	0.62360200329	0	1.6179913322	0	39.145	0	75.3464591015	0	0.926774610528	0	2.14450614742	0	0.137741046831956	18.3913043478	18.1756521739	20.2885443583	18.7986771393	0.0861326442722	0.0826787928896	0.0051	0	0.4429	0	0	0	0.0381	0	0.1498	0	0.4546	0	0.0128	0	11.7826086957	11.8603839442	0.341385640924	0.318066195486	7.73913043478	6.48167539267	15.3913043478	14.8813263525	23.13043478258	21.36300174517	0	10.752688172	64.2857142857	0	84.3848580442	85.7142857143	0	90.6151419558	0	0	97.0031545741	0	0	0	0	0	0	0	0	0	3.75757575758	3.84828101644	4.56503014642549	0	1.46425495262705	60.6373815676141	7.49354005167959	25.8397932816537	2.19098801157503	0	1.79826374534932	60.8929309632079	6.92434890450599	28.1934683753617
"SORT_029F_T3_Naive"	0.562985573561	0.511146999985	0.857504585202	0.806828694975	2.38239243112	2.15434826893	33.8236	0	0	0	15.4645	53.4179362167	0	0	0	23.3041858184	1.99288360326	2.78015870201	3.8126127159	4.43927956415	5.5992487381148	60.623312595375	33.7774386665102	3.15231325020394	0	5.96667055121781	0	0	2.30742337722876	0.0990560540729519	88.4745367672765	17.493765586	15.805440855	16.0145802483	7.00665386198	6.78334017234	7.59467723669	6.97343088179	6.4320610687	5.94343649947	37.6389079435	39.4337299959	31.3590033975	37.3738929534	42.7966689799	48.1856990395	4.97508196721	3.87985922252	5.12058212058	3.13749051353	0.313983869803	0.303055875092	0.294690924457	0.263740710703	3.34950819672	2.39497680371	3.09693347193	1.85466734126	6.80918032787	5.02943529035	6.73700623701	4.03060966355	10.15868852459	4.2750533049	7.42441209406	-2	9.83393970894	7.67444384156	5.88527700481	8.93104730986	51.6540454364	34.635952283	7.5941248156	16.8442054716	13.8156628824	46.1026005208	0.119569549621363	1.0146716029069	0.602834605271596	0.159426066161817	1.06951871657754	0.654139678060668	0.119569549621363	0.863842040312629	0.564355800679792	0.55352798053528	1.92659153213524	4.2555771096	0.000349565712061	0.22	0	0.2098	0	0.2388	0	4.99561578318	4.65322912382	4.76880651574	3.54643984085608	5.60433529976677	8.30017835093977	57.83372204692	16.7924269447112	7.92289751680615	3.69990425386404	6.26453289563671	8.97961975106005	57.4887156339762	15.839146491588	7.72808097387498	4.5753114382786	4.60928652321631	6.46659116647792	61.3929784824462	19.9773499433749	2.97848244620612	0	5.48514851485149	4.63366336633663	9.68316831683168	62.1584158415842	13.9009900990099	4.13861386138614	3.4529451591063	10.4942450914015	11.7806364251862	57.2782667569397	8.39539607312119	8.59851049424509	4.08163265306122	14.5124716553288	31.2925170068027	31.2925170068027	13.3786848072562	5.4421768707483	0	0	0	0	2	0	3.88910281093569	5.64497497112052	7.51636503658067	58.2749326145553	16.5806700038506	8.09395456295726	3.6435389133627	5.86453744493392	6.84654919236417	57.7000734214391	19.6035242290749	6.34177679882526	4.03192227619709	6.97432338653713	9.07702984038862	57.4184594031922	16.412213740458	6.08605135322693	2.40128068303095	6.4034151547492	11.1526147278549	53.8420490928495	16.8089647812166	9.39167556029883	0	0	0	0	0	0	0	0	0	0	0	0	0	0	0.0906618313689937	0.0503676840938854	17.1623449831	18.6837606838	16.5598121001	15.5346847685	11.3468858832	12.8510321741	0.9441	0	0.1532	2e-04	0	0	0.6134	0	0.0411	0	0.2186	0	0	0	5.1626429479	8.31877729258	0.216896261857	0.274410241524	3.05336721728	4.82969432314	6.86912325286	10.5807860262	9.92249047014	15.41048034934	22.4683544304	5.37634408602	49.6621621622	0	74.1596638655	68.5135135135	0	85.7142857143	88.8513513514	0	97.6890756303	4.92577597840756	4.6218487394958	7.96221322537112	4.83193277310924	4.45344129554656	4.41176470588235	1.1666	1.2334	1.206	4.68286099865	3.93907563025	3.11006722280716	0.907102939985422	18.3283388677412	53.8916335952053	12.7966307605086	10.9662266137523	6.65798772549749	10.1915566300911	19.1184675469593	38.292728287149	9.22447461409708	16.5147851962061
"SORT_112W_T3_Naive"	0.143683731253	0.193745837155	0.367651859921	0.442460850588	1.1851722063	1.27340049249	1.5899	9.377	0	12.19	1.6343	2.74566888853	15.2405938517	0	20.5931174089	4.70733352539	5.46041367825	5.20490276063	5.94847971571	5.83484353521	0.135434622014282	7.41196749569072	92.452597882295	0.0836120401337793	0	21.1419015766842	0	0	0.0477783086478739	0	78.7267080745342	17.7347826087	16.6983870968	17.7247340426	5.78136313553	5.03068920676	7.28165137615	5.96687279152	4.01297976274	4.20417422868	50.0078702975	56.7750325098	44.9082568807	46.7314487633	65.0383810188	64.2468239564	7.26291079812	3.71075197889	4.56970740103	2.4767599278	0.285009851805	0.23251152317	0.309064129885	0.175006988827	4.44366197183	1.7592348285	2.78571428571	1.05370036101	9.18309859155	4.48713720317	5.86919104991	2.93817689531	13.62676056338	4.42875647668	6.24637203167	-2	8.65490533562	7.90630975143	3.99187725632	8.96396957985	51.0013351135	53.0099610221	8.36255445755	15.503054482	14.2174051642	42.7565141504	0.267022696929239	1.94889562581204	1.1794708320051	0.400534045393858	1.34257254222607	1.47699500584422	0.267022696929239	0.909484625378952	1.14759324195091	1.2875147338834	0.558882235528942	2.68425841674	0.000549621226888	0.1706	0	0.0944	0	0.2188	0	4.1829105474	5.0489389346	4.81107214961	1.14906343459783	1.14906343459783	9.27121045175508	55.4541161655911	12.5924759955926	20.3840705178656	1.61248374512354	3.14694408322497	9.98699609882965	53.2379713914174	12.0936280884265	19.9219765929779	0.688073394495413	0.73394495412844	7.01834862385321	45.6880733944954	8.62385321100918	37.2477064220183	0	1.3653483992467	0.635593220338983	8.92184557438795	55.2495291902072	10.7815442561205	23.0461393596987	2.9868578255675	10.2150537634409	3.88291517323775	49.6415770609319	10.573476702509	22.700119474313	4.31372549019608	4.31372549019608	28.7581699346405	34.2483660130719	14.640522875817	13.7254901960784	0	0	99.0566037735849	0	0.943396226415094	0	0.88339222614841	0.530035335689046	9.6952296819788	60.6227915194346	11.2411660777385	17.0273851590106	1.09505037231713	0.722733245729304	10.6000876040298	58.9575120455541	10.1401664476566	18.4844502847131	2.07955338450803	3.11235170969993	9.74180041870202	51.8353105373343	13.4263782274948	19.804605722261	2.9038112522686	3.17604355716878	9.61887477313975	47.3684210526316	14.4283121597096	22.5045372050817	0	0	0	0	0	0	0	0	0	0	0	0	0	0	0	2.71801443312875	16.6363636364	19.3829201102	20.3501655629	21.7878433665	0.662251655629	1.44944476914	0	0.0058	0.4279	0	0	0	0.0096	0	0	0	0.5752	0	1e-04	0	8	12.3587257618	0.332499846645	0.335605959149	5	8.54847645429	11.5454545455	17.2853185596	16.5454545455	25.83379501389	0	13.2113821138	63.6363636364	0	77.5994417306	0	0	81.577110956	0	0	90.5094207955	0	0.544135429262394	0	0	0	0	0	0	0	3.90909090909	4.83555018138	0	0	0.165562913907285	65.5629139072848	34.1887417218543	0.0827814569536424	0.467562828755114	5.26008182349503	6.79135008766803	40.572764465225	28.1940385739334	18.7142022209234
"SORT_115Z_T3_Naive"	0.231945138977	0.231218139973	0.506602800164	0.485423635296	1.33071939698	1.3512440173	8.328	8.741	0	10.865	1.6898	14.8861388022	14.4379641527	0	20.5988452978	2.91530088717	4.76048218777	4.92236355657	5.61763121424	5.74162929985	82.6323887677907	15.5019874342864	1.86562379792281	53.9760554505356	0.0882167611846251	0.0630119722747322	0.170132325141777	0	28.5003150598614	0.17643352236925	17.0258349086326	16.7190916737	17.615832185	17.6564090699	10.2520775623	9.79933629503	11.6620683437	10.8186879231	8.91543778802	7.15765765766	34.9403366716	37.4190440507	30.9800739338	32.4666287088	43.5253456221	51.5444015444	8.65951742627	4.3120151698	7.41234084231	3.18473451327	0.29488063763	0.294800060374	0.309928987041	0.250483180602	5.2126899017	2.72073780383	4.73587985635	1.85826880531	11.7920762586	5.48146871229	9.34329089128	3.98907632743	17.0047661603	6.32383214569	8.20220651612	-2	14.07917074763	10.27871084884	5.84734513274	9.32928512283	42.0122046628	15.9834885284	2.63718504371	13.7068727574	4.98053331374	29.6108197626	1.39214766150477	0.324861456143703	1.23140071831709	1.73627404974191	0.563730173896427	1.35600674338489	1.37650555294854	0.296197210013377	1.18009235505387	1.26911606066375	1.12654171117801	1.99164792804	0.000194335906226	0.0868	0	0.0798	0	0.0806	0	4.53230095417	4.50496846933	4.69559481053	2.51438312380141	2.33858938845088	17.6646068612828	47.7040272746644	13.4082676326444	16.3701257191562	2.47283626826527	3.46839372691752	17.7594604720869	47.6797088262056	13.5203125836322	15.0992881228925	2.2811288432062	1.37949688936976	21.1613019565413	43.8373455955279	14.6244702912271	16.7162564241277	0	2.31758704812597	1.91838545131958	20.6697715679752	45.8749168330007	12.6635617653582	16.5557773342204	1.61579892280072	11.1310592459605	12.8366247755835	49.326750448833	13.016157989228	12.0736086175943	0.126422250316056	10.2402022756005	25.9165613147914	34.2604298356511	14.2857142857143	15.1706700379267	0	0	0	0	0	0	2.52419814006453	2.22053520592143	18.5044600493452	47.5485544379073	13.2219902574809	15.9802619092807	2.22003401665026	0.975740757318056	17.9124518843434	48.0708978605317	13.866260853997	16.9546146271596	2.21774193548387	3.47350230414747	17.6497695852535	49.4066820276498	13.0184331797235	14.2338709677419	1.51222651222651	3.86100386100386	15.7335907335907	45.5920205920206	12.6769626769627	20.6241956241956	0	0	0	0	0	0	0	0	0	0	0	0	0	0	0.0440237728373322	1.1005943209333	0	0	21.9969879518	20.9112149533	0	0	0.0215	0	0.0224	0	0	0	0.0444	0	0	0	0.0202	0	0	0	0	0	0	0	0	0	0	0	-2	-2	0	0	0	0	90	0	0	0	0	0	0	0	0	0	0	0	0	0	0	0	4.71428571429	5.6	0	0	0	100	0	0	0	0	0	2.80373831775701	36.9158878504673	60.2803738317757
"SORT_010K_T3_Naive"	0.149638435349	0.149639547977	0.376847578375	0.366509287865	1.19377814848	1.19509213427	1.4624	6.998	0	0	1.4508	2.45562797108	12.1271389691	0	0	2.30874136698	5.4402726558	5.47095330822	5.93486371946	5.93712638838	71.8941407604299	25.4940483069456	2.61181093262452	36.3945964354637	0	0.896810080599387	0.0113520263367011	0	33.9993188784198	1.90714042456579	26.7907821546146	18.0663716814	19.5216320788	18.2393691356	16.5651950058	14.3472158832	24.4327581485	18.8362793891	11.5179983477	5.49280821918	30.5830866263	39.1487905066	18.24157765	25.9138493221	52.6259884338	67.2945205479	15.932797243	3.97151576806	10.5231689088	2.76186708861	0.282277310512	0.285035477826	0.3532511589	0.251041341477	7.98391728891	2.40386571719	8.2365470852	1.57937763713	21.4951177484	5.14445574771	13.1128550075	3.5039556962	29.47903503731	5.173391494	7.5483214649	-2	21.3494020927	13.99288888889	5.08333333333	27.0798358515	66.1570355014	56.0776635667	2.55788906839	31.9996269353	4.91383952612	45.6351426973	0.207253886010363	0.130527002773699	1.3864584735496	0.155440414507772	0.163158753467124	1.74989904428591	0.155440414507772	0.114211127426986	1.34607618791224	1.38178653030138	0.114229765013055	7.75419376926	0.000284273951453	0.1122	0	0.1572	0	0.0718	0	3.53497409326	4.80110947952	4.76685960425	1.9951087656069	3.32089071952632	17.4153687733299	56.6096022654138	8.08340841807182	12.5756210580512	1.93975353719763	3.82245549977179	18.3363760839799	54.6782291191237	8.84299406663624	12.3801916932907	1.12298000547795	0.903861955628595	26.5406737880033	55.8477129553547	5.23144344015338	10.3533278553821	0	2.56520801896961	3.53524466479845	23.3239922397068	55.1411942228929	7.39383487820651	8.04052597542574	2.44280728964715	3.76114773167895	9.73245443970531	56.4172159751842	13.0283055447848	14.6180690189996	2.61976047904192	8.60778443113773	26.1976047904192	32.4850299401198	11.9011976047904	18.188622754491	0	0	0	0	0	0	1.75047194096448	3.62107430925004	19.8215205079801	59.0870087523597	7.0018877638579	8.71803672558778	0.844941767526833	2.85453299840146	25.6679607216259	54.2132907056406	6.02877369262389	10.3905001141813	2.14799952791219	3.83571344270034	19.5208308745427	53.0390652661395	9.441756166647	12.0146347220583	2.84246575342466	4.62328767123288	11.8835616438356	51.1986301369863	11.9178082191781	17.5342465753425	0	0.0785989921967	0	0.219047919539	0	1.10177244724	0	11.25	0	17.9640993542	0	2.55450472705	0	2.86076842574	0	0.170153137824042	17.0714285714	16.2560386473	26.7077922078	19.1541734861	0	2.91325695581	3e-04	0	0.0817	0	0	0	0.0147	0	0.0369	0	0.0937	0	0	0	9.5	9.15609756098	0.318564609064	0.325385886385	6.35714285714	6.3756097561	12.4285714286	11.9268292683	18.78571428574	18.3024390244	0	5.94059405941	63.1578947368	0	78.7878787879	89.4736842105	0	86.013986014	0	0	96.5034965035	15.7894736842105	0	21.0526315789474	0	15.7894736842105	0	0	0	0	4.57894736842	4.66666666667	5.38033395176252	0	30.9833024118738	54.6382189239332	8.8126159554731	0.185528756957328	2.38952536824877	0	3.50245499181669	61.8657937806874	17.8723404255319	14.3698854337152
"SORT_013N_T3_Naive"	0.257406043705	0.339591977698	0.546539993884	0.708401569737	1.39022476206	1.54525500098	2.7008	0	15.54	16.41	11.297	4.98468885674	0	25.1181662781	29.8331957834	19.5514579015	4.75358483864	3.77432435846	5.6391309466	5.17709022077	73.0737592541815	13.0792432136002	13.8469975322183	49.8649378714209	0.0270124257158293	2.8633171258779	0.0270124257158293	0	13.3441383036197	9.61642355483522	24.2571582928147	16.999251497	17.0328558436	17.7363154797	9.81422708618	9.4871090448	9.84327187132	9.78308986277	7.94796883695	7.87512339585	21.5800273598	23.753169907	22.2047861907	21.8016821602	32.6284548321	34.9950641658	6.38858905166	3.88731580468	6.10234741784	3.04293381038	0.357082415094	0.315683598456	0.330400190501	0.273354225063	4.5134926754	2.67928344409	4.0353286385	2.00223613596	8.12490362375	4.94481363768	7.69765258216	3.83542039356	12.63839629915	5.01242236025	7.62409708177	-2	11.73298122066	12.5406218656	5.83765652952	5.54216082367	23.8359675352	9.90571596936	4.87832230571	10.8986054998	9.50992486262	34.585559755	0.170721297481861	0.695139911634757	0.290860275198568	1.62185232607768	1.00736377025037	0.335608009844502	0.170721297481861	0.683357879234168	0.212551739568184	0.524548887956358	0.585236926562205	2.20071507829	0.000305006884593	0.1224	0	0.1052	0	0.1492	0	4.36961160905	4.76181218334	4.72457769325	0.896032831737346	2.13406292749658	9.84268125854993	53.4541723666211	11.4569083447332	22.2161422708618	0.922795153564384	2.85291631445478	11.0453648915187	52.9938010707241	10.9608340377571	21.2242885319808	1.5300117693213	0.941545704197725	4.3742644174186	51.5692428403295	12.8677912907022	28.7171439780306	0	1.72717659499471	0.0704970038773352	10.6450475854776	51.8857948537187	16.7077899189284	18.9636940430032	2.99559471365639	5.90308370044053	15.5947136563877	51.1013215859031	11.1894273127753	13.215859030837	1.07066381156317	22.0556745182013	32.9764453961456	25.4817987152034	9.85010706638116	8.56531049250535	0	0	0	0	0	0	0.678766415818209	2.05105503910285	9.34041611332448	54.1537553489745	11.5242732772613	22.2517338055187	1.06179286335944	1.70583115752829	9.90426457789382	48.9817232375979	9.852045256745	28.4943429068755	0.899647560749397	2.25375626043406	8.6069374884066	55.9172695232795	11.4357262103506	20.8866629567798	1.92497532082922	3.80059230009872	9.97038499506417	48.9141164856861	14.4126357354393	20.9772951628825	0	0.039774620743	0	0.155600791238	0	1.04802285125	0	8.4675	0	14.6242105263	0	2.66009435346	0	2.93211456689	0	22.2222222222222	0	12.3333333333	20.5731707317	16.3229813665	0	0	3e-04	0	0.1247	0	0	0	0.0322	0	0.06	0.0622	0.2387	0	0	0	0	13.908045977	0	0.227296985488	0	4.80459770115	0	17.9425287356	-2	22.74712643675	0	0	0	0	90.2173913043	0	0	93.4782608696	0	0	0	0	0	0	0	0	0	0	0	0	0	3.04255319149	0	0	0	75.2032520325203	24.7967479674797	0	0.0887311446317657	0	0	63.3540372670807	11.5350488021295	25.0221827861579
"SORT_117B_T3_Naive"	0.122241660803	0.172738150499	0.278273507586	0.361369503101	1.15250768501	1.23879216683	1.6037	12.887	0	9.4825	1.5703	2.46441458105	18.2192232985	0	13.1585769981	2.32714265621	5.74801523168	5.53746878265	5.99480379111	5.88877492735	4.96339179295079	55.7296100800272	39.306998127022	3.16874842820018	0	9.6571380668958	0	0	1.74364992874508	0	85.4304635761589	16.5224358974	19.0656509695	17.4134387352	10.3584455429	10.2115011466	11.3213014743	10.4205450363	9.08689233365	9.26521060842	20.998806886	21.5646498501	17.7173360447	20.8370199965	23.9481176843	28.7051482059	9.66339869281	4.25058863101	6.58953750705	3.55405023991	0.283871558572	0.332270701933	0.305806423101	0.294930316176	4.42483660131	3.31617894383	4.01833051325	2.72085802992	11.5179738562	5.86343760511	8.56429780034	4.88060965284	15.94281045751	4.07615894039	9.17961654894	-2	12.58262831359	6.05875706215	7.60146768276	14.3041190996	86.1445783133	23.7917761349	9.98017184402	26.3751207816	19.1407799075	64.6279926994	0.0669344042838019	0.164945934388173	0.0264375413086583	0.0669344042838019	0.232146129879651	0.0396563119629874	0.0669344042838019	0.158836825707129	0.0132187706543291	0.0122339124051872	0.136212289375441	6.78288431062	0.000446825285908	0.164	0	0.1352	0	0.3726	0	3.75435073628	4.81532164457	4.80938532716	4.09919890915289	8.85461053349242	6.04227032554968	62.1953298108062	3.97136526333731	14.8372251576615	4.06597283471512	8.74933850767331	7.32051508202505	61.1307108837537	3.97777385782325	14.7556888340095	3.73665480427046	0.025419420437214	1.6268429079817	74.6314184036604	2.7198779867819	17.2597864768683	0	7.41648106904232	2.20489977728285	2.60579064587973	66.2583518930958	1.91536748329621	19.5991091314031	3.98351648351648	5.49450549450549	22.8021978021978	44.0934065934066	6.31868131868132	17.3076923076923	3.79746835443038	10.7594936708861	43.0379746835443	26.5822784810127	3.16455696202532	12.6582278481013	0	0	0	0	0	100	3.96390019465581	9.18421518315342	5.1849230224739	62.4225800743231	3.99929216067953	15.2450893647142	4.69323901509999	8.80152360223099	3.72738402938376	67.841110053054	2.43504285131275	12.5017004489185	4.71369819677317	7.58198882210271	6.48528946535906	60.5082779711062	4.84024043024359	15.8705051144153	4.29017160686427	8.11232449297972	8.81435257410296	56.9422776911076	5.14820592823713	16.6926677067083	0	0	0	0	0	0	0	0	0	0	0	0	0	0	0.241060666934512	1.88830855765368	0	0	28.7453874539	29.2710997442	0	0	0	0	0	0	0	0	0.1791	0	0	0.0078	0.0508	0	0	0	0	0	0	0	0	0	0	0	-2	-2	0	0	0	0	0	0	0	0	0	0	0	0	0	0	0	0	0	0	0	0	5.09090909091	4.8	0	0	0	0.4920049200492	99.5079950799508	0	0	0	0	0.383631713554987	99.616368286445	0
"SORT_063S_Early_GC"	0.580793707103	0	0.839310071428	0	2.48678172024	0	24.2537	0	0	0	0	38.6547413857	0	0	0	0	1.90686706145	0	3.82999798725	0	70.0535121587753	27.6027907606855	2.34369708053919	36.0360962566845	0	1.38368983957219	0.0601604278074866	0.00668449197860963	28.475935828877	5.68181818181818	28.355614973262	0	0	18.464961968	2.39175257732	1.56029656529	0	0	1.50928771883	1.35079726651	87.6288659794	90.1951883795	0	0	90.5786449285	91.4198936978	0	2.40422432629	0	1.4648531012	0	0.237163237913	0	0.192901888044	0	0.869264384559	0	0.4478781284	0	2.78769118718	0	1.6733405876	-2	2.459496255956	3.656955571739	-2	-2	-2	2.121218716	5.90327169275	0	0	4.84642691773	10.4018492176	9.19895045532	31.8041725936	0	0	1.51935832176462	0	0	1.84328243097331	0	0	1.50393336418325	1.6298227938126	0.473251741103755	2.1069896543	0.000516024177109	0	0	0	0	0	0	0	0	4.69890482801	0	37.1134020618557	0	7.21649484536082	0	55.6701030927835	1.45256468452111	3.28340142230292	18.9287335451657	45.195944923589	11.5751248297776	19.5642305946437	0	0	0	1	0	0	0	1.29007778410169	1.85922974767596	15.4240182128628	46.8981217985202	12.8818061088977	21.6467463479416	1.8977827884254	2.10447200300639	8.81247651258925	50.1878992859827	12.2510334460729	24.7463359639233	0.358994814519346	4.22816114878341	37.9337854008775	36.0191463901077	11.5277223773434	9.93218986836857	0	0	0	0	0	0	0	0	0	6	0	0	0	40	0	0	0	60	1.46999866363758	3.26072430843245	18.3616196712548	45.0621408525992	11.6798075638113	20.1657089402646	1.06302201974184	2.80941533788914	12.8321943811693	45.1025056947608	13.3637053910402	24.8291571753986	0	0	0	0	0	0	0	0	0	0	0	0	0	0	0.0601604278074866	5.68181818181818	0	0	0	1.77777777778	0	90	0	0	0	0	0.0141	0.0088	0	0	0	0	0	0	0	0	0	0	0	0	0	0	0	0	-2	-2	0	0	0	0	0	0	0	0	0	0	0	0	0	0	0	0	0	0	0	0	0	0	0	0	0	0	0	0	0	40	0	0	0	60
"SORT_070A_Early_GC"	0.10791721762	0.159241569263	0.259945902882	0.356979484958	1.13263902646	1.21265058308	1.04	16.442	0	10.8375	1.7004	1.45657460611	27.6970876032	0	17.2071555251	2.52814548348	5.7929074208	5.52172845492	6.03121439927	5.91564629667	49.0038186950025	11.8628590403453	39.1333222646522	4.80384960443683	0	7.54424598319876	0.252834189707202	0	29.3124541228285	14.5909795285866	43.4956365712422	16.3658536585	0	17.8411476557	8.75384615385	2.22680937819	8.25806451613	0	1.98347547974	1.96183206107	43.0769230769	84.505606524	45.1612903226	0	86.0341151386	86.641221374	5.85	3.21951219512	0	1.56177402323	0.319997951076	0.237288552686	0	0.180871807348	4.5	1.13414634146	0	0.60929250264	8.05	3.77937915743	0	1.90390707497	12.55	3.657794676807	4.91352549889	-2	-2	-2	2.51319957761	17.2605561277	89.7058823529	0	4.70727848101	22.6570545829	9.33544303797	42.6158599382	0	0	3.75791139240506	0	0	4.78639240506329	0	0	3.75791139240506	4.99581939799331	0	3.53982300885	0.00136199982258	0	0	0	0	0	0	4.92647058824	0	4.53085443038	49.2307692307692	1.53846153846154	16.9230769230769	30.7692307692308	0	1.53846153846154	3.6697247706422	4.5361875637105	16.7686034658512	40.9785932721713	11.5698267074414	22.4770642201835	51.6129032258064	1.61290322580645	17.741935483871	29.0322580645161	0	0	0	1.82260024301337	3.76670716889429	11.9076549210207	44.5929526123937	11.9684082624544	25.9416767922236	1.85074626865672	2.92537313432836	9.85074626865672	47.044776119403	12.4776119402985	25.8507462686567	2.94906166219839	8.71313672922252	32.171581769437	27.8820375335121	10.455764075067	17.828418230563	0	0	0	0	0	0	0	0	0	0	0	1	0	0	0	2	0	0	2.71855010660981	3.57142857142857	16.2046908315565	43.3368869936034	12.2068230277186	21.9616204690832	2.48091603053435	4.9618320610687	16.6030534351145	40.4580152671756	11.4503816793893	24.0458015267176	0	0.0761858050859	0	0.197314987015	0	1.09914657874	0	10.8375	0	17.2071555251	0	2.61502945058	0	2.86627121551	0.252834189707202	14.5909795285866	0	0	0	0	0	0	0	0	0	0	0	0	0	0	0	0	0	0	0	0	0	0	0	0	0	0	0	0	-2	-2	0	0	0	0	0	0	0	0	0	0	0	0	0	0	0	0	0	0	0	0	0	0	0	0	0	0	0	0	0	0	0	2	0	0
"SORT_008H_Early_GC"	0.264886244998	0.265571633858	0.549833599481	0.533247222757	1.40931468705	1.42324280003	2.648	11.841	0	17.225	2.0036	4.93411927463	21.8843588249	0	31.2338639686	3.49912483146	4.68895272884	4.75909671012	5.62232714629	5.64116741469	57.2593942549683	20.2898550724638	22.4507506725679	24.9892878567144	0	7.35281515125546	0.0257091438855086	0	31.5451195475191	0.428485731425144	35.6585825692004	0	0	18.2373454782	14.12	1.67272234273	0	0	1.32871972318	1.21802897514	36	87.2830802603	0	0	89.9534661735	91.0928277589	0	2.57253384913	0	1.60385791578	0	0.249146200846	0	0.190695877161	0	1.14352030948	0	0.609738884968	0	3.07117988395	0	1.86732533522	-2	2.979532163747	4.21470019343	-2	-2	-2	2.477064220188	1.40425856674	0	0	1.07756618672	2.48797985194	2.18300046447	8.85293444249	0	0	4.95077094556938	0	0	5.80531302247817	0	0	4.89503994055359	5.15054256457283	0	0.47418902899	0.000218420028647	0	0	0	0	0	0	0	0	4.49684190972	0	0	4	8	44	44	2.92841648590022	3.76898047722343	12.3373101952278	44.3600867678959	10.5477223427332	26.0574837310195	0	0	0	2	1	0	0	2.93513354857646	2.52421485177576	8.83475198121515	45.1130026416202	11.5057235104197	29.0871734663927	3.12334568554791	1.87047820716428	4.46444326804306	49.1618140109405	10.1464619728251	31.2334568554791	1.28240869807639	4.48843044326735	21.8288263172568	39.6152773905771	14.1064956788403	18.6785614719822	0	0	0	0	0	0	0	0	1	0	0	3	0	0	0	0	10	8	2.43407707910751	2.48180408065863	11.5499343753729	46.7366662689417	11.4544803722706	25.3430378236487	2.0568771239492	2.28939366839564	10.4095868359864	46.0203899123591	12.5737792881417	26.649973171168	0	0.175014948853	0	0.389977116485	0	1.27681186766	0	17.225	0	31.2338639686	0	1.9939395523	0	2.64892382593	0.0257091438855086	0.428485731425144	0	0	0	11.0555555556	0	50	0	0	0	0	0	0	0	0	0	0	0	0	0	0	0	0	0	0	0	0	0	0	-2	-2	0	0	0	0	0	0	0	0	0	0	0	0	0	0	0	0	0	0	0	0	0	4.18181818182	0	0	0	0	0	0	0	0	0	0	10	8
"SORT_012M_Early_GC"	0.290873780613	0.300642546806	0.552047580216	0.555391108466	1.46490505971	1.49269108185	4.5935	9.633	0	28.405	4.9305	7.86913246234	16.6604090686	0	71.1421103006	5.77977549552	4.54832027289	4.53097113599	5.51362320098	5.49499386058	59.8860323350119	20.8852372117678	19.2287304532202	8.8173455978975	0.0131406044678055	1.62943495400788	0.0131406044678055	0	28.1997371879106	23.0223390275953	38.3048620236531	17.8711656442	17.6086956522	18.488987617	9.69098712446	2.51197135825	10.8333333333	15.25	1.5571692411	1.2265294454	53.8626609442	83.9337659432	54.2553191489	31.3492063492	89.2965077233	91.0120068611	10.5	2.76912260967	9.58227848101	1.66129317981	0.332690639366	0.238298989345	0.238465488012	0.213346745351	8.66666666667	1.2044431946	4.64556962025	0.662710363153	14.6825396825	3.31158605174	11.7594936709	1.95713020372	23.34920634917	3.172703751619	4.51602924634	-2	16.40506329115	-2	2.619840566873	2.05634715026	77.0318021201	76.7741935484	0.925989910856	3.22754749568	1.85197982171	9.0133851468	0.353356890459364	0	2.52902155887231	0.353356890459364	0	2.90906578220011	0.353356890459364	0	2.46683250414594	2.4987561501465	0.228310502283105	0.431360678069	0.000136167238811	0.007	0	0.1476	0	0.0096	0	4.8445229682	4.4064516129	4.48231066888	0.858369098712446	0.429184549356223	11.8025751072961	55.3648068669528	10.9442060085837	20.6008583690987	0.939807563213247	3.60259565898411	13.9628552248825	46.3862161557395	11.5462072051913	23.5623181919893	1.41843971631206	0.354609929078014	0.709219858156028	74.822695035461	11.7021276595745	10.9929078014184	0	1.07109879963066	2.40073868882733	8.12557710064635	44.7091412742382	11.6897506925208	32.0036934441367	2.01403326403326	1.92307692307692	5.36642411642412	47.5571725571726	11.7593555093555	31.3799376299376	0.732383214568488	3.82026920031671	18.923198733175	42.4188440221694	14.9247822644497	19.1805225653207	0	17	0	0	0	0	0	0.396825396825397	14.2857142857143	55.1587301587302	4.36507936507936	25.7936507936508	0	0	0	2	7	0	1.46910678307589	2.74513096037609	10.8713901947616	47.3220282068502	13.0792478173271	24.5130960376091	1.76100628930818	2.08118925100057	9.14808461978273	45.6032018296169	13.6535162950257	27.7530017152659	0	0.228723843399	0	0.58553379634	0	1.35614362869	0	28.405	0	71.1421103006	0	1.15470501449	0	2.46314617104	0.0131406044678055	23.0223390275953	0	0	2	0	82.3529411765	0	0	0	0	6e-04	0	0	0	0	0	0	0	0	0	0	0	0	0	0	0	0	0	0	-2	-2	0	0	0	0	0	0	0	0	0	0	0	0	0	0	0	0	0	0	0	0	0	0	0	0	17	0	0	0	0	0	0	2	7	0
"SORT_098F_Early_GC"	0.519363728003	0	0.865797046917	0	2.13871531032	0	16.6595	0	0	0	0	46.2701187476	0	0	0	0	1.56072096962	0	4.17101529519	0	4.63938141581122	5.45260631915745	89.9080122650313	1.21118412575699	0	27.419147017137	0	0	3.28565906455354	0.0128849375080531	68.0711248550445	0	0	18.4033703487	8.85365853659	1.63161875946	0	0	1.17678571429	1.06926015279	46.3414634146	87.7458396369	0	0	91.3928571429	92.1692802573	0	2.53167420814	0	1.52144899905	0	0.251046461242	0	0.242890516811	0	1.12734324499	0	0.624404194471	0	3.00808015514	0	1.76434699714	-2	2.741354466861	4.13542340013	-2	-2	11.875	2.388751191611	0.817404426559	0	66.6666666667	0.825601509671	1.52791750503	1.54898568957	5.69668008048	0	0	1.86291463606351	0	0	2.19305140701148	0	0	1.84719383744694	1.96584966290719	0	0.27001270648	0.000121188492886	0	0	0	0	0	0	0	4.5	4.52735418959	2.4390243902439	7.31707317073171	0	43.9024390243902	31.7073170731707	14.6341463414634	3.40393343419062	2.7231467473525	13.9183055975794	41.9440242057489	13.9561270801815	24.0544629349471	0	0	0	1	0	2	0	2.40125673249551	1.99730700179533	9.35816876122083	44.8608617594255	11.6247755834829	29.7576301615799	2.44315774608106	1.52520830391188	5.2534952690298	47.224968224827	10.8035588193758	32.7496116367745	1.6819012797075	4.47897623400366	19.0310786106033	43.1444241316271	15.7038391224863	15.9597806215722	0	0	0	0	0	0	1	3	0	3	0	0	0	0	0	45.1612903225806	41.9354838709677	12.9032258064516	2.08928571428571	2.91964285714286	11.4464285714286	45.7053571428571	13.1339285714286	24.7053571428571	1.76919983916365	2.85484519501407	10.5046240450342	46.3711298753518	12.746280659429	25.7539203860072	0	0	0	0	0	0	0	0	0	0	0	0	0	0	0	0.0128849375080531	0	15.9444444444	0	7.38709677419	0	54.8387096774	0	0	0	0	0	0.0032	0	0	0	0	0	0	0	0	0	5.6875	0	0.280257936508	0	4.125	0	7.75	-2	11.875	0	0	0	0	80.7692307692	0	0	0	0	0	0	0	0	0	0	0	0	0	0	0	0	4.15384615385	0	0	0	0	0	0	0	0	0	45.1612903225806	41.9354838709677	12.9032258064516
"SORT_014P_Early_GC"	0.0285465307411	0.0281635754628	0.0875106080358	0.0842823019137	1.03029206299	1.02988366985	0.5704	2.916	0	35.5275	0.5536	0.764427341449	3.97696965579	0	56.5110715146	0.752181679506	6.10211616235	6.10819896843	6.17241252478	6.17315244142	72.9056270502145	26.4004542013626	0.693918748422912	37.4473879673186	0.0185689527110671	0.0247586036147561	0.0680861599405794	0.105224065362714	31.2886853181481	4.48130725427086	26.5659816786333	0	0	0	0	0	0	0	0	0	0	0	0	0	0	0	0	0	0	0	0	0	0	0	0	0	0	0	0	0	0	0	-2	-2	-2	-2	-2	-2	-2	80	0	0	0	0	0	0	0	0	0	0	0	0	0	0	0	0	0	40	0.2	0	0	0	0	0	0	0	0	0	0	0	0	2	0	0	0	0	0	0	0	0	0	0	0	1	0	0	0	0	0	0	0	0	0	0	1	0	2	0	0	0	0	0	0	0	0	0	0	0	0	0	0	0	0	0	1	0	0	0	0	0	0	0	0	0	1	0	2	0	0	0	1	0	4	0	0	0	0.289300152694	0	0.551335972055	0	1.48703951948	0	35.5275	0	56.5110715146	0	1.50104871303	0	2.27342469487	0.0680861599405794	4.48130725427086	0	0	0	0	0	0	0	0	0	0	0	0	0	0	0	0	0	0	0	0	0	0	0	0	0	0	0	0	-2	-2	0	0	0	0	0	0	0	0	0	0	0	0	0	0	0	0	0	0	0	0	0	0	0	0	0	0	0	0	0	0	0	0	0	0
"SORT_069Z_Early_GC"	0.313679174535	0.454343570836	0.529112227513	0.757819561322	1.55168707894	1.92435862861	2.6714	0	27.48	0	8.37	3.72378956528	0	38.9497867548	0	13.0058896484	4.6910128067	3.5795872107	5.49170812638	4.7970226962	71.6290902710764	26.142644091587	2.22826563733661	29.191423404805	0	0.258331180573495	0	0	34.0911047963489	8.81770429690864	27.641436321364	0	18	18.2255866768	3.44720496894	1.79724710509	0	2.90967741935	1.46729326158	1.33053724785	77.0186335404	85.6893161459	0	80	88.1149094217	89.135210705	0	2.6728588661	4.47368421053	1.69143830314	0	0.253488361953	0.229790355541	0.217817694808	0	1.24993968637	2.31578947368	0.714506889611	0	3.24728588661	5.63157894737	2.01966248645	-2	2.916812100054	4.49722557298	-2	7.94736842105	-2	2.734169376061	1.13901113125	0	51.4285714286	0.973485333675	2.1071705928	1.91494812348	6.9272586073	0	2.85714285714286	8.40912002049443	0	2.85714285714286	9.52350454720123	0	2.85714285714286	8.34507493275266	8.19518786052071	2.85714285714286	0.34953053252	0.000124599285108	0	0	0	0	0.116	0	4.6	4.47142857143	4.51537082106	0	12.4223602484472	6.2111801242236	65.8385093167702	4.34782608695652	11.1801242236025	2.25038234651518	6.53266331658291	14.9442866506445	46.4496395018571	10.1376447454665	19.6853834389338	0	0	0	3	0	3	0	2.15367767840847	4.41686439131228	8.4869501733893	48.7862748676766	12.1372513232342	24.0189815659792	2.61962975899406	3.6325532658051	6.29875422051461	50.5996041448364	10.6997322156246	26.1497263942252	1.45523026878959	6.12908748501969	22.6502311248074	42.2016777948981	14.5009416195857	13.0628317068995	0	0	0	0	0	0	0	12.9032258064516	6.45161290322581	66.4516129032258	4.51612903225806	9.67741935483871	0	0	0	0	0	0	2.11475782611991	4.74494049874934	13.3783066777837	47.76017585083	11.9457287955734	20.0560903509437	2.06710605152786	3.90453365288596	11.8833632913921	47.8430197723188	13.0716996205313	21.2302776113441	0.187546904762	0	0.326281384754	0	1.372875	0	27.48	0	38.9497867548	0	1.50794745343	0	1.90233821445	0	0	8.81770429690864	0	0	0	0	0	0	0	0	0	0	0	0	0	0	0	0	0	0	0	0	0	0	0	0	0	0	0	0	-2	-2	0	0	0	0	0	0	0	0	0	0	0	0	0	0	0	0	0	0	0	0	0	0	0	0	0	0	0	0	0	0	0	0	0	0
"SORT_084Q_Early_GC"	0.101765143369	0.100572832492	0.281932584482	0.276430129473	1.12183385689	1.1207037054	1.2472	6.58	0	9.0375	1.0952	2.02155042782	10.033546779	0	13.6965679559	1.72829726107	5.71709667522	5.72866374084	6.0375674936	6.04236800835	31.4503474557274	14.3465590674737	54.2030934767989	5.07110572153015	0	10.7154668724507	0.0330724286186749	0	13.6699371623856	12.4793297321133	58.0310880829016	0	16.5119047619	17.5897649104	3.66511627907	1.96501650165	3.11428571429	3.77222222222	1.6266630279	1.47317219938	67.4418604651	82.9537953795	80	65	86.0817356894	87.6241099188	0	2.6659414557	4.85964912281	1.72314103399	0	0.273674947658	0.285280429472	0.237182736355	0	1.32792721519	2.43859649123	0.77471024873	0	3.33227848101	5.9298245614	2.08933454877	-2	3.347144456889	4.6602056962	-2	8.36842105263	-2	2.8640447975	1.13615023474	55.5555555556	67.9245283019	0.810363522228	1.98591549296	1.61502025909	6.40845070423	0	2.83018867924528	3.76583361862376	0	3.77358490566038	4.44482483167865	0	2.83018867924528	3.73159876754536	3.78026334418802	2.83018867924528	0.455367725033	0.000122805083486	0	0	0	0	0.0338	0	4.11111111111	4.55660377358	4.62598425197	0	2.32558139534884	1.3953488372093	75.3488372093023	9.30232558139535	11.6279069767442	2.70627062706271	4.00990099009901	13.8613861386139	44.5874587458746	11.6171617161716	23.2178217821782	0	0	5.71428571428571	25.7142857142857	22.8571428571429	45.7142857142857	0	2.63440860215054	2.79569892473118	11.9175627240143	41.8458781362007	12.921146953405	27.8853046594982	2.78969957081545	2.50682793601249	5.88177916504097	50.0390167772142	10.7686305111198	28.0140460397971	2.26455787203451	5.53558590941769	24.8921639108555	38.9108554996405	16.1394680086269	12.2573687994249	0	0	0	0	0	0	0	2.77777777777778	0.555555555555556	85	6.66666666666667	5	0	0	0	0	0	0	2.6335539332742	3.6023742921471	12.710650201269	46.8376884764959	12.6424234154329	21.5733096813809	2.48721291746064	3.27951058068398	11.5434760806338	47.6882960585699	13.2183331661819	21.7831711964698	0	0.0519525458253	0	0.161215941156	0	1.06483659517	0	9.0375	0	13.6965679559	0	2.67079751825	0	2.91251368885	0.0330724286186749	12.4793297321133	0	0	0	0	0	0	0	0	0	0	0	0	0	0	0	0	0	0	0	0	0	0	0	0	0	0	0	0	-2	-2	0	0	0	0	0	0	0	0	0	0	0	0	0	0	0	0	0	0	0	0	0	0	0	0	0	0	0	0	0	0	0	0	0	0
"SORT_004D_Early_GC"	0.061642333674	0.0577829181539	0.219295440001	0.201324394439	1.06905553198	1.06476352794	0.9936	4.322	0	0	0.7728	1.74546704036	6.69050565612	0	0	1.18661997713	5.8432082724	5.88673227607	6.11430415571	6.12420743443	10.4216328963051	29.603694874851	59.9746722288439	2.00870195794054	0	21.0442349528644	0.050761421319797	0	6.36693255982596	1.73313995649021	68.7962291515591	0	0	18.0441279477	0	1.54618937644	0	0	1.11466897447	1.06676540959	0	88.6836027714	0	0	91.8974469926	92.1385439216	0	2.62129215766	0	1.55975143403	0	0.225663131949	0	0.20058813835	0	1.05729378302	0	0.551147227533	0	3.10117838277	0	1.8121414914	-2	2.806986899558	4.15847216579	-2	-2	-2	2.363288718933	0.980756371201	0	0	0.775909846665	1.82034326473	1.45944947349	5.74336874954	0	0	4.86791058562719	0	0	5.69000554221319	0	0	4.80325143173841	5.08398989148209	0.91634804437919	0.275953944238	0.00015082195199	0	0	0	0	0	0	0	0	4.5144097543	0	0	1	3	4	0	3.00230946882217	2.54041570438799	15.4157043879908	45.9006928406466	10.0461893764434	23.094688221709	0	0	1	1	0	0	0	2.368	0.928	10.912	47.84	12.864	25.088	2.35673109528654	1.18684299762631	5.64598168870804	51.4411664971177	10.7663614784673	28.6029162427942	1.80317184444927	3.73669346078644	22.9850097762329	44.1233977840539	14.3601998696502	12.9915272648273	0	0	0	0	0	0	0	0	0	2	4	0	0	0	0	0	0	0	2.09865858935526	2.44482907832107	13.4032886196452	49.1453916053656	12.321505841627	20.5863262656859	1.93688048308078	2.25589609205879	12.8175914321522	48.6840606129657	12.8289848467586	21.4765865329839	0	0	0	0	0	0	0	0	0	0	0	0	0	0	0.050761421319797	1.73313995649021	0	0	0	0	0	0	0	0	0	0	0	0	0	0	0	0	0	0	0	0	0	0	0	0	0	0	0	0	-2	-2	0	0	0	0	0	0	0	0	0	0	0	0	0	0	0	0	0	0	0	0	0	0	0	0	0	0	0	0	0	0	0	0	0	0
"SORT_066W_Early_GC"	0	0	0	0	0	0	0	0	0	0	0	0	0	0	0	0	0	0	0	0	84.2161583734617	0.642054574638844	15.1417870518994	1.06780565936999	0	6.13988254137747	0	0	82.9684997330486	0.160170848905499	9.66364121729845	0	0	17.829056981	9.28571428571	2.54947822958	0	9.90909090909	1.80461309524	1.38757039421	57.1428571429	80.9283915077	0	63.6363636364	85.9821428571	88.9380530973	0	3.01585976628	0	1.7583090379	0	0.256395397808	0	0.220612597774	0	1.60434056761	0	0.79387755102	0	3.61894824708	0	2.08221574344	-2	4.10362257793	5.22328881469	-2	-2	-2	2.87609329446	3.04455884964	0	87.5	1.82434802947	4.62453399609	3.39141620863	12.1338540742	0	0	3.36802713132967	0	0	3.88258683194948	0	0	3.30955443807742	3.61584932480455	0.643297224168483	0.645078054445	0.000252727246664	0	0	0	0	0	0	0	3.875	4.52824231084	1	0	1	4	1	7	2.51889168765743	4.49802087081684	15.0413817920115	41.3098236775819	9.85966174883051	26.7722202231018	1	0	0	1	1	0	0	2.62895174708819	2.66222961730449	8.85191347753744	45.2911813643927	11.0149750415973	29.5507487520799	3.25133689839572	2.39572192513369	6.84491978609626	47.572192513369	9.49732620320856	30.4385026737968	1.33899412148922	4.57217504898759	24.0039190071848	41.5088177661659	14.5329849771391	14.0431090790333	0	0	0	0	0	0	0	0	1	3	0	7	0	0	0	0	0	0	2.45535714285714	3.33333333333333	14.047619047619	45.3273809523809	11.1904761904762	23.6458333333333	2.49396621078037	2.55430410297667	12.8318584070796	47.2847948511665	12.3893805309735	22.4456958970233	0	0	0	0	0	0	0	0	0	0	0	0	0	0	0	0.160170848905499	0	0	0	0	0	0	0	0	0	0	0	0	0	0	0	0	0	0	0	0	0	0	0	0	0	0	0	0	-2	-2	0	0	0	0	0	0	0	0	0	0	0	0	0	0	0	0	0	0	0	0	0	0	0	0	0	0	0	0	0	0	0	0	0	0
"SORT_035M_Early_GC"	0	0	0	0	0	0	0	0	0	0	0	0	0	0	0	0	0	0	0	0	0.653804930332262	4.52304394426581	94.8231511254019	0.165084605860503	0	20.0577796120512	0	0	0.42302930251754	0.0412711514651259	79.3128353281056	0	0	18.0541647701	5.55555555556	1.52969502408	3.34782608696	0	1.35559219566	1.25262437243	59.2592592593	89.1118245051	65.2173913043	0	90.5743336081	91.214057508	0	2.61190053286	0	1.62483522278	0	0.229441388129	0	0.189256098039	0	1.03063943162	0	0.538887424202	0	3.15452930728	0	1.90930661745	-2	2.650294695479	4.1851687389	-2	-2	-2	2.448194041652	2.43942914039	57.1428571429	0	1.7988214618	3.79190175904	2.9360074434	9.40092930634	0	0	4.18604651162791	0	0	4.74418604651163	0	0	4.15503875968992	4.26768515443374	0.660038364231056	0.935960591133	0.000286911873085	0	0	0	0	0	0	4.71428571429	0	4.525374677	0	3.7037037037037	33.3333333333333	7.40740740740741	3.7037037037037	51.8518518518519	1.87265917602996	1.79240235420011	11.3964686998395	45.9871589085072	12.4130551096843	26.5382557517389	0	0	30.4347826086957	8.69565217391304	4.34782608695652	56.5217391304348	0	1.3953488372093	1.32890365448505	8.23920265780731	46.046511627907	13.421926910299	29.5681063122924	2.70750988142292	1.20553359683794	4.38735177865613	51.2450592885375	10.7509881422925	29.703557312253	1.38476755687438	3.62677217276624	20.4088361358391	44.0817672271678	14.8367952522255	15.6610616551269	0	0	0	0	0	0	0	1	2	0	0	1	0	0	0	0	0	0	2.23962627095356	2.1297059631767	11.0607309700467	48.9694971145919	11.8851332783732	23.7153064028579	2.48744865358284	2.3961661341853	9.67594705613875	50.5020538566864	12.1177544500228	22.8206298493838	0	0	0	0	0	0	0	0	0	0	0	0	0	0	0	0.0412711514651259	0	0	0	0	0	0	0	0	0	0	0	0	0	0	0	0	0	0	0	0	0	0	0	0	0	0	0	0	-2	-2	0	0	0	0	0	0	0	0	0	0	0	0	0	0	0	0	0	0	0	0	0	0	0	0	0	0	0	0	0	0	0	0	0	0
"SORT_001A_Early_GC"	0	0	0	0	0	0	0	0	0	0	0	0	0	0	0	0	0	0	0	0	72.559805552002	26.5319176154535	0.908276832544454	50.7095793208312	0.0126710593005575	0	0.0886974151039027	0	21.9209325899645	0.0886974151039027	27.1794221996959	0	15.8	17.5460466328	5.48717948718	1.64964491038	0	3	1.26402524544	1.12481857765	71.7948717949	86.7095028745	0	81.8181818182	90.252454418	91.7416545718	0	2.44683960541	3.38461538462	1.5785222143	0	0.245746309304	0.231501831502	0.205315838877	0	1.05626598465	2.53846153846	0.595153243051	0	2.90135184509	4.53846153846	1.84461867427	-2	2.518656716415	3.95761782974	-2	7.07692307692	-2	2.439771917321	1.82010422174	80	69.5652173913	1.14359586317	3.38343025451	2.25735879077	9.6442866853	0	4.34782608695652	5.22076372315036	0	4.34782608695652	5.8969769291965	0	4.34782608695652	5.18098647573588	5.52528004844081	4.34782608695652	0.721031786331	0.000187108502176	0	0	0	0	0	0	4.6	4.82608695652	4.55777645187	2.56410256410256	0	5.12820512820513	82.0512820512821	7.69230769230769	2.56410256410256	1.38654041258032	4.19343929658438	13.4934054785255	47.8525532634427	10.0439634764964	23.0300980723706	0	0	2	2	0	1	0	1.58019489070319	2.55464840663682	8.90176455096129	49.7498024756387	11.746115354227	25.467474321833	2.70360480640854	2.28638184245661	6.04138851802403	53.0707610146862	9.92990654205608	25.9679572763685	1.67714884696017	5.50314465408805	24.7379454926625	45.6236897274633	11.2945492662474	11.1635220125786	1	0	0	0	0	0	0	0	0	90.9090909090909	9.09090909090909	0	0	0	0	0	0	0	2.31416549789621	3.57643758765778	13.6512388966807	51.1921458625526	10.3553062178588	18.9107059373539	2.69956458635704	3.23657474600871	13.1930333817126	51.3497822931785	10.6240928882438	18.8969521044993	0	0	0	0	0	0	0	0	0	0	0	0	0	0	0.0886974151039027	0.0886974151039027	0	0	0	0	0	0	0	0	0	0	0	0	0	0	0	0	0	0	0	0	0	0	0	0	0	0	0	0	-2	-2	0	0	0	0	0	0	0	0	0	0	0	0	0	0	0	0	0	0	0	0	0	0	1	0	0	0	0	0	0	0	0	0	0	0
"SORT_039R_Early_GC"	0	0	0	0	0	0	0	0	0	0	0	0	0	0	0	0	0	0	0	0	73.6453971626773	25.2796700206237	1.07493281669896	30.0153704272979	0	0.350445742391639	0	0.0860743928681217	39.8647402397787	4.06394097755918	25.6194282201045	0	0	18.2997147172	3.45454545455	1.51351776171	0	0	1.46096009254	1.27733755943	72.7272727273	90.6633134235	0	0	90.8906882591	91.204437401	0	2.38147694818	0	1.45982986767	0	0.220616334661	0	0.180358546794	0	0.869849041208	0	0.443998109641	0	2.81068951448	0	1.68903591682	-2	2.365384615388	3.680538555688	-2	-2	-2	2.133034026461	7.52500503457	0	0	2.77095755875	10.1698328523	4.98947737636	21.715781701	0	0	7.50482202349641	0	0	8.89882517972997	0	0	7.42591618446432	6.74858984689766	0.740841966870136	3.93494228751	0.000537142236856	0	0	0	0	0	0	0	0	4.49465193758	0	1	0	2	2	6	1.43036780886514	1.24174787802578	10.012574662056	40.883370009431	11.9930839358692	34.4388557057529	0	1	0	0	2	0	0	1.02319236016371	0.295588904047294	7.00318326512051	36.6530241018645	10.9822646657572	44.0427467030468	1.58633312995729	1.24059385804352	2.39983729916616	41.28533658735	11.1450071181615	42.3428920073215	0.927299703264095	1.70623145400593	23.6646884272997	37.9080118694362	15.3189910979228	20.4747774480712	0	0	0	0	0	0	0	0	0	2	0	6	0	0	0	0	0	0	1.47484094852516	1.54713707345286	9.22498554077501	41.8160786581839	12.4783111625217	33.4586466165414	0.950871632329635	2.29793977812995	9.42947702060222	35.8954041204437	15.8478605388273	35.5784469096672	0	0	0	0	0	0	0	0	0	0	0	0	0	0	0	4.06394097755918	0	0	0	0	0	0	0	0	0	0	0	0	0	0	0	0	0	0	0	0	0	0	0	0	0	0	0	0	-2	-2	0	0	0	0	0	0	0	0	0	0	0	0	0	0	0	0	0	0	0	0	0	0	0	0	0	0	0	0	0	0	0	0	0	0
"SORT_042V_Early_GC"	0	0	0	0	0	0	0	0	0	0	0	0	0	0	0	0	0	0	0	0	55.1321753960774	14.9723980072708	29.8954265966519	15.7406998808526	0	6.67666916729182	0	0	28.811614668373	10.6394245620229	38.1315917214598	16.6153846154	0	18.3684210526	17.1739130435	0	20.0769230769	0	4.36842105263	10.6666666667	4.34782608696	0	0	0	63.1578947368	35.5555555556	10	0	0	2.72727272727	0.322499497734	0	0	0.472468188377	6.46153846154	0	0	3.18181818182	14	0	0	4.54545454545	20.46153846154	-2	-2	-2	-2	-2	7.72727272727	10.8695652174	35.7142857143	50	21.0526315789	21.7391304348	47.3684210526	0	0	0	5.26315789473684	0	0	5.26315789473684	0	0	5.26315789473684	5.26315789473684	0	4.44444444444	0.0222222222222	0	0	0	0	0	0	4.07142857143	4.5	4.73684210526	0	4.34782608695652	4.34782608695652	52.1739130434783	13.0434782608696	26.0869565217391	0	0	0	0	0	0	0	1	1	8	1	2	0	0	1	0	2	0	0	1	1	2	4	3	2	0	2	0	3	1	3	0	0	0	0	0	0	0	0	0	2	2	4	0	0	0	2	0	0	1	2	2	5	4	5	2.22222222222222	8.88888888888889	6.66666666666667	42.2222222222222	15.5555555555556	24.4444444444444	0	0	0	0	0	0	0	0	0	0	0	0	0	0	0	10.6394245620229	0	0	0	0	0	0	0	0	0	0	0	0	0	0	0	0	0	0	0	0	0	0	0	0	0	0	0	0	-2	-2	0	0	0	0	0	0	0	0	0	0	0	0	0	0	0	0	0	0	0	0	0	0	0	0	0	0	0	0	0	0	0	2	0	0
"SORT_091Y_Early_GC"	0	0	0	0	0	0	0	0	0	0	0	0	0	0	0	0	0	0	0	0	7.35294117647059	69.1176470588235	23.5294117647059	2.94117647058824	0	0	0	0	4.41176470588235	0	92.6470588235294	18.9723756906	0	17.375	27.9505494505	28.2543352601	28.0497237569	0	4.375	10.76	0	0	0	0	81.25	52	13.9060773481	0	0	4	0.323310381874	0	0	0.259613680666	9.06077348066	0	0	1.72727272727	19.0055248619	0	0	4.90909090909	28.06629834256	-2	-2	-2	-2	-2	6.63636363636	96.3222416813	99.2779783394	0	25	97.1978984238	56.25	0	0	0	0	0	0	6.25	0	0	0	0	0	88.3838383838	0.04	0	0	0	0	0	0	4.97653429603	0	4.5625	0	0	1.0989010989011	97.8021978021978	0.549450549450549	0.549450549450549	0	0	0	100	0	0	0	0	1.10497237569061	97.7900552486188	0.552486187845304	0.552486187845304	0	0	0	0	0	0	0	0	0	0	4	1	3	0	0	1	5	1	1	0	0	0	0	0	0	0	0	0	1	0	0	0	0	0	0	0	0	0	0	1	9	2	4	0	0	12	56	12	20	0	0	0	0	0	0	0	0	0	0	0	0	0	0	0	0	0	0	0	0	0	0	0	0	0	0	0	0	0	0	0	0	0	0	0	0	0	0	0	0	0	0	0	0	-2	-2	0	0	0	0	0	0	0	0	0	0	0	0	0	0	0	0	0	0	0	0	0	0	0	0	0	0	0	0	0	0	0	0	0	0
"SORT_093A_Early_GC"	0	0	0	0	0	0	0	0	0	0	0	0	0	0	0	0	0	0	0	0	52.0942408376963	26.9633507853403	20.9424083769633	35.4166666666667	0	1.5625	0	0	16.40625	0	46.6145833333333	0	0	17.6975277916	5.75294117647	1.62779661017	0	0	1.02606962122	0.912375347393	61.1764705882	89.7627118644	0	0	93.8046311915	94.3109367337	0	2.48685015291	0	1.4576033637	0	0.230836844942	0	0.193956289467	0	0.948012232416	0	0.487035739313	0	2.85198776758	0	1.66608269096	-2	2.383870967746	3.799999999996	-2	-2	-2	2.153118430273	3.5535813437	0	0	1.02966413337	4.72885434018	2.07158617308	10.5034240237	0	0	1.55637254901961	0	0	1.86274509803922	0	0	1.55637254901961	1.55312053358742	0	0.566385669125	0.000212414727109	0	0	0	0	0	0	0	0	4.56838235294	0	0	7.05882352941176	70.5882352941177	14.1176470588235	8.23529411764706	2.4406779661017	3.45762711864407	11.2542372881356	53.3559322033898	10.3050847457627	19.1864406779661	0	0	0	0	0	0	0	1.51082074316047	1.71498570845243	8.61576153532054	50.837076357697	11.3924050632911	25.9289505920784	1.87409899086977	0.792888034598751	4.99759730898606	54.4690052859202	10.0432484382508	27.8231619413743	1.13602391629297	4.39461883408072	20.1494768310912	45.0224215246637	12.3467862481315	16.9506726457399	0	1	0	0	0	0	0	0	0	1	0	1	0	0	6.09756097560976	71.9512195121951	14.6341463414634	7.31707317073171	1.38015641772734	2.72964269283852	12.1760466186168	51.2651433829167	11.087256555743	21.3617543321576	1.30783063593265	2.10887690044139	11.8031714892921	49.7956514631355	11.2963871178682	23.6880823933301	0	0	0	0	0	0	0	0	0	0	0	0	0	0	0	0	0	10.4634146341	0	5.58536585366	0	62.1951219512	0	0	0	0	0	0.0485	0	0	0	0	0	0	0	0	0	0	0	0	0	0	0	0	-2	-2	0	0	0	0	97.7491961415	0	0	99.3569131833	0	0	0	0	0	0	0	0	0	0	0	0	0	2.09967845659	0	0	1	0	0	0	0	0	6.09756097560976	71.9512195121951	14.6341463414634	7.31707317073171
"SORT_006F_Early_GC"	0	0	0	0	0	0	0	0	0	0	0	0	0	0	0	0	0	0	0	0	1.04839563697977	7.85767234988881	91.0939320131314	0.325931961702994	0	21.1244652678753	0.0101853738032186	0	0.672234671012426	0	77.867182725606	16.8461538462	0	18.3840901332	22	1.46129374337	25.2307692308	0	1.13805855162	1.21214165261	0	91.0922587487	0	0	92.8197226502	92.4451939292	11.8461538462	2.7223476298	0	1.58562367865	0.374673845631	0.195403760503	0	0.172149526364	8.92307692308	0.916478555305	0	0.475687103594	16.5384615385	3.20993227991	0	1.86751233263	25.46153846158	2.407166123775	4.126410835215	-2	-2	-2	2.343199436224	2.27477884095	42.8571428571	50	1.89478932934	4.51345008124	3.61505858888	14.9124390684	0	0	3.31588132635253	0	0	4.26327599102468	0	0	3.29094988780853	3.08194343727339	0	0.818833162743	0.000424518767459	0	0	0	0	0	0	4.5	4.25	4.51832460733	8.69565217391304	4.34782608695652	13.0434782608696	39.1304347826087	17.3913043478261	17.3913043478261	2.54506892895016	5.19618239660657	10.1802757158006	44.7507953340403	9.33191940615058	27.9957582184518	2	0	2	5	0	4	0	2.47699929228592	2.47699929228592	7.71408351026185	44.6567586694975	9.27105449398443	33.4041047416844	2.33463035019455	2.07522697795071	3.50194552529183	49.2434068309555	10.4626026805015	32.3821876351059	1.39949109414758	4.4529262086514	21.3104325699746	39.2493638676845	11.8320610687023	21.7557251908397	0	0	0	0	0	0	0	1	1	4	3	0	0	0	0	0	1	0	2.03389830508475	3.29738058551618	11.7719568567026	45.6086286594761	11.6795069337442	25.6086286594761	1.8212478920742	2.36087689713322	10.893760539629	45.2951096121417	11.602023608769	28.026981450253	0	0	0	0	0	0	0	0	0	0	0	0	0	0	0.0101853738032186	0	0	0	0	0	0	0	0	0	0	0	0	0	0	0	0	0	0	0	0	0	0	0	0	0	0	0	0	0	-2	-2	0	0	0	0	0	0	0	0	0	0	0	0	0	0	0	0	0	0	0	0	0	0	0	0	0	0	0	0	0	0	0	0	1	0
"SORT_121F_Early_GC"	0	0	0	0	0	0	0	0	0	0	0	0	0	0	0	0	0	0	0	0	96.0471397004665	3.87920451755463	0.0736557819788853	72.1815519765739	0.0488042947779405	0.195217179111762	0.146412884333821	0	23.5480722303563	0.0976085895558809	3.78233284529039	0	0	18.1933538462	4.14782608696	1.89522998296	0	6.22727272727	1.48596491228	1.29660886911	66.9565217391	85.292447473	0	50	88.4429824561	89.7805738837	0	2.75387323944	0	1.70896340127	0	0.251498930546	0	0.224050251495	0	1.25528169014	0	0.700854700855	0	3.34823943662	0	2.02607933377	-2	2.90916463909	4.60352112676	-2	-2	8.77419354839	2.726934034625	1.28709331427	0	75	1.32246376812	2.60993922059	2.41847826087	9.05255631033	0	0	3.25122260460062	0	0	3.63158848034776	0	0	3.14254664010143	3.27680367921817	1.61290322580645	0.348640302819	0.000186424841851	0	0	0	0	0	0	0	4.125	4.47554790799	4.34782608695652	8.69565217391304	7.82608695652174	43.4782608695652	7.82608695652174	27.8260869565217	1.90232822260079	5.87734241908007	18.1714934696195	40.9710391822828	14.4804088586031	18.5973878478137	0	0	0	0	0	0	0	2.20264317180617	3.81791483113069	13.8277043563387	41.9725893294175	13.9500734214391	24.2290748898678	2.62978142076503	2.51024590163934	6.81352459016393	49.1120218579235	12.0560109289617	26.8784153005464	1.03244837758112	5.67846607669617	24.3117010816126	38.2497541789577	16.2733529990167	14.4542772861357	0	0	0	0	0	0	0	0	40.9090909090909	18.1818181818182	0	40.9090909090909	5.37634408602151	10.752688172043	0	49.4623655913978	9.67741935483871	24.7311827956989	1.95175438596491	4.06798245614035	14.3311403508772	44.8135964912281	13.530701754386	21.3048245614035	2.05616081018874	2.77735154212061	11.6157741292006	46.6318858370416	13.3036673315943	23.6151603498542	0	0	0	0	0	0	0	0	0	0	0	0	0	0	0.146412884333821	0.0976085895558809	0	18.358974359	0	3.65591397849	0	70.9677419355	0	0	0	0	0	0.001	0	0	0	0	0	0	0	0	0	5.58064516129	0	0.206002751978	0	1.93548387097	0	6.83870967742	-2	8.77419354839	0	0	0	0	75.8064516129	0	0	83.8709677419	0	0	0	0	1.61290322580645	0	1.61290322580645	0	1.61290322580645	0	0	0	0	4.40322580645	0	0	0	0	0	0	5.37634408602151	10.752688172043	0	49.4623655913978	9.67741935483871	24.7311827956989
"SORT_005E_Early_GC"	0	0	0	0	0	0	0	0	0	0	0	0	0	0	0	0	0	0	0	0	71.0871241326137	27.1858134155744	1.72706245181187	16.9531309154236	0	1.11304611191035	0.0227152267736806	0	47.1870977511925	7.29915953660937	27.4248504580904	0	18.3726708075	18.5355900032	4.55	2.12059701493	0	4.51606425703	1.38207220916	1.11323076923	62.4	83.7014925373	0	62.6506024096	90.2614469498	92.758974359	0	2.67725321888	5.89655172414	1.63122835065	0	0.217040842783	0.305454889908	0.185697229006	0	0.93347639485	3.54482758621	0.52278177458	0	3.10944206009	6.79310344828	1.86330935252	-2	2.500794912562	4.04291845494	-2	10.33793103449	-2	2.3860911271	7.26230666562	0	87.2549019608	3.23714194441	10.1358247625	5.51591949739	20.8055272042	0	0.326797385620915	3.12832517556927	0	0.326797385620915	3.67099382847414	0	0.326797385620915	3.06448180463928	2.76616275329688	0.326797385620915	2.18844984802	0.000233750324011	0	0	0	0	0.206	0	0	4.24183006536	4.55394764844	0	0	6	9	0.2	84.8	2.53731343283582	2.71641791044776	11.134328358209	45.7014925373134	9.67164179104478	28.2388059701493	0	0	0	1	0	1	0	2.47268545140886	1.81138585393905	7.50431282346176	41.9206440483036	10.3507763082231	35.9401955146636	2.82473785576717	1.04857693130751	3.95891290391611	51.2090734003852	9.54419002781939	31.4145088808046	1.17955439056356	4.55439056356488	18.5124508519004	41.8086500655308	13.9580602883355	19.9868938401048	0	0	0	0	0	0	0	0	6.02409638554217	8.83534136546185	0.200803212851406	84.9397590361446	0	0	0	0	0	0	2.15797482362706	2.282473371144	9.94605062940932	47.1849495089224	10.7622077742426	27.6663438926546	1.7025641025641	1.98974358974359	8.34871794871795	44.7794871794872	11.2615384615385	31.9179487179487	0	0	0	0	0	0	0	0	0	0	0	0	0	0	0.0227152267736806	7.29915953660937	0	0	0	0	0	0	0	0	0	0	0	0	0	0	0	0	0	0	0	0	0	0	0	0	0	0	0	0	-2	-2	0	0	0	0	0	0	0	0	0	0	0	0	0	0	0	0	0	0	0	0	0	0	0	0	0	0	0	0	0	0	0	0	0	0
"SORT_024A_Early_GC"	0	0	0	0	0	0	0	0	0	0	0	0	0	0	0	0	0	0	0	0	67.8897650089781	16.7616519634632	15.3485830275587	4.82822655524605	0	2.77004023522129	0	0.00773754255648406	55.8573197152584	7.17270194986072	29.363974001857	0	0	18.3300970874	13.8888888889	1.33769878391	0	0	1.05427817565	1.04972375691	11.1111111111	92.4228250702	0	0	94.2329438372	94.3370165746	0	2.51803751804	0	1.44852941176	0	0.167401847263	0	0.145075873809	0	0.702741702742	0	0.339869281046	0	3.02741702742	0	1.70424836601	-2	2.114337568058	3.730158730162	-2	-2	-2	2.044117647056	5.6272690601	50	44.4444444444	2.63234863995	8.49132714804	5.00146241591	21.0568777733	0	0	2.80783854928342	0	0	3.8900263234864	0	0	2.77859023106171	2.48987854251012	0.437973298857922	1.69700709658	0.000570641531751	0	0	0	0	0	0	4.125	5.22222222222	4.58438139807	0	0	0	14	1	3	3.9289055191768	1.40318054256314	10.5706267539757	36.6697848456501	14.6866230121609	32.7408793264733	0	0	0	7	1	0	0	1.96560196560197	1.71990171990172	5.56920556920557	35.954135954136	16.2162162162162	38.5749385749386	2.5974025974026	1.14285714285714	3.74025974025974	44.3116883116883	13.038961038961	35.1688311688312	1.38674884437596	3.62095531587057	19.7996918335901	34.5916795069337	17.1802773497689	23.4206471494607	0	0	0	0	0	0	0	0	0	6	0	3	0	0	0	1	0	0	2.37467018469657	2.48774971730117	11.4210327930645	41.3117225782133	15.0772710139465	27.327553712778	1.19705340699816	2.48618784530387	9.94475138121547	42.5414364640884	14.6408839779006	29.1896869244936	0	0	0	0	0	0	0	0	0	0	0	0	0	0	0	7.17270194986072	0	0	0	0	0	0	0	0	0	0	0	0	0	0	0	0	0	0	0	0	0	0	0	0	0	0	0	0	-2	-2	0	0	0	0	0	0	0	0	0	0	0	0	0	0	0	0	0	0	0	0	0	0	0	0	0	0	0	0	0	0	0	1	0	0
"SORT_021X_Early_GC"	0	0	0	0	0	0	0	0	0	0	0	0	0	0	0	0	0	0	0	0	10.3668261562998	66.9218500797448	22.7113237639553	1.61188369152971	0	10.3876949009692	0	0	6.62663295406658	2.09650231774126	79.2772861356932	0	0	0	0	0	0	0	0	8.42857142857	0	0	0	0	0	42.8571428571	0	0	0	0	0	0	0	0	0	0	0	0	0	0	0	0	-2	-2	-2	-2	-2	-2	-2	28.5714285714	80	0	57.1428571429	64.2857142857	0	0	0	0	0	0	0	0	0	0	0	0	0	14.2857142857	0.0714285714286	0	0	0	0	0	0	5.2	0	4.57142857143	0	2	1	0	1	2	0	0	0	0	0	0	0	2	0	0	1	2	0	0	0	0	0	0	1	0	0	2	1	1	0	0	0	1	1	0	2	0	0	0	0	0	0	0	0	1	0	0	0	0	0	0	0	0	0	0	0	3	2	1	1	0	2	4	2	2	4	0	0	0	0	0	0	0	0	0	0	0	0	0	0	0	2.09650231774126	0	0	0	0	0	0	0	0	0	0	0	0	0	0	0	0	0	0	0	0	0	0	0	0	0	0	0	0	-2	-2	0	0	0	0	0	0	0	0	0	0	0	0	0	0	0	0	0	0	0	0	0	0	0	0	0	0	0	0	0	0	0	0	0	0
"SORT_029F_Early_GC"	0	0	0	0	0	0	0	0	0	0	0	0	0	0	0	0	0	0	0	0	96.6772609072522	2.42704420687663	0.895694885871136	8.76585928489043	0	0	0.0288350634371396	0	87.8316032295271	0.0576701268742791	3.31603229527105	0	0	18.0142279076	3.82142857143	1.65461624027	3	0	1.45519587145	1.24482156227	75	88.0051909529	76.4705882353	0	89.3971381656	90.7661592214	0	2.49117341641	0	1.53744584279	0	0.249622226119	0	0.210546699762	0	1.09865005192	0	0.588817825459	0	3.02388369678	0	1.82628429957	-2	2.713153724249	4.1225337487	-2	-2	-2	2.415102125029	1.23331985443	0	75	1.11881105452	2.54077368918	2.32946480755	9.75872759132	0	0	3.19699499165275	0	0	3.76460767946578	0	0	3.13856427378965	3.11677798016596	0.613368252576119	0.510583980428	0.000270944112983	0	0	0	0	0	0	0	5.375	4.65684474124	26.7857142857143	0	0	44.6428571428571	8.92857142857143	19.6428571428571	2.00222469410456	2.26177233963663	10.9195402298851	46.6073414905451	12.7549128661476	25.4542083796811	15	0	0	0	0	2	0	2.25274725274725	1.07142857142857	6.95054945054945	46.5384615384615	12.4725274725275	30.7142857142857	2.19224283305228	1.38279932546374	4.31703204047218	51.7200674536256	11.7200674536256	28.6677908937605	1.05417276720351	4.33382137628111	20.8491947291362	43.3967789165447	13.4407027818448	16.9253294289898	0	0	8	0	0	0	0	0	0	6	3	1	0	0	0	52.3809523809524	9.52380952380952	38.0952380952381	1.87661271405114	2.62725779967159	10.4738447102979	48.4166080225194	12.6905934787708	23.9150832746892	1.82181182929873	2.69528325430497	9.45844771649613	51.4100324432244	11.7544297479411	22.8599950087347	0	0	0	0	0	0	0	0	0	0	0	0	0	0	0.0288350634371396	0.0576701268742791	0	0	0	2.42857142857	0	85.7142857143	0	0	0	0.0024	0	0.003	0	0	0	0	0	0	0	0	0	0	0	0	0	0	0	0	-2	-2	0	0	0	0	80	0	0	0	0	0	0	0	0	0	0	0	0	0	0	0	0	4.4	0	0	0	8	0	0	0	0	0	52.3809523809524	9.52380952380952	38.0952380952381
"SORT_112W_Early_GC"	0	0	0	0	0	0	0	0	0	0	0	0	0	0	0	0	0	0	0	0	0.467987653091706	8.91167977695908	90.6203325699492	0	0	21.9206880076445	0	0	0.0764452938365982	0.372670807453416	77.6301958910655	13.6595744681	14.137254902	18.3058868067	9.39248120301	2.88016855412	15.186440678	7.16465863454	1.4812632957	0.971903982542	57.7443609023	84.198051093	53.1073446328	60.2409638554	91.9325805924	94.4353518822	21.9638554217	2.63447079237	7.2962962963	1.43415139993	0.208921339538	0.204970636095	0.258738926682	0.161919307651	7.34939759036	0.973395026027	5.55092592593	0.378499827169	24.6746987952	3.10641989589	9.90277777778	1.63048738334	32.02409638556	2.82410917362	4.079814921917	-2	15.45370370371	-2	2.008987210509	6.15384615385	91.6666666667	85.6031128405	2.48118532455	9.78021978022	4.25682031985	19.568288854	0	0	2.30371415138693	0	0	3.04419370004701	0	0	2.25669957686883	2.39740281361858	0	2.33150207691	0.000309477936872	0.0192	0	0.0412	0	0.0742	0	4.10648148148	4.68093385214	4.61013164081	0.902255639097744	0	2.70676691729323	67.6691729323308	12.6315789473684	16.0902255639098	1.36950223860943	1.18514616802739	6.6631551224651	42.8759547010798	13.537002897024	34.3692388727943	0	0	0.564971751412429	74.0112994350282	2.82485875706215	22.5988700564972	0	1.47147147147147	0.27027027027027	5.01501501501502	40.3903903903904	15.1651651651652	37.6876876876877	1.53991945036721	0.473821369343757	3.24567638000474	40.5354181473584	14.2857142857143	39.9194503672116	2.13426464881645	2.75514163756306	17.6173845556849	40.5510283275126	15.7159487776484	21.2262320527745	0	0	0	0	0	0	1.20481927710843	0	3.4136546184739	66.6666666666667	15.2610441767068	13.4538152610442	0	0	0	0	3	0	1.80003272786778	1.3909343806251	8.28015054819179	43.3153330060547	14.9075437735232	30.3060055637375	2.01854882705947	1.25477359519913	9.71085651936716	43.0441898527005	15.7665030005456	28.2051282051282	0	0	0	0	0	0	0	0	0	0	0	0	0	0	0	0.372670807453416	0	0	0	0	0	0	0	0	0	0	0	0	0	0	0	0	0	0	0	0	0	0	0	0	0	0	0	0	-2	-2	0	0	0	0	0	0	0	0	0	0	0	0	0	0	0	0	0	0	0	0	0	0	0	0	0	0	0	0	0	0	0	0	3	0
"SORT_115Z_Early_GC"	0	0	0	0	0	0	0	0	0	0	0	0	0	0	0	0	0	0	0	0	80.3334467505954	17.931269139163	1.73528411024158	43.81589958159	0.0167364016736402	0.100418410041841	0.267782426778243	0.0167364016736402	36.2175732217573	0.301255230125523	19.2635983263598	18.4375	15.8292682927	18.1757512684	6.28	1.55656108597	8.31818181818	5.75342465753	1.0283232179	0.94532677442	54	89.8190045249	40.9090909091	60.2739726027	93.4547185529	93.914265636	5.5	2.42156862745	7	1.440433213	0.383173076923	0.233319312477	0.340626066132	0.221794448908	5.5	0.885154061625	3.71875	0.481691593605	6.85714285714	2.82959850607	8.3125	1.64878803507	12.35714285714	2.435305917757	3.714752567695	-2	12.03125	-2	2.130479628675	0.777604976672	83.3333333333	72.131147541	0.847885333603	1.5470246378	1.59483193701	6.00802160923	0	0	2.31149692136873	0	0	2.79600282628445	0	0	2.25093368325426	2.33382813788554	0	0.257372654155	0.000171577881867	0	0	0	0	0.0396	0	4.70833333333	5.06557377049	4.57959018876	7	0	6	73	2	12	2.53393665158371	2.98642533936652	11.4932126696833	48.2805429864253	13.7556561085973	20.9502262443439	0	0	0	68.1818181818182	0	31.8181818181818	0	2.3696682464455	2.21169036334913	7.64612954186414	47.7725118483412	13.7124802527646	26.2875197472354	2.78045954817532	1.56400849584862	4.09345433481367	49.9903456265688	11.8169530797451	29.7547789148484	1.11220958971824	4.81957488877904	20.8353929807217	43.1537320810677	13.7419673751854	16.3371230845279	0	0	0	0	0	0	9.58904109589041	0	8.21917808219178	75.3424657534247	0	6.84931506849315	0	0	0	3	2	0	2.18969415684874	2.99892895394502	11.662501487564	47.2331310246341	12.6502439604903	23.2655004165179	1.96767392832045	2.95151089248067	11.34223471539	46.9571328179902	12.1714687280394	24.6099789177793	0	0	0	0	0	0	0	0	0	0	0	0	0	0	0.267782426778243	0.301255230125523	0	0	0	0	0	0	0	0	0	0	0	0	0	0	0	0	0	0	0	0	0	0	0	0	0	0	0	0	-2	-2	0	0	0	0	0	0	0	0	0	0	0	0	0	0	0	0	0	0	0	0	0	3.5	0	0	0	0	0	0	0	0	0	3	2	0
"SORT_010K_Early_GC"	0	0	0	0	0	0	0	0	0	0	0	0	0	0	0	0	0	0	0	0	67.3218673218673	23.3415233415233	9.33660933660934	30.6372549019608	0	3.18627450980392	0.245098039215686	0	32.1078431372549	4.41176470588235	29.4117647058824	0	0	18.633363472	0	1.40916530278	0	0	0.896847523054	0.864104179794	0	91.4893617021	0	0	94.5528629638	94.8120142827	0	2.57075913777	0	1.44946025515	0	0.22538307932	0	0.229074643476	0	0.880037488285	0	0.502944062807	0	2.90253045923	0	1.62414131501	-2	2.277566539929	3.782567947515	-2	-2	-2	2.127085377817	1.2872936544	0	0	1.00991210024	2.43828562774	2.03852627642	8.11752233833	0	0	2.48737609874696	0	0	3.02973630072938	0	0	2.48737609874696	2.45528948166111	0.420460879575109	0.502606105733	0.000255715268456	0	0	0	0	0	0	0	0	4.60875257154	1	0	0	2	0	2	5.40098199672668	4.09165302782324	14.0752864157119	45.4991816693944	10.1472995090016	20.7855973813421	0	0	0	1	0	2	0	2.76203966005666	2.26628895184136	7.93201133144476	49.8583569405099	12.2521246458924	24.929178470255	2.61657162026166	1.71083529017108	4.93123113049312	50.2851392150285	9.86246226098625	30.5937604830594	1.59262363788768	3.0176026823135	19.6563285834032	44.3419949706622	14.0821458507963	17.3093042749371	0	0	0	0	0	0	1	0	0	1	0	0	0	0	0	0	0	0	2.14454214025306	2.29466009007077	11.923654299807	48.059189363071	11.7306455071842	23.847308599614	1.7643352236925	2.05839109430792	11.1321151018694	47.9101029195547	11.9302667506826	25.2047889098929	0	0	0	0	0	0	0	0	0	0	0	0	0	0	0.245098039215686	4.41176470588235	0	0	0	0	0	0	0	0	0	0	0	0	0	0	0	0	0	0	0	0	0	0	0	0	0	0	0	0	-2	-2	0	0	0	0	0	0	0	0	0	0	0	0	0	0	0	0	0	0	0	0	0	0	0	0	0	0	0	0	0	0	0	0	0	0
"SORT_013N_Early_GC"	0	0	0	0	0	0	0	0	0	0	0	0	0	0	0	0	0	0	0	0	45.4995054401583	37.0013188262446	17.4991757335971	9.14057403783431	0	4.68036529680365	0.00815394651011089	0	28.5388127853881	7.75440313111546	49.8776908023483	0	0	18.3851851852	0	1.10435931308	0	0	0.896129032258	0.874442793462	0	95.6406869221	0	0	95.2580645161	94.6879643388	0	2.2332361516	0	1.30300957592	0	0.238001209686	0	0.214542131608	0	0.941690962099	0	0.474692202462	0	2.68658892128	0	1.52804377565	-2	2.15017064846	3.628279883379	-2	-2	-2	2.002735978112	2.03187250996	80	0	1.72937602244	3.74501992032	3.52886188362	13.2470119522	0	0	1.6588785046729	0	0	1.91588785046729	0	0	1.63551401869159	1.47527910685805	0.527122676061712	0.579878225573	0.000487881168291	0	0	0	0	0	0	3.8	0	4.61028037383	0	1	1	1	1	1	0.792602377807133	3.17040951122853	10.9643328929987	45.9709379128137	7.92602377807133	31.1756935270806	0	1	1	1	1	1	0	0.837988826815642	1.53631284916201	7.26256983240223	31.9832402234637	12.7094972067039	45.6703910614525	1.56803237228123	1.26454223571067	4.55235204855842	47.4962063732929	10.5715730905412	34.5472938796156	0.954328561690525	3.88548057259714	16.8370824812543	40.4226312201772	13.7695978186776	24.1308793456033	0	0	0	0	0	0	0	0	0	0	0	0	0	0	0	0	0	0	1.32258064516129	2.29032258064516	9.96774193548387	46.8064516129032	11.5806451612903	28.0322580645161	1.44873699851412	2.19167904903418	9.47251114413076	44.0193164933135	13.075780089153	29.7919762258544	0	0	0	0	0	0	0	0	0	0	0	0	0	0	0.00815394651011089	7.75440313111546	0	0	0	0	0	0	0	0	0	0	0	0	0	0	0	0	0	0	0	0	0	0	0	0	0	0	0	0	-2	-2	0	0	0	0	0	0	0	0	0	0	0	0	0	0	0	0	0	0	0	0	0	0	0	0	0	0	0	0	0	0	0	0	0	0
"SORT_117B_Early_GC"	0	0	0	0	0	0	0	0	0	0	0	0	0	0	0	0	0	0	0	0	3.14620995876943	50.9165873771012	45.9372026641294	0.326696665228379	0	22.1598964433212	0	0	2.73685508229058	0.00616408802317697	74.7703877211367	16.28125	16.2575757576	18.4109875736	7.67441860465	1.81208441746	10.8510638298	6.86290322581	1.4786115007	1.40066945607	57.5581395349	86.7302688638	38.2978723404	62.9032258065	89.5511921459	90.5271966527	6.96666666667	2.64107485605	7.94230769231	1.60013717421	0.399509249646	0.244905384612	0.228639136104	0.197919528979	6.06666666667	1.23454894434	3.55769230769	0.646090534979	9.16666666667	3.2905950096	9.65384615385	1.94855967078	15.23333333334	2.935144609989	4.52514395394	-2	13.21153846154	-2	2.594650205759	1.58575078912	35.2941176471	55.1282051282	1.49759819158	2.82579287539	2.66553640388	9.4243198557	2.94117647058824	8.97435897435897	4.01243289064708	2.94117647058824	8.97435897435897	4.6058208533484	2.94117647058824	8.97435897435897	3.94650089479137	4.41867515537365	7.14285714285714	0.508797964808	0.000204311972372	0	0	0	0	0.0888	0	4.61764705882	4	4.49025148347	2.32558139534884	0	5.23255813953488	53.4883720930233	11.046511627907	27.906976744186	1.35877421220006	4.19196299508528	11.3905753107835	43.5096848800231	14.1659439144261	25.3830586874819	2.12765957446809	0	8.51063829787234	48.936170212766	31.9148936170213	8.51063829787234	0	1.51193633952255	2.28116710875332	8.48806366047745	44.9336870026525	14.1644562334218	28.6206896551724	2.17997907220091	1.34286710847576	5.80746424834322	46.581792814789	11.6498081618416	32.4380885943495	0.850340136054422	5.8390022675737	19.6995464852608	37.4433106575964	14.5124716553288	21.6553287981859	0	0	3	0	0	0	2.41935483870968	0	4.03225806451613	54.8387096774194	3.2258064516129	35.4838709677419	0	0	0	0	0	0	1.69471715755026	3.17905563347359	11.1150070126227	43.9457690509584	12.8330995792426	27.2323515661524	1.8744769874477	2.30962343096234	10.7615062761506	43.163179916318	11.8661087866109	30.0251046025105	0	0	0	0	0	0	0	0	0	0	0	0	0	0	0	0.00616408802317697	0	0	0	0	0	0	0	0	0	0	0	0	0	0	0	0	0	0	0	0	0	0	0	0	0	0	0	0	-2	-2	0	0	0	0	0	0	0	0	0	0	0	0	0	0	0	0	0	0	0	0	0	0	0	0	0	3	0	0	0	0	0	0	0	0
