"X.3"	"X.4"	"Percentage_unique_BCRs_per_isotype..Class_switched"	"Percentage_unique_BCRs_per_isotype..IGHD.IGHM_mutated"	"Percentage_unique_BCRs_per_isotype..IGHD.IGHM_unmutated"	"Percentage_unique_BCRs_per_isotype_group..IGHA1"	"Percentage_unique_BCRs_per_isotype_group..IGHA2"	"Percentage_unique_BCRs_per_isotype_group..IGHD"	"Percentage_unique_BCRs_per_isotype_group..IGHE"	"Percentage_unique_BCRs_per_isotype_group..IGHG1"	"Percentage_unique_BCRs_per_isotype_group..IGHG2"	"Percentage_unique_BCRs_per_isotype_group..IGHG3"	"Percentage_unique_BCRs_per_isotype_group..IGHG4"	"Percentage_unique_BCRs_per_isotype_group..IGHM"	"Mean_CDR3_lengths..IGHA1"	"Mean_CDR3_lengths..IGHG2"	"Mean_CDR3_lengths..IGHM"	"Mean_SHM_per_BCR..Class_switched"	"Mean_SHM_per_BCR..IGHA1"	"Mean_SHM_per_BCR..IGHD"	"Mean_SHM_per_BCR..IGHG2"	"Mean_SHM_per_BCR..IGHG3"	"Mean_SHM_per_BCR..IGHM"	"Mean_SHM_per_BCR..expanded"	"Mean_SHM_per_BCR..unexpanded"	"Percentage_unmutated..Class_switched"	"Percentage_unmutated..IGHA1"	"Percentage_unmutated..IGHD"	"Percentage_unmutated..IGHG2"	"Percentage_unmutated..IGHG3"	"Percentage_unmutated..IGHM"	"Percentage_unmutated..expanded"	"Percentage_unmutated..unexpanded"	"Relative_class_switching_absolute..IGHA1.01.IGHA2.01"	"Relative_class_switching_absolute..IGHA1.01.IGHD.01"	"Relative_class_switching_absolute..IGHA1.01.IGHE.02"	"Relative_class_switching_absolute..IGHA1.01.IGHG1.03"	"Relative_class_switching_absolute..IGHA1.01.IGHG2.03"	"Relative_class_switching_absolute..IGHA1.01.IGHG2.04"	"Relative_class_switching_absolute..IGHA1.01.IGHG3.17"	"Relative_class_switching_absolute..IGHA1.01.IGHG3.18"	"Relative_class_switching_absolute..IGHA1.01.IGHG4.01"	"Relative_class_switching_absolute..IGHA1.01.IGHM.01"	"Relative_class_switching_absolute..IGHA2.01.IGHG2.03"	"Relative_class_switching_absolute..IGHD.01.IGHE.02"	"Relative_class_switching_absolute..IGHD.01.IGHG1.03"	"Relative_class_switching_absolute..IGHD.01.IGHG2.03"	"Relative_class_switching_absolute..IGHD.01.IGHG2.04"	"Relative_class_switching_absolute..IGHD.01.IGHG3.18"	"Relative_class_switching_absolute..IGHE.02.IGHG2.03"	"Relative_class_switching_absolute..IGHE.02.IGHG3.17"	"Relative_class_switching_absolute..IGHE.02.IGHG3.18"	"Relative_class_switching_absolute..IGHG1.03.IGHG2.03"	"Relative_class_switching_absolute..IGHG2.02.IGHG2.03"	"Relative_class_switching_absolute..IGHG2.03.IGHG2.04"	"Relative_class_switching_absolute..IGHG2.03.IGHG3.17"	"Relative_class_switching_absolute..IGHG2.03.IGHG3.18"	"Relative_class_switching_absolute..IGHG2.03.IGHG4.01"	"Relative_class_switching_absolute..IGHG2.04.IGHG3.18"	"Relative_class_switching_absolute..IGHG3.17.IGHG3.18"	"Relative_class_switching_absolute..IGHG3.18.IGHG4.01"	"FWR3_mm..IGHA1"	"FWR3_mm..IGHD_IGHM_mutated"	"FWR3_mm..IGHG2"	"FWR3_mm..IGHM"	"mean_CDR_FWR_ratio..IGHA1"	"mean_CDR_FWR_ratio..IGHD_IGHM_mutated"	"mean_CDR_FWR_ratio..IGHG2"	"mean_CDR_FWR_ratio..IGHM"	"mean_CDR_mm_per_BCR..IGHA1"	"mean_CDR_mm_per_BCR..IGHD_IGHM_mutated"	"mean_CDR_mm_per_BCR..IGHG2"	"mean_CDR_mm_per_BCR..IGHM"	"mean_FWR_mm_per_BCR..IGHA1"	"mean_FWR_mm_per_BCR..IGHD_IGHM_mutated"	"mean_FWR_mm_per_BCR..IGHG2"	"mean_FWR_mm_per_BCR..IGHM"	"Mean_mutations_per_BCR..IGHA1"	"Mean_mutations_per_BCR..IGHA2"	"Mean_mutations_per_BCR..IGHD"	"Mean_mutations_per_BCR..IGHD_IGHM_mutated"	"Mean_mutations_per_BCR..IGHE"	"Mean_mutations_per_BCR..IGHG1"	"Mean_mutations_per_BCR..IGHG2"	"Mean_mutations_per_BCR..IGHG3"	"Mean_mutations_per_BCR..IGHG4"	"Mean_mutations_per_BCR..IGHM"	"D5..IGHA1.01"	"D5..IGHG2.03"	"D5..IGHG3.18"	"D5..IGHM.03"	"D5..all"	"D10..IGHA1.01"	"D10..IGHG2.03"	"D10..IGHM.03"	"D10..all"	"D50..IGHA1.01"	"D50..IGHM.03"	"D50..all"	"V4_34_AVY_unmut..IGHA1"	"V4_34_AVY_unmut..IGHG2"	"V4_34_AVY_unmut..IGHM"	"V4_34_NHS_unmut..IGHA1"	"V4_34_NHS_unmut..IGHG2"	"V4_34_NHS_unmut..IGHM"	"V4_34_AVY_NHS_unmut..IGHA1"	"V4_34_AVY_NHS_unmut..IGHG2"	"V4_34_AVY_NHS_unmut..IGHM"	"V4_34_AVY_NHS_unmut..IGHDM"	"V4_34_AVY_NHS_unmut..class_switched"	"V_gene_replacement_clonal_expansion..d5_norm"	"V_gene_replacement_clonal_expansion..d5_secondary"	"V_gene_replacement_clonal_expansion..mean_clone_size_norm"	"V_gene_replacement_clonal_expansion..mean_clone_size_secondary"	"Relative_class_switching_normalised..IGHA1.IGHA2"	"Relative_class_switching_normalised..IGHA1.IGHD.M"	"Relative_class_switching_normalised..IGHA1.IGHE"	"Relative_class_switching_normalised..IGHA1.IGHG1"	"Relative_class_switching_normalised..IGHA1.IGHG2"	"Relative_class_switching_normalised..IGHA1.IGHG3"	"Relative_class_switching_normalised..IGHA2.IGHD.M"	"Relative_class_switching_normalised..IGHA2.IGHG2"	"Relative_class_switching_normalised..IGHD.M.IGHE"	"Relative_class_switching_normalised..IGHD.M.IGHG1"	"Relative_class_switching_normalised..IGHD.M.IGHG2"	"Relative_class_switching_normalised..IGHD.M.IGHG3"	"Relative_class_switching_normalised..IGHE.IGHG2"	"Relative_class_switching_normalised..IGHE.IGHG3"	"Relative_class_switching_normalised..IGHG1.IGHG2"	"Relative_class_switching_normalised..IGHG1.IGHG3"	"Relative_class_switching_normalised..IGHG2.IGHG3"	"mean_CDR3_charge..IGHA1"	"mean_CDR3_charge..IGHG2"	"mean_CDR3_charge..IGHG3"	"mean_CDR3_charge..IGHM"	"J_gene_freq_by_uniq_VDJ_Class_switched..IGHJ1"	"J_gene_freq_by_uniq_VDJ_Class_switched..IGHJ2"	"J_gene_freq_by_uniq_VDJ_Class_switched..IGHJ3"	"J_gene_freq_by_uniq_VDJ_Class_switched..IGHJ4"	"J_gene_freq_by_uniq_VDJ_Class_switched..IGHJ5"	"J_gene_freq_by_uniq_VDJ_Class_switched..IGHJ6"	"J_gene_freq_by_uniq_VDJ_IGHA1..IGHJ1"	"J_gene_freq_by_uniq_VDJ_IGHA1..IGHJ2"	"J_gene_freq_by_uniq_VDJ_IGHA1..IGHJ3"	"J_gene_freq_by_uniq_VDJ_IGHA1..IGHJ4"	"J_gene_freq_by_uniq_VDJ_IGHA1..IGHJ5"	"J_gene_freq_by_uniq_VDJ_IGHA1..IGHJ6"	"J_gene_freq_by_uniq_VDJ_IGHA2..IGHJ1"	"J_gene_freq_by_uniq_VDJ_IGHA2..IGHJ2"	"J_gene_freq_by_uniq_VDJ_IGHA2..IGHJ3"	"J_gene_freq_by_uniq_VDJ_IGHA2..IGHJ4"	"J_gene_freq_by_uniq_VDJ_IGHA2..IGHJ5"	"J_gene_freq_by_uniq_VDJ_IGHA2..IGHJ6"	"J_gene_freq_by_uniq_VDJ_IGHD..IGHJ1"	"J_gene_freq_by_uniq_VDJ_IGHD..IGHJ2"	"J_gene_freq_by_uniq_VDJ_IGHD..IGHJ3"	"J_gene_freq_by_uniq_VDJ_IGHD..IGHJ4"	"J_gene_freq_by_uniq_VDJ_IGHD..IGHJ5"	"J_gene_freq_by_uniq_VDJ_IGHD..IGHJ6"	"J_gene_freq_by_uniq_VDJ_IGHD.IGHM_mutated..IGHJ1"	"J_gene_freq_by_uniq_VDJ_IGHD.IGHM_mutated..IGHJ2"	"J_gene_freq_by_uniq_VDJ_IGHD.IGHM_mutated..IGHJ3"	"J_gene_freq_by_uniq_VDJ_IGHD.IGHM_mutated..IGHJ4"	"J_gene_freq_by_uniq_VDJ_IGHD.IGHM_mutated..IGHJ5"	"J_gene_freq_by_uniq_VDJ_IGHD.IGHM_mutated..IGHJ6"	"J_gene_freq_by_uniq_VDJ_IGHD.IGHM_unmutated..IGHJ1"	"J_gene_freq_by_uniq_VDJ_IGHD.IGHM_unmutated..IGHJ2"	"J_gene_freq_by_uniq_VDJ_IGHD.IGHM_unmutated..IGHJ3"	"J_gene_freq_by_uniq_VDJ_IGHD.IGHM_unmutated..IGHJ4"	"J_gene_freq_by_uniq_VDJ_IGHD.IGHM_unmutated..IGHJ5"	"J_gene_freq_by_uniq_VDJ_IGHD.IGHM_unmutated..IGHJ6"	"J_gene_freq_by_uniq_VDJ_IGHE..IGHJ1"	"J_gene_freq_by_uniq_VDJ_IGHE..IGHJ2"	"J_gene_freq_by_uniq_VDJ_IGHE..IGHJ3"	"J_gene_freq_by_uniq_VDJ_IGHE..IGHJ4"	"J_gene_freq_by_uniq_VDJ_IGHE..IGHJ5"	"J_gene_freq_by_uniq_VDJ_IGHE..IGHJ6"	"J_gene_freq_by_uniq_VDJ_IGHG1..IGHJ1"	"J_gene_freq_by_uniq_VDJ_IGHG1..IGHJ2"	"J_gene_freq_by_uniq_VDJ_IGHG1..IGHJ3"	"J_gene_freq_by_uniq_VDJ_IGHG1..IGHJ4"	"J_gene_freq_by_uniq_VDJ_IGHG1..IGHJ5"	"J_gene_freq_by_uniq_VDJ_IGHG1..IGHJ6"	"J_gene_freq_by_uniq_VDJ_IGHG2..IGHJ1"	"J_gene_freq_by_uniq_VDJ_IGHG2..IGHJ2"	"J_gene_freq_by_uniq_VDJ_IGHG2..IGHJ3"	"J_gene_freq_by_uniq_VDJ_IGHG2..IGHJ4"	"J_gene_freq_by_uniq_VDJ_IGHG2..IGHJ5"	"J_gene_freq_by_uniq_VDJ_IGHG2..IGHJ6"	"J_gene_freq_by_uniq_VDJ_IGHG3..IGHJ1"	"J_gene_freq_by_uniq_VDJ_IGHG3..IGHJ2"	"J_gene_freq_by_uniq_VDJ_IGHG3..IGHJ3"	"J_gene_freq_by_uniq_VDJ_IGHG3..IGHJ4"	"J_gene_freq_by_uniq_VDJ_IGHG3..IGHJ5"	"J_gene_freq_by_uniq_VDJ_IGHG3..IGHJ6"	"J_gene_freq_by_uniq_VDJ_IGHG4..IGHJ2"	"J_gene_freq_by_uniq_VDJ_IGHG4..IGHJ3"	"J_gene_freq_by_uniq_VDJ_IGHG4..IGHJ4"	"J_gene_freq_by_uniq_VDJ_IGHG4..IGHJ5"	"J_gene_freq_by_uniq_VDJ_IGHG4..IGHJ6"	"J_gene_freq_by_uniq_VDJ_IGHGP..IGHJ1"	"J_gene_freq_by_uniq_VDJ_IGHGP..IGHJ2"	"J_gene_freq_by_uniq_VDJ_IGHGP..IGHJ3"	"J_gene_freq_by_uniq_VDJ_IGHGP..IGHJ4"	"J_gene_freq_by_uniq_VDJ_IGHGP..IGHJ5"	"J_gene_freq_by_uniq_VDJ_IGHGP..IGHJ6"	"J_gene_freq_by_uniq_VDJ_IGHM..IGHJ1"	"J_gene_freq_by_uniq_VDJ_IGHM..IGHJ2"	"J_gene_freq_by_uniq_VDJ_IGHM..IGHJ3"	"J_gene_freq_by_uniq_VDJ_IGHM..IGHJ4"	"J_gene_freq_by_uniq_VDJ_IGHM..IGHJ5"	"J_gene_freq_by_uniq_VDJ_IGHM..IGHJ6"	"J_gene_freq_by_uniq_VDJ_expanded..IGHJ1"	"J_gene_freq_by_uniq_VDJ_expanded..IGHJ2"	"J_gene_freq_by_uniq_VDJ_expanded..IGHJ3"	"J_gene_freq_by_uniq_VDJ_expanded..IGHJ4"	"J_gene_freq_by_uniq_VDJ_expanded..IGHJ5"	"J_gene_freq_by_uniq_VDJ_expanded..IGHJ6"	"J_gene_freq_by_uniq_VDJ_unexpanded..IGHJ1"	"J_gene_freq_by_uniq_VDJ_unexpanded..IGHJ2"	"J_gene_freq_by_uniq_VDJ_unexpanded..IGHJ3"	"J_gene_freq_by_uniq_VDJ_unexpanded..IGHJ4"	"J_gene_freq_by_uniq_VDJ_unexpanded..IGHJ5"	"J_gene_freq_by_uniq_VDJ_unexpanded..IGHJ6"
"ISO5_10_D1"	0.25	0.751879699248	54.5195457058999	36.7374197115998	8.74303458250032	33.2591409541933	0.00509718635313307	2.73379094739704	0.173304336006524	0.00764577952969961	19.9894658148702	1.11373521815958	0	42.7178197634906	17.0184067592	16.9995340168	16.7314301552	12.9754211069	12.9009483667	8.45904761905	13.1830258303	9.74881516588	9.35034013605	12.8283005618	10.450747179	11.3784805775	12.2497365648	33.1428571429	9.37269372694	29.3838862559	24.2176870748	10.8146067416	22.2781335773	0.0127	0.05	0	0	1.0452	0	0	0.0263	0	0	0	0	0	0.0162	0	0.0012	0	0	0	0	0	0	0	0.0086	0	0	0	0	5.89663684048133	4.3650644046497	6.16382575757576	4.12655472636816	0.400455223494025	0.396998469259236	0.388379263200237	0.387963757315249	5.25856217216908	4.229657555765	5.28645833333333	3.98507462686567	8.18913915458192	6.33961671379202	8.55445075757576	5.98227611940298	13.447701326751	-2	8.10526315789474	10.569274269557	-2	-2	13.8409090909091	9.59119496855346	-2	9.96735074626866	4.9071082391	7.33566211496	28.5714285714	3.08947108255	2.93285107721	8.56219709208	13.4010797078	4.9925852694	5.10300361692	23.788368336	12.8769154721	14.3811920113	0.201938610662359	0.315955766192733	0.667160859896219	0.262520193861066	0.0631911532385466	0.568322213985668	0.100969305331179	0.0315955766192733	0.518902891030393	0.527643955035559	0.0718735026353618	0.627259196258	1.16946629811	0.000158037414116	0.000695880772428	0	0.0578	0	0	0.2394	0.0412	0	0	0	0	0.0392	0.003	0	0	0	0	0.0158	4.38570274637	4.40063191153	4.54545454545	4.42377069434	2.45788930904091	3.07665864558267	11.1378480577518	54.932966655208	12.873839807494	15.5207975249227	2.16016859852476	3.29293993677555	10.0105374077977	56.190727081138	13.2507903055848	15.0948366701791	0	0	0	1	0	15	4.38095238095238	1.14285714285714	4.95238095238095	61.7142857142857	7.42857142857143	20.3809523809524	2.80283505154639	2.57731958762887	11.1146907216495	57.5386597938144	8.82731958762887	17.139175257732	1.44628099173554	4.54545454545455	24.1735537190083	41.5289256198347	12.396694214876	15.9090909090909	0	0	51.7241379310345	44.8275862068966	3.44827586206897	0	0	1	0	5	0	0	2.76752767527675	3.24723247232472	10.2952029520295	56.6420664206642	12.7675276752768	14.280442804428	0.4739336492891	3.7914691943128	22.2748815165877	45.0236966824645	12.3222748815166	16.1137440758294	0	0	0	0	0	0	0	0	0	0	0	2.42630385487528	3.19727891156463	11.4965986394558	57.891156462585	10.2040816326531	14.7845804988662	2.73876404494382	2.94943820224719	11.2008426966292	56.7415730337079	13.6587078651685	12.7106741573034	2.42451967063129	3.00396462336078	12.061604147606	54.391582799634	10.582494663007	17.5358340957609
"MERGE_ISO_17_D1"	0.5	0.997506234414	78.592670918283	17.65935300532	3.74797607639692	46.0547026296489	0.00741674701475933	2.21595919140976	0.142566359283707	0.0346114860688769	29.5746907628536	2.81589161660362	0.000824083001639925	19.1533371241151	16.225836952	15.795843919	15.7046378418	20.7704428145	20.8767036519	19.9217226692	20.5919570574	20.9979977753	17.7155471108	20.8352179034	17.615517953	1.94391620634	1.74296697536	4.42025556081	1.84354100669	1.54987022618	6.60556611155	1.47035728308	9.54189021874	0	0.0015	0	0	0.0321	0	0	0.0028	0	0	0	0	0	0.0032	0	1e-04	0	0	0	0	0	2e-04	0	0.0026	0	0	0	0	11.0606867756101	7.41411378555799	10.5783224945806	7.02020602218701	0.331912478312724	0.363188925528173	0.340717097640747	0.358539623064038	7.11971780289396	5.80342815463166	7.24282141070535	5.52753565768621	14.5297674753437	10.0696571845368	13.9443054860764	9.54120443740095	21.6494852782377	-2	16.0213675213675	15.8730853391685	18.1666666666667	17.35	21.1871268967817	22.8826040554963	-2	15.0687400950872	2.38224147266	5.19538853122	9.12593306044	1.89913105796	2.4633667232	4.16892257715	7.49812846234	3.02785989429	3.99458278938	11.6596069939	8.94920720236	9.6728932053	0.792665456976411	0.809981834966201	1.66606950913651	0.70034699009964	0.595574878651619	1.72877104980294	0.372457262916627	0.300765313719067	1.23611608742386	1.28516573936212	0.354107648725212	0.675801516562	1.43674338167	3.31702273455e-05	0.000104246813627	0	0.0044	0	0	0.0044	0.0016	0	0	0	0	0.0026	0.001	0	0	0	0	0.0034	4.35651066539	4.38484677011	4.45655836342	4.48929499239	2.98077213317637	5.08466902109934	10.842464306197	52.8041896827553	12.943342690694	15.3445621660781	2.8743665909488	5.66355058535733	10.215359077407	53.0622051371658	13.3824043333916	14.8021142757295	0	0	0	15	2	2	3.18031235210601	11.859914813062	7.07998106956933	50.8755324183625	12.3142451490771	14.690014197823	2.63674270296787	4.54991415256316	10.9026244787834	49.3009565857248	12.570517537405	20.0392445425558	1.97889182058047	5.27704485488127	19.7889182058047	43.2717678100264	13.0606860158311	16.622691292876	0	0	12	12	16	60	0	0	15.5763239875389	80.3738317757009	3.11526479750779	0.934579439252336	3.22289686730025	5.67801830341429	10.3132699753608	54.5318549806406	13.1973776839141	13.0565821893699	3.85613644790508	9.97404523544679	9.79606970708194	50.6933629959214	11.7760474601409	13.9043381535039	0	0	0	0	18	0.332225913621262	0	0.332225913621262	13.2890365448505	75.7475083056478	10.2990033222591	3.13326627174844	6.48261987258299	8.43858276517268	56.7601803211505	14.0643046086211	11.1210461607243	3.13898704358068	5.61248527679623	10.6183745583039	53.6611700039262	12.9132312524539	14.0557518649391	2.50103177878663	3.80107304993809	11.6137020222864	49.525381758151	12.8848534874123	19.6739579034255
"ISO5_45_B7"	1.25	4.12147505423	98.4198000951928	1.30414088529272	0.276059019514517	66.0853991893675	0.150815345461401	0.122537468187388	0.103685550004713	0	31.2187765105099	0.867188236403054	0.00942595909133754	1.44217174097464	16.855887522	16.9493464052	17.75401322	17.117185643	17.1763085399	6.26845637584	16.6493447808	22.3643410853	8.27368818422	16.6559558585	9.829218107	5.27691942001	5.62770562771	58.6129753915	4.47356529598	0.77519379845	43.0351075878	4.99837715028	41.2110523222	0.0313	0.1253	0	0	0.4968	0	0	0	0	0	3e-04	0	0	0.013	0	0	0	0	0	0	0	0	0	0.0576	0	0	0	0	7.97022222222222	4.94666666666667	7.51515151515152	4.18564527260179	0.395288810292523	0.363036633714319	0.40836933489443	0.340635771902262	7.02844444444444	4.41960784313726	6.97190082644628	3.70807453416149	11.0853333333333	7.06509803921569	10.3774104683196	5.97653554175293	18.1137777777778	-2	5.9	11.4847058823529	-2	-2	17.3493112947658	18.7777777777778	-2	9.68461007591442	4.736328125	8.07669959326	61.3333333333	4.01836969001	3.1431788328	8.7646484375	15.1946542708	7.50095675469	5.85475699005	28.8818359375	22.7707615767	18.6901857759	0	0	0.573394495412844	0.0484966052376334	0	0.802752293577982	0	0	0.573394495412844	0.613915416098226	0	1.00262224279	0.616998303255	0.000302277076806	0.000854305342968	0	0.12	0	0	0.0774	0	0	0	0	0	0.0304	0	0	0	0	0	0.658	4.56231813773	4.48761261261	4.49333333333	4.44418960245	2.37699072973615	0.808176848110292	13.0972189208462	56.738768718802	9.62681245543142	17.3520323270739	2.91223927587564	1.02321920503739	12.1212121212121	58.0873671782763	9.68122786304605	16.1747343565525	0	0	0	90.9090909090909	0	9.09090909090909	2.01342281879195	1.56599552572707	7.82997762863535	60.6263982102908	6.04026845637584	21.923937360179	3.28697850821745	2.275600505689	7.64854614412137	53.0341340075853	12.1997471554994	21.5549936788875	1.15273775216138	5.61959654178674	22.7665706051873	39.193083573487	12.9682997118156	18.299711815562	0	0	0	19	0	0	0	0	0	0	0	0	2.25937641211026	0.361500225937641	11.6131947582467	56.8910980569363	9.94125621328513	18.933574333484	0	0	24.8062015503876	63.5658914728682	6.97674418604651	4.65116279069767	0	0	100	0	0	0	0	0	0	0	0	2.26500566251416	2.56700641751604	11.9667799169498	54.6243865609664	11.8535296338241	16.7232918082295	2.53164556962025	0.68159688412853	11.9441739694904	58.5199610516066	9.25024342745862	17.0723790976956	2.4103468547913	2.58671369782481	13.5802469135802	49.8236331569665	11.8459729570841	19.7530864197531
"MERGE_ISO_46_E7"	1.25	3.66748166259	20.3183475326132	8.91895289578277	70.762699571604	8.73578248036228	0.000961455258679537	11.4163197415608	0.0346123893124633	0.00865309732811584	8.68097953061754	2.79975771327481	0	68.3229335922853	16.51248	16.1239278886	15.943814759	14.8098545663	14.9770414735	13.9697999583	14.7593127589	14.7447006628	13.2367125235	15.0540262374	10.4534658265	9.10915346122	8.17072385368	11.3257609635	8.8381406582	8.46524620693	14.6268000068	7.98795661925	28.8940054936	0	0.0068	0	0	0.1299	3e-04	0	0.0261	0	0	0	0	0	0.0194	0	0.0031	0	0	0	0	0	0.001	0	0.0362	0	1e-04	0	0	8.18925	5.87141113410816	7.81176303047565	5.48094999721898	0.334544452799609	0.363905644767096	0.333827957699931	0.357852216889105	5.54133333333333	4.72079817438837	5.25710623753916	4.3952388898159	10.7382916666667	8.00153903306268	10.2465964112788	7.45169364258301	16.279625	-2	11.3220271348763	12.722337207451	-2	22.4166666666667	15.503702648818	15.6562327379856	-2	11.8469325323989	5.47386150159	8.53424218857	19.2232739421	6.60837397007	4.07661090402	9.72339185075	13.0838556201	10.1858079704	6.46565179867	22.3391850748	20.9601479738	17.7350937437	2.22107103542058	1.52445961319681	2.68168635198184	3.18590947354789	2.05233219567691	3.77033331932243	1.63828271708865	1.08077360637088	2.39166071203396	2.78829731937328	1.27628451270799	0.934849867563	2.41948049057	2.82047169568e-05	0.000190423445647	0	0.0154	0	0	0.0198	0.025	0	0	0	0	0.019	0.017	0	0	0	0	0.024	4.35757772021	4.37815757134	4.03311995547	4.54718567405	3.41300041701418	4.28873019182652	12.9574124270225	53.3256880733945	11.9943703085905	14.0207985821518	3.82373776403915	3.9943972179289	12.0588614116435	54.3035162287481	12.6110896445131	13.2083977331273	1.64835164835165	1.0989010989011	1.64835164835165	93.956043956044	0	1.64835164835165	5.25295888859076	4.44802194198491	12.6494350535134	52.6935575231792	12.0084667441791	12.9475598485526	3.49075975359343	5.61881650177338	9.8469292514467	52.5760686951652	11.6669777860743	16.800448011947	2.1630615640599	6.53078202995008	22.0049916805324	43.9683860232945	13.7687188019967	11.5640599001664	0	0	1.0752688172043	98.9247311827957	0	0	4.54545454545455	59.0909090909091	0	31.8181818181818	4.54545454545455	0	3.45454823374757	4.15157212515859	13.1593830727137	53.6479112211675	11.9457055074059	13.6408798398068	5.01999233170839	2.36347702251191	12.5184860601413	53.8067590513228	10.7027441529276	15.588541381388	0	0	0	0	0	0	0	0	0	100	0	3.8377582618407	3.84452679493037	12.4811750173444	56.5206355652571	11.768786909657	11.5471174509704	3.59458047866294	4.33807490245476	12.9558511782236	53.5285262220037	11.8283203785063	13.7546468401487	2.84779447406689	4.95233478752626	12.4939408628211	51.5592179673614	12.4616254645339	15.6850864436904
"ISO5_46_H1"	0.75	5.62347188264	61.8962847176993	29.1737223741913	8.92999290810936	29.043130575363	0.0375299517884465	2.6400877623488	0.00505210889459857	0.0483558994197292	31.3678223967205	1.47665925690695	0.000721729842085511	35.3806403187159	17.7166831194	17.480010805	18.0618756043	17.8466050924	17.5451485149	11.7202255109	17.7850216629	18.2894736842	7.57825407457	18.0730775907	9.01912951913	5.29206190714	4.33663366337	30.3735024665	5.50856199711	5.98086124402	52.1098459478	4.1659434126	49.3330993331	0.0161	0.0709	0.0039	0	0.5994	0	0	0.0057	0	0	7e-04	0	0	0.044	0	0	0.0236	0	0	0	0	0.1707	0	0.049	0	0	0	0	8.33483483483483	5.08515448379804	8.3703399122807	3.47355473554736	0.376563482347031	0.343111932027037	0.376809479409545	0.315435281487192	6.82882882882883	4.34890730972118	7.35389254385965	2.97785977859779	11.2264764764765	7.2629992464205	11.5564692982456	4.94218942189422	18.0553053053053	21.5714285714286	10.2483660130719	11.6119065561417	-2	-2	18.9103618421053	20.0724637681159	-2	7.920049200492	9.2886694248	12.9456706282	55.0925925926	2.48726400959	5.22882693319	14.586947818	20.1612903226	4.49505543902	10.136770121	34.89923929	11.7171111777	24.9237243556	0.253569998665421	0.232399179767601	2.18628331835879	0.41371947150674	0.355434039644566	2.42587601078167	0.160149472841319	0.0820232399179768	2.12638514525307	2.13631739572737	0.119426751592357	1.74535299764	1.69299240771	0.00015760467423	0.00116332214631	0	0.0712	0	0	0.0814	0.018	0	0	0	0	0.0396	0	0	0	0	0	0.2896	4.48164953957	4.48667122351	4.52314814815	4.4126984127	3.30753869196206	4.39340988517224	14.4408387418872	52.1967049425861	13.5047428856715	12.1567648527209	2.77227722772277	4.65346534653465	10.0792079207921	57.3267326732673	11.6831683168317	13.4851485148515	0	27.5	9.16666666666667	55	0	8.33333333333333	4.79210711768851	0.98661028893587	7.25863284002819	56.800563777308	9.09090909090909	21.0711768851304	3.22420634920635	2.82738095238095	6.49801587301587	54.4642857142857	10.8134920634921	22.172619047619	1.3277428371768	4.54227812718379	24.3186582809224	43.3263452131377	11.0412299091544	15.4437456324249	0	0	22.3300970873786	36.8932038834951	25.2427184466019	15.5339805825243	0	4	0	1	0	0	3.85805652981225	3.46606148132866	17.1239942232309	49.2263255622034	15.6179079843202	10.7076542191046	0.239234449760766	4.06698564593301	47.1291866028708	31.3397129186603	10.2870813397129	6.9377990430622	0	0	0	0	0	0	0	69.5652173913043	30.4347826086957	0	0	3.8624693011833	2.90243357892387	13.2618888144675	50.5469970975664	13.6191114087966	15.8070997990623	3.54105190071168	4.4263148758896	15.2924839437598	51.5535497309495	13.591390383614	11.5952091650755	2.54475254475254	3.84345384345384	13.2502632502633	51.4215514215514	11.8462618462618	17.0937170937171
"ISO5_47_E1"	0.5	2.47524752475	78.6553375912409	14.0944343065693	7.25022810218978	53.2308727843841	0.0022436616558223	3.17253758133274	1.17006955351133	0.0325330940094234	23.3497868521427	1.01750056091541	0.00336549248373345	18.0210904195647	16.5109809663	16.7816642121	16.8610634648	15.3588223671	15.3638624119	11.3355481728	14.9814696486	15.4863221884	9.74716592236	15.0093847758	11.8492259367	7.6071922545	8.12266887692	29.2358803987	7.69968051118	10.9422492401	26.8636207489	7.16023635732	21.785954678	0	0.0247	0.0161	0	0.5031	0	0	7e-04	0	0	0	0	0	0.034	0	0.01	0.0207	0	0	0	0	0.0742	0	0.0429	0	0	0	0	7.28599900348779	4.98895899053628	7.09715994020927	4.58158158158158	0.385537742496148	0.373722563121484	0.371007975233534	0.36601592232628	6.08171400099651	4.25657202944269	5.87443946188341	3.88838838838839	9.96711509715994	6.98527865404837	9.93497757847534	6.37287287287287	16.0488290981565	-2	10.1214953271028	11.2418506834911	16	-2	15.8094170403587	16.7543859649123	-2	10.2612612612613	12.697466468	10.3315168029	34.7169811321	3.98965644625	6.05701794335	16.870342772	15.5767484105	6.61248614703	9.02632298023	33.8599105812	18.322866642	19.5099735859	0.0894187779433681	0.112208258527828	0.591060214259328	0.178837555886736	0.0673249551166966	0.701884004432952	0.0894187779433681	0	0.406353897303288	0.384884534639608	0.0369685767097967	2.15434960458	0.531769839106	0.000234627793008	0.000639440301665	0	0.0992	0	0	0.096	0.0026	0	0	0	0	0.0314	0.036	0	0	0	0	0.0754	4.41967213115	4.39048473968	4.64419475655	4.48429996306	2.0154119739182	2.05492985575973	11.4799446749654	52.6180596720016	11.9936771389054	19.8379766844497	2.19643597181931	1.20182345627849	12.3497720679652	50.5594695399917	12.8885205138831	20.8039784500622	0	0	3	3	1	0	0.664451827242525	1.32890365448505	4.98338870431894	48.1727574750831	6.31229235880399	38.5382059800664	2.57759074171489	3.68227248816412	14.8342977380326	51.3940031562336	10.4681746449237	17.0436612309311	1.61290322580645	6.18279569892473	25	40.8602150537634	13.4408602150538	12.9032258064516	0	0	9.2436974789916	67.2268907563025	12.6050420168067	10.9243697478992	0	9	0	0	0	0	1.40575079872204	1.98083067092652	9.96805111821086	54.7923322683706	12.3003194888179	19.5527156549521	1.51975683890578	1.51975683890578	2.12765957446809	44.6808510638298	8.51063829787234	41.6413373860182	0	0	0	0	0	0	0	0	1	7	0	2.30161456544143	3.05736860185503	13.9127447612504	53.0401923737547	10.4774991411886	17.2105805565098	1.70316301703163	1.14702815432742	12.5130344108446	53.9103232533889	11.8526242613834	18.873826903024	2.42315458828809	3.67960511554858	13.3722234687009	50.2804577069778	11.5548575274849	18.6897015929998
"ISO4_47_E7"	0.75	1.97530864198	68.9360311845159	13.2635587300872	17.8004100853969	44.0299665314626	0.00221645942771018	3.25597889930625	0.423343750692644	0.00554114856927544	22.8317485648425	1.84741893299643	0	27.6037857127025	16.34542339	16.9026040599	16.2856004251	16.2891113892	16.5146114784	12.4962742176	15.4274014274	15.2910714286	11.6950009024	15.8645851155	11.4514658783	6.16743151161	5.31762000575	17.2131147541	6.92640692641	16.0714285714	21.2326294893	5.78272027374	28.3936930278	0	0.0163	0	0	0.251	0	0	0.0299	0	0	0	0	0	0.0111	0	8e-04	0.0024	0	0	0	0	0	0	0.0122	0	0	0	0	8.24124457308249	5.43993532740501	7.42854171000624	4.92290076335878	0.382748138112481	0.381833378429448	0.370440912169242	0.366731351853676	6.8520984081042	5.03880355699272	6.03827751196172	4.57282442748092	11.2422575976845	7.61552142279709	10.1857707509881	6.8993893129771	18.0943560057887	-2	14.0186567164179	12.6543249797898	15.25	-2	16.2240482629499	17.0445544554455	-2	11.472213740458	8.86877828054	6.12244897959	13.321799308	5.95951249742	4.51942592056	13.4338863751	11.4113250934	9.36789919438	6.7483328501	28.3559577677	22.9291468705	17.443461873	1.08542713567839	1.15466856735567	1.32094943240454	0.723618090452261	1.04062722736992	1.23839009287926	0.492462311557789	0.784034212401996	1.06295149638803	1.08403779214321	0.700335933496555	2.36773021002	1.00464458805	0.000110926664829	0.000455051084266	0	0.0406	0	0	0.0538	0.0522	0	0	0	0	0.0362	0.008	0	0	0	0	0.0248	4.42693467337	4.4325017819	4.70761245675	4.5782249742	2.07898762341816	3.50438047559449	11.8759560561813	51.9677374495898	17.3967459324155	13.1761924628007	2.15579189422248	2.80732011114305	10.8747724441889	51.7006802721088	20.3315128868449	12.1299223914918	0	0	100	0	0	0	1.63934426229508	1.8628912071535	3.57675111773472	56.929955290611	24.441132637854	11.5499254843517	3.64353678347644	4.50220468786261	11.9981434207473	54.5834300301694	10.2111858899977	15.0614991877466	1.96956132497762	8.86302596239928	24.8880931065354	40.8236347358997	10.4744852282901	12.9811996418979	0	3.34448160535117	25.0836120401338	41.1371237458194	25.752508361204	4.68227424749164	0	0	0	100	0	0	1.91880191880192	2.51550251550252	9.1026091026091	53.4222534222534	21.996021996022	11.044811044811	1.78571428571429	5.17857142857143	14.9107142857143	26.4285714285714	29.4642857142857	22.2321428571429	0	0	0	0	0	0	0	8	0	0	0	2.7973290019852	3.07706190218372	10.7020393430789	53.5101967153943	19.4188774589424	10.4944955784154	2.43798118049615	3.60992301112062	11.6509837467921	51.5911035072712	18.3147989734816	12.3952095808383	2.37743286523774	4.61936437546194	14.0551860064055	52.3651145602365	11.3082039911308	15.2746982015275
"ISO4_48_A4"	1.25	1.41843971631	60.7718003689485	26.5443486064716	12.6838510245799	34.6477340193944	0.00494755590738175	1.75143479121314	0.0989511181476351	0.00494755590738175	24.1292301603008	2.12250148426677	0	37.2402533148625	17.1320153061	16.1003201708	17.6420409248	22.4295302013	22.6491862568	9.36676499508	22.4580479452	20.6266666667	5.61220520301	22.2182952183	6.74259186092	4.43698732289	3.13441832429	56.3421828909	5.47945205479	5.33333333333	65.5239484561	2.96257796258	64.3421572501	0.0259	0.1977	0	0	0.1239	0	0	0.0272	0	0	0	0	0	0.0465	0	0.0104	0.0567	0	0	0.0022	0	0	0	0	0	0	0	0	11.349319507453	4.81148002250985	10.9825517993457	3.57887759611136	0.352505760858395	0.310843153528982	0.371135117098919	0.273040969692656	8.15748541801685	3.7771525042206	8.77535441657579	2.73133009279717	15.3279325988334	6.65109735509285	14.763358778626	4.91869200176756	23.4854180168503	-2	6	10.4282498593134	-2	-2	23.5387131952017	20.5596330275229	-2	7.65002209456474	10.0882723834	15.7822191592	47.1264367816	2.02173363659	3.48057354302	16.6456494325	28.1874569263	3.51276219358	6.04764107308	47.0786044557	9.5526914329	19.091119334	0.126103404791929	0.274348422496571	1.0611419909045	0.210172341319882	0.205761316872428	1.11167256189995	0.126103404791929	0.205761316872428	1.01061141990905	0.972132209980557	0.149588631264024	1.23103349556	0.60120240481	0.000198982843765	0.000957580185001	0	0.0724	0	0	0.0522	0.1108	0	0	0	0	0.0324	0.0172	0	0	0	0	0	4.27742749054	4.37174211248	4.87931034483	4.48105103588	2.72184936614467	1.60328113348248	11.8195376584638	55.0335570469799	15.3989560029828	13.4228187919463	4.09885473176612	2.29053646775166	13.4418324291742	57.6853526220615	9.22242314647378	13.2610006027728	35.1351351351351	0	0	64.8648648648649	0	0	1.76991150442478	1.86823992133727	15.4375614552606	50.3441494591937	12.8810226155359	17.6991150442478	2.68065268065268	1.78710178710179	8.39160839160839	61.6161616161616	9.05205905205905	16.4724164724165	1.15606936416185	4.16184971098266	31.9653179190751	42.2543352601156	10.9248554913295	9.53757225433526	0	0	0	32.1428571428571	50	17.8571428571429	0	0	0	100	0	0	1.02739726027397	0.171232876712329	8.04794520547945	57.9623287671233	23.8013698630137	8.98972602739726	0	2	2	66	6	24	0	0	0	0	0	0	0	0	0	0	0	2.18818380743982	2.57719426209579	18.5995623632385	55.1422319474836	9.26331145149526	12.229516168247	2.65072765072765	1.66320166320166	11.1746361746362	55.6133056133056	16.2681912681913	12.6299376299376	2.19280916633742	2.5483998419597	17.2066376926116	53.7929672066377	10.3121295930462	13.9470564994073
"ISO4_48_H3"	0.75	2.9776674938	37.1314627545934	15.8951716279732	46.9733656174334	22.2474460839955	0.0567536889897843	9.39273552780931	0.0425652667423383	0.0141884222474461	13.294551645857	1.56072644721907	0	53.3910329171396	16.6418862225	16.5091255789	17.0043290043	14.5271117669	14.442362141	11.0415501398	14.8050862852	12.7848101266	7.95663007086	14.4025227926	7.77267971903	9.34157137588	8.34569232843	32.0015980823	7.93823796549	17.5105485232	37.8805575021	8.84226301986	41.4736212823	0	0.0112	0	0	0.2961	1e-04	0	0.028	0	0	0	0	0	0.0102	0	0	0.0012	0	0	0	0	0	0	0.0045	0	0	0	0	6.70992104359767	4.08868894601542	7.24313725490196	3.61894662424885	0.39556210181863	0.37582298895866	0.394804116267673	0.353885825782531	6.04806041881222	3.81285347043702	6.34901960784314	3.34052079651231	9.16151733607964	5.75025706940874	9.78711484593838	5.06716154118063	15.2095777548919	15.6666666666667	6.58333333333333	9.56311053984576	-2	-2	16.1361344537815	12.2364864864865	-2	8.40768233769294	11.3424009462	9.4919259551	32.9326923077	2.76024572919	4.90895577852	15.0443524542	14.5135880268	3.75326096104	7.04942400595	27.6404494382	9.31582933603	13.6900780379	0.473092844470727	0.21484375	1.47998654557686	0.272028385570668	0.2734375	1.48839556004036	0.141927853341218	0.13671875	1.30339724184326	1.31355277391439	0.149925037481259	2.43583150217	0.916358876058	7.32027802017e-05	0.000368663814039	0	0.033	0	0	0.0956	0.0566	0	0	0	0	0.008	0.0034	0	0	0	0	0.0206	4.3276167948	4.4625	4.85576923077	4.52842246889	3.65178900774622	2.60051641460716	10.5680560678716	56.6857248247879	9.9870896348211	16.506824050166	4.44923823648375	2.48078738034246	9.43777807738978	58.0018875556155	9.26250505595254	16.367803694216	0	0	0	17	1	0	8.19017179384738	1.3983220135837	6.43228126248502	57.0515381542149	8.62964442668797	18.298042349181	2.29166666666667	2.18137254901961	8.99509803921569	54.3259803921569	11.5196078431373	20.6862745098039	1.21593291404612	4.65408805031447	19.3710691823899	43.4381551362683	14.1299790356394	17.1907756813417	0	0	0	100	0	0	0	100	0	0	0	0	4.1780199818347	1.85286103542234	12.3342415985468	58.4377838328792	9.28247048138056	13.9146230699364	14.5569620253165	2.74261603375527	4.43037974683544	56.3291139240506	8.0168776371308	13.9240506329114	0	0	0	0	0	0	0	0	0	0	0	2.81865607724052	2.57727945184147	10.8385891146928	56.9337382231566	10.4959900334813	16.3357470995873	3.89659048332709	2.69763956538029	12.5764955663794	57.3997751967029	9.41676033470713	14.0127388535032	2.24181736661187	2.65281721715738	9.97608728142281	52.4585263787177	12.0011956359289	20.6695561201614
"ISO5_49_B9"	0.5	1.25313283208	45.9384143792671	26.2598114346756	27.8017741860573	27.5509732303851	0.0693513338573212	4.83147625872671	0.0138702667714642	0.00462342225715475	16.9679596837579	1.43326089971797	0	49.1284849045263	16.9805123898	16.9982770503	17.6409043113	17.5797983387	18.0022523675	14.3953162686	17.6964511619	17.9493339157	11.1980609883	18.671205786	6.58825447094	9.98978368054	8.01126183773	22.189372131	8.1430188428	4.89189779428	35.5094099098	4.99491467962	58.0942622951	2e-04	0.2071	0.0042	0	0.6669	0	2e-04	0.0557	0	0	0	6e-04	0	0.0896	0	0.0069	0.0168	1e-04	0.0488	0	0	0	0.0044	0.0394	0	0	0.0017	0	9.32991513437058	5.79224779669719	9.25759822090437	4.85717722534082	0.364730687769328	0.37822014867586	0.354501052755606	0.355149043670952	7.25822135785007	5.19945238298965	7.0344699777613	4.34226142742582	12.6132425742574	8.03174467356892	12.5422535211268	6.7121892542101	19.8714639321075	-2	10.8359462486002	13.2311970565586	24.9607843137255	-2	19.5767234988881	18.793867120954	-2	11.0544506816359	8.93185643274	12.7163151098	36.7346938776	7.30247561307	5.99565403775	12.7010841912	20.5510116229	9.5876569119	8.26619757868	31.1832165642	19.3035637946	18.3166048279	0.804656068122339	2.02272336030298	3.52286773794808	0.617163392054998	1.13616801514891	3.55377008652658	0.359360962462404	0.611120674814942	3.13658838071693	3.35016375545852	0.557760655822762	2.39724278785	1.08501404136	4.19118095152e-05	0.000337075246619	0	0.1262	0.0696	0	0.1992	0.118	0	0	0.0432	0	0.1174	0.0588	1.7582	5.369	0	0	0.2168	4.27120034374	3.96884145292	3.97644191714	4.47875463535	1.53244791898014	2.0388220139475	9.28352507440146	48.332074801226	16.5060187447253	22.3071114467197	1.49987202457128	1.70975172766829	9.10161249040184	49.5469669823394	16.4678781673919	21.6739186076273	0	0	0	0	0	100	0.840270753909593	1.11258072045437	6.86999144168677	47.9109935423636	16.587567104956	26.6785964366296	2.04864359214219	2.15154349859682	8.93358278765201	44.2843779232928	11.8334892422825	30.7483629560337	0.553041729512318	4.07239819004525	16.9767052119993	35.5287414110944	18.3676889559243	24.5014245014245	0	8.21033210332103	2.85977859778598	25.3690036900369	14.760147601476	48.8007380073801	0	7	0	0	0	0	1.37825421133231	1.68453292496172	6.46514415074239	49.6238098408682	18.0105200079899	22.8377388641055	1.02642498362088	1.0919414719371	6.02751692509282	54.9028172089976	13.2998471281939	23.6514522821577	0	0	0	0	0	0	0	0	0	0	0	1.21775302760911	2.01952430474018	10.3358046227649	46.91871582408	15.8374987419907	23.6707034788151	1.26567973782348	2.107582777715	10.3514521414849	49.2032998078879	16.0018081139112	21.0701774211775	1.73714605067064	2.60339046199702	10.3669895678092	42.0407973174367	15.1127049180328	28.1389716840537
"ISO5_50_E1"	0.75	1.67865707434	17.0368978262231	30.7085134373238	52.254588736453	10.0792695785935	0	13.9174554341219	0.00248105097319224	0.00124052548659612	5.45583109004975	1.33604594906402	0	69.2076763717111	17.1975374732	17.3427631579	17.1768707483	18.5585815603	17.6732380483	5.46825396825	19.1017045455	19.2848484848	11.0562800275	18.8746065058	14.1902212705	2.83687943262	2.16855593889	61.1111111111	3.52272727273	6.06060606061	30.4735758408	2.93809024134	19.664525339	0.0161	0.0116	0	0	0.6917	0	0	0.0129	0	0	0	0	0	0.042	0	0	0.1166	0	0.0061	0	0	0	0	0.0387	0	0	0.0189	0	7.92660550458716	5.95101553166069	9.05525965379494	5.31728665207877	0.377946426867167	0.391569287592493	0.368315782378275	0.377735807610035	6.87965461413923	5.73835125448029	7.46404793608522	5.10940919037199	11.1732325957906	8.64038231780167	12.7969374167776	7.71225382932166	18.0528872099298	-2	9.73333333333333	14.378733572282	15.3684210526316	-2	20.2609853528628	20.6190476190476	-2	12.8216630196937	8.53591160221	5.62021948786	28.901734104	4.58115183246	3.89702409069	13.1491712707	10.4090455604	8.18062827225	6.29428436467	32.7071823204	26.4397905759	17.9263108172	0.193370165745856	0.066511473229132	0.458115183246073	0.0552486187845304	0.033255736614566	0.458115183246073	0.0552486187845304	0	0.392670157068063	0.367197062423501	0.0439110070257611	1.35938827528	0.700934579439	0.000404923787654	0.000909526610461	0	0.0854	0	0	0.095	0.0192	0	0	0	0	0.0408	0.0454	0	0	0	0	0.1024	4.38093922652	4.46691054207	4.65536723164	4.56282722513	2.35460992907801	3.3758865248227	15.7730496453901	53.9290780141844	10.0141843971631	14.5531914893617	2.26712666338098	3.49926071956629	15.9191720059142	53.4253326761952	10.152784622967	14.7363233119763	0	0	0	5	0	1	1.58730158730159	1.58730158730159	16.6666666666667	56.3492063492063	11.1111111111111	12.6984126984127	1.91873589164786	3.38600451467269	11.3995485327314	56.2076749435666	9.0293453724605	18.058690744921	2.69360269360269	4.04040404040404	26.9360269360269	42.4242424242424	11.4478114478114	12.4579124579125	0	0	28.0701754385965	28.0701754385965	0	43.859649122807	0	0	0	0	0	0	2.44318181818182	1.93181818181818	15.625	54.0909090909091	10.1136363636364	15.7954545454545	10.3030303030303	8.48484848484848	4.84848484848485	56.3636363636364	7.87878787878788	12.1212121212121	0	0	0	0	0	0	0	0	0	0	0	1.57858613589568	3.2258064516129	15.9231297185999	53.2601235415237	8.37336993822924	17.6389842141386	1.94123819517314	2.72822665267576	17.4711437565582	54.9842602308499	8.65687303252886	14.2182581322141	2.53390435403283	3.89007851534618	14.418272662384	52.7123483226267	10.7780157030692	15.667380442541
"MERGE_ISO_CLL_21"	0.75	1.23456790123	84.2904907070508	5.65935686891533	10.0501524240338	43.1357292223897	0.0729465544910762	1.43947867529057	0.155619316247629	0.00972620726547683	38.9242814764383	2.12517628750669	0	14.1370422603706	17.3361433087	17.5596421471	17.0036196117	22.276099803	22.4545454545	22.5438438978	22.4455940679	22.6077044984	22.2029814526	22.5628064441	16.3632154882	0.470562486321	0.223970596681	0.550667384928	0.218428464678	0.0914299646471	1.60628647368	0.0875554517861	17.9292929293	0	0.001	0	0	0.001	0	0	2e-04	0	0	0	0	0	8e-04	0	0	0	0	0	0	0	0	0	8e-04	0	0	0	0	10.0651465798046	12.2370261116574	9.74974670719352	12.2072473404255	0.343943632932749	0.464027166605905	0.351964171760156	0.463518660304952	6.79261672095548	10.865126188135	6.84397163120567	10.8391622340426	13.0271444082519	12.5482901780837	12.8257345491388	12.4980053191489	19.8197611292074	-2	23.1804892601432	23.4134163662187	-2	-2	19.6697061803445	16.75	-2	23.3371675531915	11.7194183062	14.2642642643	38.5964912281	99.1221303949	97.1484857849	18.2207014542	25.2252252252	99.1423324151	97.305315204	44.0547476476	99.2295684114	97.7611248455	2.56629597946963	3.97301349325337	0.0192837465564738	1.11206159110351	0.374812593703148	0.0247933884297521	1.11206159110351	0.299850074962519	0.0183654729109275	0.0236565075109411	0.649350649350649	0.317818330941	83.4631945868	7.28803264806e-05	0.0183882197716	0	0.7684	0	0	0.6458	0.8652	0	0	0	0	0.6924	0.8166	0	0	0	0	1.006	4.36184773311	4.25787106447	4.74782608696	5.00437098255	0.235281243160429	0.481505799956227	1.19829284307288	94.5775880936748	1.74545852484132	1.76187349529438	0.126342387871131	0.390512835238041	0.786768506288405	96.4451846321714	1.22896686383736	1.02222477459369	0	0	0	0	0	0	0.0179565451607111	0.0778116956964147	0.107739270964266	98.9345783204645	0.377087448374933	0.484826719339199	1.61904761904762	2.0952380952381	2.85714285714286	75.4285714285714	6.47619047619048	11.5238095238095	1.0989010989011	2.1978021978022	21.978021978022	40.1098901098901	11.5384615384615	23.0769230769231	0	0	0	100	0	0	0	0	0	0	2	0	0.109214232338909	0.270161522101512	0.523078691728459	97.0972006667816	1.08064608840605	0.919698798643444	0.012190661952944	0.012190661952944	0.00609533097647202	99.7683774228941	0.109715957576496	0.0914299646470803	0	0	0	0	0	0	0	0	0	0	0	0.150228231351476	0.0751141156757381	0.346680533888022	98.2839313572543	0.629802969896574	0.5142427919339	0.0758813915479804	0.297688536072846	0.490310530002335	97.5134251692739	0.951435909409293	0.671258463693673	2.06228956228956	2.65151515151515	8.62794612794613	60.7744107744108	10.3114478114478	15.5723905723906
"MERGE_ISO_CLL_27"	0.5	1.4888337469	62.1367638337667	10.3188723142192	27.5443638520141	37.2763283704412	0.104721577198015	7.24400127487137	0.0591904566771388	0.0318717843646132	22.4377361926877	2.21736556936666	0.0045531120520876	30.6242316623412	16.5768972465	17.0896309315	16.01557472	23.6401311698	23.5693230805	23.4270918335	23.5008227192	23.4343746064	23.3793545238	23.4749244713	24.812272175	0.0565387007407	0.0349528137015	0.0125541397276	0.0365652995307	0.00629802242096	0.0610090903545	0.0483383685801	0.607533414338	0	0.0067	0	0	0.0101	0	0	0	0	0	0	0	0	0.0019	0	0	0	0	0	0	0	0	0	1e-04	0	0	0	0	12	10.4740841892774	12.6636851520572	10.4935324023425	0.369563332648755	0.402257152803302	0.358460774525782	0.401806897410838	9.23786739576213	9.80134180371668	9.24865831842576	9.79960100392561	16.2433356117567	14.5516831918304	16.7799642218247	14.5737177424545	25.4812030075188	-2	24.1111963190184	24.3530249955471	-2	-2	26.0286225402504	25.2931034482759	-2	24.3733187463801	31.9002123142	28.5106382979	61.1940298507	99.6713050781	98.3083052406	34.4479830149	35.0354609929	99.6937490045	98.4022882828	46.6029723992	99.7596327884	98.624306194	1.00742311770944	0.141643059490085	0.00216759873412234	0.583244962884411	0.141643059490085	0.00144506582274823	0.31813361611877	0	0	0.000692204394113494	0.225648740127868	0.329742800616	87.1015607826	9.17248382739e-05	0.0117776800762	0	1.2302	0	0	1.768	0.991	0	0	0	0	1.0936	1.0054	0	0	0	0	0.9666	4.48303287381	4.45467422096	4.83582089552	4.99968931085	0.163962232147905	0.457963475999322	1.12512014473907	94.1934754339345	1.21558206592412	2.84389664725505	0.157287661656763	0.320400792263777	0.809740184084819	95.9396481416754	0.93790050099033	1.83502271932891	0	0	0	0	0	0	0.0125541397275752	0.0188312095913628	0.169480886322265	99.7112547862658	0.00627706986378758	0.0816019082292386	1.18110236220472	0.590551181102362	1.77165354330709	89.5669291338583	2.36220472440945	4.52755905511811	0	0	0	1	0	0	0	0	0	2	0	0	0	0	0	0	0	0	0.0304710829422878	0.219391797184472	0.530196843195807	97.562313364617	0.359558778718996	1.29806813334146	0.00629802242095982	0.0188940672628795	0.00629802242095982	99.685098878952	0.0314901121047991	0.251920896838393	0	0	0	0	0	0	0	0	0	0	0	0.042706363248124	0.0488072722835702	0.207430907205174	99.4448172777744	0.140320907815264	0.115917271673479	0.0302114803625378	0.138972809667674	0.392749244712991	97.8126888217523	0.253776435045317	1.37160120845921	1.82260024301337	3.70595382746051	8.68772782503038	56.3791008505468	11.2393681652491	18.1652490886999
"MERGE_ISO_CLL_50"	1	1.92771084337	62.8329171868498	11.2931751976696	25.8739076154807	38.6417709734147	0.087928002482673	6.86355642908865	0.0724112961622013	0.0413778835212579	22.2561290989966	1.8620047584566	0	30.1748215578773	16.7852112676	17.3011049724	20.0149827632	20.4604547277	20.5500790259	20.5974753731	20.5251077712	20.5982084594	20.5350917696	20.6097993964	17.091943958	0.314987686845	0.0878065913481	0.0353919660237	0.209716882209	0.035593521979	0.190465196814	0.00591750991183	7.96847635727	0	9e-04	0	0	0	0	0	0	0	0	0	0	0	5e-04	0	0	0	0	0	0	0	0	0	0	0	0	0	0	8.42028985507246	8.52558566339199	8.38571428571429	8.56494325346784	0.344950327409572	0.327105280230047	0.33064340112437	0.326623407981181	6.15579710144928	7.03783871315988	5.92285714285714	7.03955664697684	11.7644927536232	14.5291482241175	11.7142857142857	14.5666025087941	17.9202898550725	-2	21.3375612568464	21.5669869372773	-2	-2	17.6371428571429	16.7837837837838	-2	21.6061591557709	17.1521035599	11.4666666667	28.2051282051	99.6215248543	99.1698302115	19.4174757282	15.7333333333	99.6403259954	99.1906887489	32.3624595469	99.6885550097	99.2595219223	0.647249190938511	0.266666666666667	0.00326976367783018	0.970873786407767	0.533333333333333	0.00163488183891509	0.647249190938511	0.266666666666667	0.00163488183891509	0.00139761427243695	0.414364640883978	93.4427138185	0.0443434399424	0.000911071747494	0.000184764333093	0	1.0776	0	0	0.734	0	0	0	0	0	0.822	0	0	0	0	0	0	4.45631067961	4.42133333333	3.85	5.01908724547	96.3690510280053	0.0859057327759006	0.406620468472596	1.91856136532845	0.532615543210584	0.687245862207205	98.4604577650296	0.0643915003219575	0.193174500965872	0.842943276941989	0.204882046478956	0.234150910261664	0	0	0	0	0	0	99.8171415088775	0.0176959830118563	0.0117973220079042	0.100277237067186	0.0235946440158084	0.0294933050197605	79.5737122557726	1.24333925399645	1.59857904085258	12.9662522202487	1.77619893428064	2.84191829484902	0	0	2	8	2	5	99.9821651507045	0.011889899530349	0	0	0.00594494976517448	0	0	0	0	0	0	0	98.0135150879646	0.034952813701503	0.203891413258767	1.00780612839334	0.314575323313527	0.425259233368286	99.7686421071365	0.0118645073263333	0.0177967609894999	0.124577326926499	0.0355935219789998	0.0415257756421665	0	0	0	0	0	0	0	0	0	0	0	99.3247143022048	0.0461733810458271	0.0519450536765555	0.415560429412444	0.0692600715687406	0.0923467620916542	99.8047221729096	0.0118350198236582	0.0059175099118291	0.118350198236582	0.0059175099118291	0.0532575892064619	35.8143607705779	1.75131348511384	7.09281961471103	34.6760070052539	9.10683012259194	11.5586690017513
"MERGE_ISO_CLL_38"	0.5	11.7794486216	58.8191881918819	26.9161834475488	14.2646283605693	34.6797823357053	0.0209292591042277	3.22310590205107	0.0627877773126831	0.0313938886563416	22.4570950188363	1.76852239430724	0	37.7563834240268	17.7767503303	18.2336065574	17.9971019533	18.9473402833	18.9418330114	18.7984805422	18.7746540985	18.770541692	18.737558238	18.9178596322	18.1859903382	0.0481154771451	0.0375617085211	0.0273283777875	0.0165371258475	0.00553311569745	0.142947903431	0.0268082140368	3.74396135266	0	0.0059	0	0	1e-04	0	0	0	0	0	0	0	0	0.003	0	1e-04	0	0	0	0	0	0	0	0	0	0	0	0	10.0568031704095	7.43779408044523	7.51867219917012	7.46896191966615	0.419283377389357	0.480387223187988	0.471200590867408	0.479268296229974	9.31439894319683	8.97460156842904	8.81742738589212	8.97026604068858	13.78071334214	9.74151277510751	10.0165975103734	9.77661855909117	23.0951122853369	-2	18.4700039729837	18.7161143435366	-2	-2	18.8340248962656	-2	-2	18.7468845997797	64.9681528662	94.6403385049	77.7777777778	99.572023943	99.1826713574	76.6878980892	95.3455571227	99.6003589096	99.3112757342	94.076433121	99.6782800675	99.5408504894	1.4640356460853	0.282087447108604	0.000590057530609234	0.063653723742839	0	0.000590057530609234	0	0	0.000590057530609234	0.000537738487018993	0	0.6519841881	92.869243801	8.66483820626e-05	0.0583192155655	0	1.4872	0	0	1.3842	0	0	0	0	0	1.8732	0	0	0	0	0	0	5.04710375557	5.84767277856	5.22222222222	5.99087181	0.00534616412723871	0.0962309542902967	0.235231221598503	98.5939588345362	0.347500668270516	0.721732157177225	0.00536595836016313	0.08585533376261	0.209272376046362	98.6746082850397	0.338055376690277	0.68684267010088	0	0	0	0	0	0	0	0	0.0109313511149978	99.9289462177525	0.0546567555749891	0.00546567555749891	1.171875	0.78125	2.08333333333333	90.234375	3.25520833333333	2.47395833333333	0	0	1	3	1	1	0	0	0	0	0	0	0	0	0	0	0	0	0	0.0110247505650185	0.0992227550851662	99.8401411168072	0.0110247505650185	0.0385866269775646	0	0	0	100	0	0	0	0	0	0	0	0	0	0	0	0	0	0.0476493011435832	0.0317662007623888	0.090004235493435	99.5129182549767	0.21706903854299	0.100592969080898	0	0.0643397136882741	0.18229585545011	98.900863224492	0.278805425982521	0.573695780387111	1.20772946859903	1.44927536231884	3.26086956521739	83.5748792270531	4.71014492753623	5.79710144927536
"MERGE_ISO_CLL_25a"	14.25	31.7708333333	78.7344107810672	19.015140282377	2.25044893655579	49.3651366514649	0.0164047376882444	1.11060074149414	0.0164047376882444	0	24.8449752288461	4.56707897240723	0	20.0793989304111	17.296985206684	17.58169237153	18.071164432408	14.3262270387848	14.8392688331553	14.0158647463651	14.902127343822	16.0606808674004	12.0649581985549	14.68710124026	10.5805985334048	11.4808325886565	10.8995126350932	18.4650753680177	11.4954164893258	10.4434666622353	25.4240261146183	12.6862834202654	33.6290539523518	0.011848	0.105063	0.105933	0.001757	1.81205	0.004498	0.011268	0.270471	0.012016	0.000157	0.001365	0.000541	0.000177	0.096013	0.00128	0.013432	0.178829	0.001421	0.066043	0.001812	0.000546	0.016264	0.020988	0.208241	0.008362	0.000271	0.006	0.000641	7.71952461912846	5.84527644072767	7.42124689818834	6.14867768608738	0.357390404166169	0.367378683573748	0.360019997331506	0.359900338430601	5.61855096067042	4.97655075540054	5.31838003619585	4.3569918207549	10.4100493832493	8.43180627998999	9.85653581662035	7.68110994450914	-2	-2	-2	-2	-2	-2	-2	-2	-2	-2	39.372841067534	51.8482798045575	49.8737705491299	64.627493803751	65.6337668426007	42.9292754280736	57.986638680763	62.3876339604944	69.6384061808069	66.505546600967	68.9526836424948	69.154442278855	3.43042945669157	3.90273405149513	5.2108237376937	2.92278477032595	3.95303770493488	6.17781789277197	1.57077594115054	2.89072773682289	5.00614194088975	5.57248891883542	2.80876402074377	36.4736297168514	42.5804287800522	0.000545790820837788	0.0183962407210788	0.006568	0.895345999999999	0.719474	0.034432	0.845284	0.431176	0.001962	0.001484	0.200402	0.001902	0.920302	0.285786	1.99232	1.422472	0.006074	0.015942	0.46398	4.4367908262304	4.5846911328869	4.3978088554476	4.8569921569351	0	0	0	0	0	0	0	0	0	0	0	0	0	0	0	0	0	0	0	0	0	0	0	0	0	0	0	0	0	0	0	0	0	0	0	0	0	0	0	0	0	0	0	0	0	0	0	0	0	0	0	0	0	0	0	0	0	0	0	0	0	0	0	0	0	0	0	0	0	0	0	0	0	0	0	0	0	0	0	0	0	0	0	0	0	0	0	0	0
"MERGE_ISO_CLL_24"	0.25	1.00250626566	77.1168811156484	17.516757839587	5.36636104476462	32.5882195601918	0	2.65375136126555	0.0229265776351235	0.00955274068130147	43.7343573871344	0.85019392063583	0	20.140998452456	17.6860592755	17.128	18.9788293898	19.9995379995	20.0191491846	19.9687094108	19.9836762253	20.0081924421	19.8913202887	19.9965856757	18.0815584416	0.0962500962501	0.0583816603744	0.196796158539	0.0357454920963	0.00401590297578	0.466983134576	0	10.1818181818	0	0.0096	0	0	4e-04	0	0	0	0	0	0	0	0	0.0057	0	9e-04	0	0	0	0	0	0	0	1e-04	0	0	0	0	11.338512763596	13.389289947204	10.5335120643432	13.3987217069537	0.263004412890046	0.117712209603594	0.252030473423642	0.117767527652709	5.32630410654828	2.3431742269152	4.4745308310992	2.34105435148253	15.0943396226415	17.6153431742269	13.9812332439678	17.6251141333077	20.4206437291898	-2	19.8341346153846	19.9585174011421	-2	-2	18.455764075067	22.3333333333333	-2	19.9661684847902	39.5677472984	44.1717791411	82.3529411765	99.4854477182	98.9437630545	41.6458852868	48.4662576687	99.5040305527	98.9625713975	52.2028262677	99.5546527573	99.0462190281	0.332502078137988	0.814663951120163	0.00255617187699701	0.166251039068994	1.0183299389002	0.00383425781549551	0	0.203665987780041	0.00255617187699701	0.00497807159462567	0.0584453535943892	0.523734002139	91.8489285583	4.66186501879e-05	0.025599650844	0	1.2504	0	0	1.4334	0	0	0	0	0	1.2532	0	0	0	0	0	0	4.6608478803	4.73319755601	4.88235294118	5.01537557035	0.1001001001001	0.0962500962500963	0.334950334950335	98.021098021098	0.573650573650574	0.873950873950874	0.0622737710660491	0.0661658817576772	0.237418752189312	98.5054294944148	0.478729615070253	0.649982485501888	0	0	0	0	0	0	0.114141771952611	0.00787184634155941	0.0551029243909159	99.5198173731649	0.0551029243909159	0.247963159759122	3.81679389312977	0.572519083969466	2.95801526717557	78.7213740458015	3.14885496183206	10.7824427480916	1.0989010989011	0	16.4835164835165	34.0659340659341	13.1868131868132	35.1648351648352	0	0	0	0	0	0	0	0	0	0	0	0	0.039717213440305	0.0357454920962745	0.123123361664946	99.4479307331798	0.111208197632854	0.242275001985861	0	0.00401590297578411	0.0120477089273523	99.9598409702422	0.0160636119031364	0.00803180595156821	0	0	0	0	0	0	0	0	0	0	0	0.150515225193933	0.0231561884913743	0.173671413685307	99.1393616610706	0.158233954691058	0.35506155686774	0.111164046371288	0.00397014451326028	0.0595521676989042	99.6426869938066	0.0952834683182468	0.0873431792917262	2.02597402597403	1.55844155844156	6.12987012987013	63.2727272727273	8.83116883116883	18.1818181818182
"MERGE_ISO_4_A1"	0.5	1.49625935162	71.7399498398063	22.3684019774134	5.89164818278027	43.8919582565991	0.0115552666738887	6.08023688296681	0.366879716895966	0.0765536417145127	25.48802946593	1.96800635539667	0.00144440833423609	22.1153360054888	16.5669191919	18.1286111706	16.481304412	12.3516698173	12.4812017456	6.6994839488	14.2065233506	12.9810581319	4.40867478226	12.5354028601	3.6435990767	17.1707624449	16.507217187	56.4707459286	13.6397331357	18.9418680601	65.5482977039	17.3875130799	69.0762606534	0	0.045	0	0	0.0319	0.0068	0	0.0022	0	0	0	0	0	0.0449	0.0074	0.0151	0	0	0	0	0	0.0133	0	0.0018	0	1e-04	0	0	6.66329085116067	3.45375521557719	8.47754526216788	2.56126709863211	0.292865240619955	0.298699882953878	0.29260010701917	0.274486351245971	3.77014110150205	2.13334492350487	5.17587585233952	1.52805375569954	8.5518889394629	4.51987714418173	10.945920526687	3.31965442764579	12.322030040965	-2	4.50999394306481	6.6532220676866	-2	-2	16.1217963790266	13.787728026534	-2	4.84770818334533	9.82491582492	29.8712206047	53.3097969991	0.953597044121	3.28282096601	17.1784511785	44.568868981	1.70071723538	5.72537884275	45.3131313131	4.11595305368	14.4496276765	0.844900422450211	0.340924587481249	1.3228663008638	3.62770736940924	1.309150415928	4.02292606073776	0.677261449741836	0.245465702986499	1.2468082794589	1.3192438960357	0.526090675791275	0.677588281084	0.980114641568	2.48302305977e-05	0.000153743695912	0	0.0138	0	0	0.0262	0.0044	0	0	0	0	0.0148	0.0182	0	0	0	0	0.015	4.12171405579	3.92567843993	4.06437389771	4.35779866355	1.3421550094518	3.1758034026465	16.1562696912413	48.2734719596723	10.812854442344	20.239445494644	1.48539778449144	3.09667673716012	16.9184290030211	48.8838536421618	10.187982544478	19.4276602886875	0	0	0	1	0	0	1.43422022652637	2.03739695730849	13.2631861135313	47.9927618792306	11.2056832651967	24.0667515582066	2.7620645261967	2.64112667264854	8.35251433698748	53.1853470136153	12.3512659462412	20.7076815043108	1.34478396910991	5.02629651820784	28.6332467878304	41.6616736568804	12.1762865321883	11.1577125357832	0	0	0	1	0	0	0	0.378787878787879	99.6212121212121	0	0	0	0.44477390659748	1.80874722016308	17.3313565604151	44.6701260192735	7.99110452186805	27.7538917716827	0.587851077726976	0.914435009797518	12.2795558458524	40.3004572175049	8.68713259307642	37.2305682560418	0	0	0	0	0	0	0	0	3	3	0	1.99178543151227	3.26603325415677	16.8621338083927	49.9331947743468	11.577098178939	16.3697545526524	1.22950819672131	3.51412626438786	16.3498430415068	47.7677014300663	11.0917335193582	20.0470875479595	2.17950994318182	3.40243252840909	15.8269708806818	48.9923650568182	12.0716441761364	17.5270774147727
"ISO5_12_H4"	1	1.20481927711	66.7385501917876	28.8821522634472	4.37929754476517	40.3893714959646	0.00528080690729543	3.85850958026386	0.0132020172682386	0.00704107587639391	25.3989209551219	0.938223360529489	0	29.3894507080682	16.1188884981	15.1235802901	17.0170713202	19.3658767773	19.7751980483	19.9552722481	19.6005422622	20.5005809796	18.2651354891	19.6169034877	13.7185545006	3.78915732285	2.71374139963	3.13379153164	3.44310195056	1.84125849124	7.21768913065	3.17138111934	19.8351365276	0	0.1639	0	0	1.307	0	5e-04	0.0191	0	0	0	0	0	0.0386	0	0	0.0019	0	0	0	0	0	0	0.0223	0	0	0	0	8.28403685192991	6.37563033858187	9.29110390779759	6.02235063235935	0.37724765035988	0.395607512466441	0.409732851767325	0.391270666187904	7.15668091768531	6.40578367808995	9.211597334774	6.06018316615787	11.158427169266	9.25913347741072	12.755132360886	8.75283471434802	18.3151080869513	-2	14.6493955094991	15.6649171555007	24.4166666666667	-2	21.96672969566	15.9132530120482	-2	14.8130178805059	53.6425420293	68.698775575	12.3376623377	9.69026548673	48.1465863041	64.0455466794	74.1918199679	14.7699115044	58.565610022	79.8169786574	24.2831858407	71.7657828153	0.461115544914428	0.390888527322513	1.60091986555811	0.369483609707073	0.418667407436803	1.81319653281443	0.254204723478467	0.269851978253105	1.25597028126658	1.35325406758448	0.273798003162839	3.84316770186	19.3827639752	4.06410510644e-05	0.000468016464645	0	0.9666	0	0	0.3888	0.5954	0	0	0	0	0.339	0.2558	0	0	0	0	0.5302	4.18276137271	4.19635699829	4.18255578093	4.16999823103	2.18471852964975	10.3548722691018	10.3248179401225	60.9478672985782	7.37486995723038	8.8128540053173	2.24500424878704	11.6197472657	9.70642252131246	62.6737205668704	6.80354156958417	6.95156382774595	0	0	0	0	0	0	1.5526512588583	12.1754923257719	8.89213347103023	65.7027883622378	3.80328335885474	7.87365122324704	2.38623751387347	3.45449500554939	11.334628190899	42.7580466148724	12.4583795782464	27.6082130965594	1.32450331125828	5.77105014191107	22.3273415326395	37.1807000946074	15.8940397350993	17.5023651844844	0	0	0.404103201740752	99.4404724898974	0.0310848616723656	0.124339446689462	0	5	0	0	0	0	1.87422674984864	10.9979204506568	9.61330911579668	62.844507620627	6.71510173997736	7.95493432309353	0.764211655345013	13.0720414730068	8.410797282803	68.8952449052556	1.61780479084734	7.23989989274222	0	0	0	0	0	0	1	0	0	0	0	1.82331016419865	10.1818273395789	10.4185554548202	60.247305328901	6.99858970484537	10.3304120076559	1.97980650093586	11.1275143015316	10.131020483484	61.964516384151	6.76983101784726	8.02731131205019	2.79679105026864	4.18046662250681	12.3353205269743	46.6107308456613	12.4236402443512	21.6530507102377
"ISO5_15_H4_B"	10	14.5869947276	22.7559948152949	26.9280622164614	50.3159429682437	15.4237153522357	0.0238265427686443	7.60066714319752	0.00794218092288142	0	6.40139782384243	0.524183940910174	0	70.0182670161226	17.5107027098	17.7706952235	17.5388382799	18.5356635728	18.6442084268	19.2222876548	18.2091099878	17.9402630617	16.7397093169	19.0954284014	13.7989183874	6.24090877606	5.88980304164	7.35724240818	6.30387687864	7.09535988308	10.6274501626	5.52062673542	19.8678029062	0	0.0049	0	0	0.0408	1e-04	0	0.003	0	0	0	0	0	0.0027	0	0	3e-04	0	0	0	0	3e-04	0	6e-04	0	0	0	0	9.68023857556355	9.14343491346877	8.84044998927137	6.27011163540108	0.336713593366453	0.358338518086324	0.332079444674824	0.365220217728981	6.69430751688448	6.78094431903687	6.02458388253686	5.28576360916101	12.9104815367073	12.6439678956609	11.7738405419489	8.94920781064181	19.6047890535918	24	32.6366836136097	19.4249122146978	17.1407249466951	20.0631578947368	17.7984244244858	16.5837122778007	-2	14.2349714198028	1.90792522787	4.8526240115	11.9127516779	3.99571437575	1.80641100016	3.54807147639	8.2289206121	5.8454654314	3.18636829307	11.2711777125	14.4135627403	9.00058012516	1.40611331240673	1.56417180414735	2.02866593164278	0.928832398497401	1.33999082896011	1.74515671759332	0.545463901610662	0.80246599072706	1.15608757284612	1.03938071237369	0.657316689046932	0.493263102756	1.04327328813	1.87417510648e-05	8.08355211057e-05	0	0.0034	2e-04	0	0.0042	0.005	0	0	0	0	0.0032	0.0018	0.0048	0	0	0	0.006	4.11144849592	3.93452396117	3.9580677625	4.02718709637	2.24596522823301	3.24773152316963	13.8489644663019	46.1747592990233	14.274953245134	20.2076262381381	2.16205435053603	3.11842433308402	14.1091997008227	47.4006482174021	14.5180752929444	18.6915981052107	0	0	33.3333333333333	33.3333333333333	4.76190476190476	28.5714285714286	1.99831183872171	2.03757140333314	11.9898710323303	46.4931393910842	14.4298529729305	23.0512533616002	2.14999495306349	3.13414757242354	12.0167558292117	42.046028060967	13.8386999091551	26.8143736751792	1.63398692810458	4.20168067226891	26.3772175536881	36.8814192343604	15.219421101774	15.6862745098039	0.288149837915716	8.9326449753872	7.107696001921	59.5149477728419	11.3699123544243	12.7866490575099	0	16.1411411411411	6.38138138138138	60.2102102102102	16.3663663663664	0.900900900900901	2.17876968903732	2.57593537031187	13.377262264747	45.5860450421989	14.997517714492	21.2844699192129	2.94483010595543	2.62696382900986	15.7471684325904	44.9031786627695	14.4464742418707	19.3313847278042	0	0	100	0	0	0	0	63.7593984962406	7.96992481203007	27.9699248120301	0.300751879699248	2.14258903995329	2.64096254900325	14.2828843106181	46.6834181332888	14.6801234464926	19.5700225206439	2.20249900833003	3.21697738992463	13.7098373661246	46.687822292741	14.1550971836573	20.0277667592225	2.27794165847263	3.32677810553917	13.9735605812302	41.983502676718	14.4242324920791	24.0139844859609
"ISO5_24_E8"	0.5	0.751879699248	61.8349113215095	18.4824643285771	19.6826243499133	36.0890302066773	0	3.65659777424483	0.0529941706412295	0	23.3969263381028	2.19925808161102	0	34.6051934287228	17.4442072467	17.8340813273	18.2088484848	9.9718972704	10.1052108042	7.94524159922	9.65527695837	9.10288808664	7.10941160985	10.276706174	6.60919929196	23.7649589888	22.3199938786	32.7691930341	23.8282530318	23.0866425993	40.4501777017	20.83430165	45.8090379009	0	0.0047	0	0	0.0101	0	0	0.0023	0	0	0	0	0	0.0022	0	1e-04	0	0	0	0	0	0	0	3e-04	0	0	0	0	6.12047399605003	4.3369664922031	5.58877416349662	3.68613222759733	0.297579097023309	0.346745281965502	0.307180476992076	0.332547093037988	3.65878867676103	3.45329951977554	3.50446393913516	2.95340935268371	8.0083607636603	6.06685372039065	7.38467510286468	5.16718498041926	11.6671494404213	-2	8.49715536105033	9.52015324016619	-2	9.53333333333333	10.8891390419998	10.4017316017316	-2	8.12059433310297	4.37916935657	4.00481591788	9.81684981685	0.910560132445	1.5259274593	7.17129330751	6.57752994107	1.58855295833	2.70585973888	16.8119216699	4.43454609957	7.25850571483	3.07088308056362	2.86963131889016	2.98395679766644	3.44197052812735	2.87596604586342	3.33083684812172	2.40937936968915	2.05878626631192	2.50305490953526	2.64729925171351	2.23487067883151	0.608711897126	0.683438677336	2.19446790017e-05	0.000104225593423	0	0.0012	0	0	0.0024	0.0058	0	0	0	0	8e-04	0.0016	0	0	0	0	0.002	3.92819878449	3.88874809934	3.91477272727	4.04300524262	2.27780018824795	2.7322845233293	15.9042624714266	45.865268253328	13.3629151539599	19.8574694097082	2.02387328793328	2.6972224347693	15.4372943607009	47.4940699364909	13.8380901369653	18.5094498431403	0	0	0	0	0	0	1.68015697817022	1.94383124846701	13.4228599460388	43.1076772136375	14.7657591366201	25.0797154770665	2.52164666565396	2.98242949010076	9.86885411919591	45.2174793660439	13.2766216010937	26.1329687579118	1.58904109589041	4.6027397260274	23.0547945205479	38.0547945205479	15.986301369863	16.7123287671233	0	1	0	0	0	0	0	1.33333333333333	0	98.6666666666667	0	0	2.15912815470338	2.56882989183874	17.2771222549984	44.6574893477548	13.7372992461488	19.6001311045559	1.3898916967509	1.7870036101083	23.7725631768953	39.2960288808664	13.158844765343	20.5956678700361	0	0	0	0	0	0	0	0	0	0	0	2.1008292747137	2.75108595498223	15.8430959589312	45.3205212583915	13.8844280637094	20.1000394892721	2.1535362925091	2.73065303276784	16.2870865287784	46.9246262297622	12.6307227515687	19.2733751646138	2.3557892544773	3.21740941274469	13.9030612244898	43.3361099541858	14.3091420241566	22.8784881299459
"MERGE_ISO_41_B7"	0.25	1.00250626566	72.5470054932785	23.6419394697274	3.81105503699403	41.1845014617063	0.00890379450042293	2.55538902162138	0.0207755205009868	0.0192915547509163	28.8601659073709	2.50641815186905	0	24.8445545876801	16.8498511272	16.2326499529	17.0089575568	16.3399058035	16.6131244369	15.0388700439	16.4540075309	16.6641190119	13.1197877885	16.9793740124	12.04351389	9.59261328863	8.71458604465	14.477562142	9.03100396107	9.35580728811	22.2316774811	7.82761775387	26.4156354995	0	0.0119	0	0	0.074	1e-04	0	0.1188	0	0	0	0	0	0.003	0	0.0154	0	0	0	0	0	1e-04	0	0.2146	0	1e-04	0	0	8.19880811032971	5.64740860091303	8.50055087079961	5.0462857814152	0.334519740636359	0.366610500011794	0.355797479829664	0.356870264710872	6.16268609005389	5.02251889362029	6.8023009449553	4.45631828327525	11.015252534478	7.98473165304792	11.4062248400356	7.11536202373027	17.1779386245319	32.2857142857143	11.4503279086714	13.0072505466682	15.2280701754386	19.6363636363636	18.2085257849909	16.7791641909289	-2	11.5716803070055	17.7353533584	6.53108494622	65.4230597823	1.93942537679	12.482044126	20.8039232858	10.64064995	3.39759661105	15.2553105413	29.4491636746	8.40609780698	22.0729726719	12.8796764762522	2.46531240704775	6.38916894714101	12.9549552703909	2.16436582506605	6.35172115800086	11.0957441221267	1.74968943012615	5.3896010370157	5.33792829870581	5.87584511370621	0.761557512383	7.32182168409	1.10584402363e-05	8.0683854762e-05	0	0.0152	0	0	0.0198	0.0718	0	0	6e-04	0	0.0076	0.047	0.0012	0	0	0	0.1066	4.4296894149	4.45224679779	4.38668194551	4.41363217331	2.04890769271706	2.7398596808671	10.4325767453412	54.4086994314503	16.358443539732	14.0115129098924	1.9559014916408	2.57658424266693	9.61557713484833	55.9377815597157	18.2400640704775	11.6740915006507	0.019047619047619	0.0761904761904762	0.152380952380952	0.971428571428571	98.552380952381	0.228571428571429	1.34849580159039	2.79430573319246	6.43941500305844	53.5700383695713	24.0782961686037	11.7694489239838	2.78572791452013	2.79336004579279	9.6241175348216	50.0744132799084	11.2841060866247	23.4382751383324	1.37242669993762	4.47598253275109	20.8515283842795	45.3992514036182	14.1609482220836	13.73986275733	0.0928505106778087	0.278551532033426	4.17827298050139	80.7799442896936	2.1355617455896	12.5348189415042	3.57142857142857	71.4285714285714	0	14.2857142857143	0	10.7142857142857	1.95853097951	2.43165924984107	9.88067876179764	54.9122206464864	17.4531761944349	13.36373416793	1.25562986215368	2.49306219007325	6.39415859151085	59.6560666029753	21.9234793685456	8.27760338474137	0	4	0	0	0	0	0.537634408602151	15.0537634408602	83.3333333333333	1.0752688172043	0	2.13408148069354	2.55026061057334	9.4444739921285	55.0659504308052	18.1603020955218	12.6449313902776	1.94616173657509	2.71825011782318	9.67120401430512	55.6984835463392	17.8689251753486	12.0969754096088	2.35461225381737	2.932339042312	11.805840093966	50.7976180720588	12.8615914119479	19.247999125898
"MERGE_ISO_41_E1"	0.25	2.50626566416	51.7214628167135	22.378240834122	25.9002963491645	26.8239446431059	0	9.93823433799285	0.00154801157912661	0.0712085326398241	22.7619622594777	2.08981563182093	0	38.3132865833836	16.931138988	17.2571978678	17.3504349706	13.3586268368	13.6741317255	11.7759009184	13.0715924307	12.7663337675	10.4940975158	14.0103270224	7.84351957793	17.4602645697	15.7484029081	21.7448058305	17.0671704537	15.9762628456	29.3606575744	14.0617547643	45.4519450801	0	0.0081	0	0	0.0672	4e-04	0	0.0031	0	0	0	0	0	0.0075	0	2e-04	0	0	0	0	0	9e-04	0	0.0071	0	1e-04	0	0	8.54646840148699	4.96278065018769	6.96406942242816	4.10240871432955	0.305368747344626	0.355636096967598	0.31338172294509	0.347840517587323	5.23368202645457	4.22809689071464	4.5857009307808	3.51672292114145	10.9174159246131	6.89609745732701	9.05452587082876	5.69235194845044	16.1510979510677	-2	9.86285150468673	11.1241943480416	-2	-2	13.6402268016096	12.7352859135286	-2	9.2090748695919	5.52906747337	6.36640120399	16.1009758167	0.93736908253	3.39878901415	7.77160331448	9.22744089797	1.59195643067	4.88408657545	16.6792713403	4.95915374948	11.1988313875	2.81704029978305	2.94420359916415	3.30113353752716	2.37163894549997	2.76175030408882	3.27757271132752	1.74051673131287	2.10834918753704	2.56027644702741	2.74719745607503	1.99609877951936	0.446120446246	1.69726555147	1.13006905122e-05	7.52818156915e-05	0	0.0068	0	0	0.0084	0.0058	0	0	0	0	0.0044	0.0026	0	0	0	0	0.0114	4.12174556213	4.2547371376	4.25540483256	4.27464788732	2.10839358901736	3.21298857085735	11.3333444403719	48.133184499017	13.32844623638	21.8836426643564	2.132873945099	3.11522646404364	11.1227325396581	49.1381343505501	13.7006388367634	20.7903938638857	0	0	0	0	100	0	1.9999689204519	2.34650588180448	10.410094637224	47.6589330391136	13.7371602616898	23.8473372597162	3.06724211774783	3.48235759233025	8.51645636345666	46.4204526735413	12.1503640496821	26.3631272032419	1.58182020719617	5.99309346106717	21.2431770079091	42.9207975938509	12.4094909212432	15.8516208087334	0	0	0.868055555555556	98.3217592592593	0.694444444444444	0.115740740740741	0	0.0475963826749167	0.0951927653498334	95.4783436458829	0.571156592099	3.80771061399334	1.94629270166187	2.99988581749484	11.2729273280256	48.1497244049534	13.3001858060766	22.3309839417877	1.40975539151831	1.76002315819945	10.539875524678	45.9748154580981	17.2557533651759	23.0597771023303	0	0	0	0	0	2.94117647058824	0	94.1176470588235	2.94117647058824	0	0	2.35895659968018	2.98638201652084	11.4321799977592	49.7081860683038	12.9518532476395	20.5624420700965	2.07266242249549	3.28681334632852	11.4571884785268	48.2840138523111	13.0508263691599	21.8484955311781	2.55053394355454	3.62636664124078	11.1985125858124	46.3323162979914	13.0546020849225	23.2376684464785
"MERGE_ISO_41_H7"	0.25	2.50626566416	45.8982382150874	38.6385279912931	15.4632337936195	25.7365287742329	0.00339218779151614	8.60428433318068	0.023745314540613	0.00169609389575807	18.0209976424295	2.08789158567818	0	45.5214640682508	17.3030834976	17.4153625357	18.3142803912	13.1153116315	13.682886891	11.1720518593	13.0039589408	12.6690748116	9.86372206334	14.0609150284	6.23220695631	19.6192058269	16.9053356814	27.5421162953	18.5872665924	17.7994273113	35.310525015	14.9095232666	55.7542346254	0	0.0253	2e-04	0	0.1029	0	0	0.0054	0	0	0	0	0	0.0332	0	0.0013	1e-04	0	0	0	0	0	0	0.0059	0	0	0	0	8.30440173589585	4.85380890463166	6.69756105992775	3.74268953606098	0.320857230558124	0.351788055294854	0.319783533391997	0.337429263441311	5.38960687999746	3.94467112047707	4.39322074914006	3.03358942290513	10.7553849333143	6.63995874994395	8.73671201147737	5.0909415758442	16.1449918133117	18	9.02335293616296	10.584629870421	13.3109756097561	-2	13.1299327606174	14.1444882424901	-2	8.12453099874933	4.38084368553	9.1595570884	15.6104334028	1.31535450196	3.38504068924	6.79074667486	13.5572094149	2.22705524141	5.32379515348	17.3280365217	5.73292735972	12.2603242836	1.66063794804341	2.33153736500036	2.47900839664134	1.64090759618547	2.69999275169731	2.67197468838552	1.15532171434835	1.73959264538887	2.29821115032248	2.4204387790496	1.48261786405451	0.707573050772	1.93177977447	7.21462104641e-06	5.45330128532e-05	0	0.0066	0.0098	0	0.0166	0.005	0	0	0.003	0	0.0142	0.0058	0.034	0.0052	0	0	0.0128	4.21151232132	4.227413314	4.19837858957	4.25076925751	2.19084432801968	1.56726192377727	12.120244066064	41.5487333482414	16.6009647637607	25.971951570137	2.2515216115179	1.61198133901814	12.9947168412272	42.0266011678561	16.6033305527235	24.5118484876572	0	0	12.4505928853755	55.7312252964427	4.74308300395257	27.0750988142292	1.88261780917631	1.15907150065989	11.4222498253241	37.5296948994643	16.615945966928	31.3904199984473	1.53377268499278	1.64460013061806	4.69829206990045	33.8538265154664	13.1389894911833	45.1305191078391	0.688261057900563	2.97925590797517	11.8737065023824	32.6707416855176	18.8236992828609	32.9643355633633	0.949074074074074	0.0347222222222222	53.8541666666667	23.7731481481481	2.91666666666667	18.4722222222222	0	0.78125	0	93.75	5.46875	0	2.08772886391832	1.23509470639831	12.6670301622297	41.3326063422074	17.0337181645054	25.6438217607409	2.2644241845769	0.30444656551361	15.2091630187934	37.7003587532502	17.3402889773887	27.1813185004772	0	0	0	0	5	0	0	0	4.59183673469388	94.8979591836735	0.510204081632653	1.91222681213148	1.2611658369523	11.3935670656357	40.129223599195	16.1409455213078	29.1628711647777	2.27372672931902	1.58069612521784	12.91105428604	42.0338127270062	16.1180513705881	25.0826587618288	1.48057166252487	1.86809106229827	7.57614708598741	35.5232464033058	15.9397107410475	37.6122330448361
"MERGE_ISO_43_E7"	0.25	1.25313283208	65.0837377312365	26.6090779727807	8.30718429598278	35.5932665811803	0.0545657927045535	5.24831982829964	0.00454714939204613	0.428341472730745	27.0755463399995	1.97255340626961	0	29.6228594294237	17.310603318685	17.566430971398	18.056937173708	14.2908220123908	14.8541079745613	13.6202785456789	14.794287610415	15.7763397078646	11.8654946863385	14.57048273653	10.6697770151762	11.552175849173	10.9219856876523	18.2912163415973	11.4012912263527	10.3240778763775	24.7163438142589	12.4604146079218	33.4219306048774	0.01299	0.101918	0.095488	0.002098	1.858335	0.003305	0.010472	0.270759	0.011534	0.00012	0.001479	0.000545	0.000154	0.093964	0.001296	0.013563	0.171399	0.001522	0.060846	0.002047	0.000462	0.01605	0.02093	0.212855	0.00728	0.000249	0.005864	0.000592	7.64307857870342	5.71646465580033	7.36417315056134	5.96150288180373	0.352593548117343	0.372503739932347	0.359813510200893	0.360591399946138	5.63646511009866	4.95529832470655	5.27641226595477	4.33694671256143	10.3472312089068	7.82316930827505	9.85716664064702	7.67856392502126	-2	-2	-2	-2	-2	-2	-2	-2	-2	-2	39.6452429727109	50.2114136984912	50.9485062528609	64.1931793584206	65.6635422563447	42.4168229199076	58.367133427471	62.548692585068	69.2335433657297	64.982373408914	68.5670588688318	68.188315142299	3.39142573151926	3.88125821537852	5.31517339200767	2.87520313872803	3.78354761585089	6.28882386735004	1.62361633303876	2.89432039310726	4.97281220897964	5.42375713799606	2.83585617342334	36.3267430053226	42.4854308837476	0.000548828029461738	0.0185388317842146	0.006568	0.875855999999999	0.64767	0.034502	0.82974	0.434888	0.001962	0.001256	0.198874	0.001778	0.946576	0.292914	1.690892	1.425506	0.005958	0.017196	0.454222	4.4329468083318	4.5761416129391	4.3985175862208	4.8536567843684	0	0	0	0	0	0	0	0	0	0	0	0	0	0	0	0	0	0	0	0	0	0	0	0	0	0	0	0	0	0	0	0	0	0	0	0	0	0	0	0	0	0	0	0	0	0	0	0	0	0	0	0	0	0	0	0	0	0	0	0	0	0	0	0	0	0	0	0	0	0	0	0	0	0	0	0	0	0	0	0	0	0	0	0	0	0	0	0	0
"ISO5_53_G6"	1.5	2.81030444965	74.7520137074896	18.5588657724322	6.68912052007828	37.5341869976498	0.0142184455057167	2.37364402030729	0.21327668258575	0.00501827488437058	33.434256417119	3.61148515845203	0	22.8139140034961	17.0750127284	18.0856850071	18.3141076941	13.671557905	14.0745320347	11.3128802874	12.9822172826	13.0105474636	9.4320170554	14.186740851	7.37523715565	14.9684044234	13.3122812357	24.0598196613	15.2357136242	12.8076343546	35.0622076558	11.7428101246	48.3456021856	0	0.015	1e-04	0	0.1295	0	0	1e-04	0	0	0	0	0	0.0267	0	1e-04	0	0	4e-04	0	0	0	0	4e-04	0	0	0	0	8.2277706185567	4.83425172745561	6.97999114652501	4.07931156848829	0.322084239878888	0.370965904581845	0.315523624194528	0.357557772864665	5.38485824742268	4.35450013119916	4.63364320495795	3.66305890702626	10.6404639175258	6.82882882882883	8.97140327578575	5.74946770759404	16.0253221649485	-2	9.40466926070039	11.183328960028	19.4285714285714	-2	13.6050464807437	12.7822784810127	-2	9.4125266146203	9.15979282563	20.0678011167	21.2	1.19961881271	7.35155189886	12.833301362	25.3456527519	1.97881047144	10.3677493602	24.1703433723	4.93301194013	17.0683110325	2.63738371535437	2.47906420311046	4.27153988452268	2.36885010070011	2.17333510567593	4.60227591232692	1.59202071545027	1.56187691080686	3.64370200123325	3.79781671406293	1.5979791878312	1.21636209422	4.00763358779	2.89477092679e-05	0.000168871161238	0	0.01	0	0	0.0334	6e-04	0	0	0	0	0.0258	0.0014	0	0	0	0	8e-04	3.9858540328	3.86448225442	3.88423153693	4.1094792309	2.13270142180095	3.15955766192733	9.89488394701665	51.4886377445619	11.7085915664115	21.6156276582817	2.26373459138639	3.25292953888297	9.49627149596713	53.8540556992847	12.0187186120834	19.1142900623954	0	0	0	0	0	0	1.30488967084525	2.29455318525035	8.47445201964665	52.8333699875376	10.1458837328642	24.946851403856	2.50643145902242	2.74163910327086	7.98970966556413	42.6313855200294	12.1058434399118	32.0249908122014	1.38188608776844	4.46311858076564	18.5060690943044	39.1970121381886	15.4435107376284	21.0084033613445	0	0	2.80373831775701	31.0747663551402	3.27102803738318	62.8504672897196	0	0	0	0	0	0	1.63008243030471	2.73687135315365	8.90062054274335	51.8755209780495	11.0401037325183	23.8168009632305	0.0753390256152687	0.426921145153189	4.09342039176293	68.884982420894	5.47463586137619	21.0447011551984	0	0	0	0	0	0	0	0	0	0	0	2.182836414548	3.11833773506857	9.80049002450123	48.7415279854902	12.136061348522	24.02074649187	2.17067627928846	3.51853303032678	9.86207977431236	52.3979311966147	10.8102813259149	21.2404983935428	2.13629809516582	2.86104576155422	10.6928739470289	43.5379828489034	13.5425362373833	27.2292631099643
"MERGE_ISO_55_B9"	2	3.1862745098	70.5373288555929	23.0603633858607	6.40230775854646	42.3763127926104	0.0337424606689443	1.11350120207516	0.181365726095576	0	27.4494917541862	0.999620397317474	0	27.8459656670463	17.4099959639	17.6631888804	18.0278122415	9.5959204907	10.2129300532	7.73043278745	9.48752489008	9.33713401474	6.89521403911	10.141391106	5.1186133591	27.0515503829	22.7867214905	35.646886741	26.797097382	23.5533656391	44.0409878559	22.5954574871	58.7721947095	0	0.0025	1e-04	3e-04	0.2552	0	0	0.0027	0	0	0	0	0	0.026	1e-04	7e-04	3e-04	0	0	0	0	0	0	0.0194	0	0	0	0	6.77249523809524	4.36764387320384	5.38076029825205	3.60500016171286	0.316420430499775	0.336703402466868	0.306759828479215	0.324131735780999	4.57592380952381	3.1840205068958	3.38556818644827	2.55603350690514	8.75931428571429	5.86031482417503	6.89944179603146	4.79983181862285	13.3352380952381	-2	6.18741369106333	9.04433533107083	6.58333333333333	15.6	10.2850099824797	9.70432011331445	-2	7.35586532552799	9.98706210191	9.22887286608	16.1782225399	1.7202764799	4.86459565461	15.1124601911	13.3469409395	2.5717264548	7.21471705161	31.4241640127	6.7478858555	14.5788457947	2.31852330961739	2.3928004235045	3.71986178406656	2.38320314443505	2.27766013763896	3.69862749261626	1.99014876362008	1.91635786130228	3.20637800899562	3.4449256508637	1.91780547830089	1.64340730573	1.70289026157	1.26629314829e-05	8.98843061107e-05	0	0.0106	0.0222	0	0.0832	0.0176	0	0	0	0	0.0146	0.0064	0.0148	0.0082	0	0	0.024	4.26523707647	4.24746552317	4.22116753678	4.22548262548	1.97926370422348	3.12254255537946	14.2843316355542	47.9027789539906	12.1078674522424	20.6032156986099	2.03033893186517	2.68311380584013	12.7395637326643	54.0084094129672	12.2377866053384	16.3007875113248	0	0	0	100	0	0	1.1300083173201	1.22752172541371	10.6117532337167	51.3522815269452	11.211173889351	24.4672613072533	2.81911891394112	2.77753022606422	7.31366782520869	48.6528235748448	11.0596203546921	27.3772391052491	1.72180958811614	5.20594193112762	19.9527346387576	42.5050641458474	13.2343011478731	17.3801485482782	0	0	81.4176245210728	0	0	18.5823754789272	0	0.186219739292365	9.21787709497207	65.5493482309125	12.9422718808194	12.1042830540037	1.98719747691403	3.02289219420278	14.594609041949	47.4147723476192	12.1370057063438	20.8435232329712	0.602679480392556	1.05061693203567	16.8790976096429	51.8711569002728	10.5143136376593	19.0821354399967	0	0	0	0	0	3.77358490566038	0	0	11.3207547169811	83.0188679245283	1.88679245283019	1.78246434519805	2.59097075920186	12.6493199942643	48.8115066015155	12.0581065728373	22.1076317269829	2.03550186446424	3.282073407501	14.9033868532158	47.5731147338901	11.5103701192641	20.6955530216648	2.29345331561783	3.256733905061	11.4023432781737	47.4000483150139	12.4124290373233	23.2349921488102
"MERGE_ISO_56_B9"	0.75	1.4742014742	41.9324687463489	8.58745180511742	49.4800794485337	26.7184421003825	0	9.09933928364437	0.185464240176191	0.0347745450330358	12.7854410571462	2.07488118697114	0	49.1016575866466	16.7655408639	17.3790146964	16.9103312333	11.1011262751	10.9955453396	10.4352459556	10.8835638802	10.5613369798	10.1858147714	11.2247229305	9.59685776983	23.5133855821	23.1697506034	24.4045920495	24.0019590511	24.1802469832	25.6415911228	22.5623353782	32.3111250438	0	0.0011	1e-04	0	0.2195	2e-04	0	0.0102	0	0	0	0	0	0.011	0	0.0011	4e-04	0	0	0	0	0.0018	0	0.1392	0	0	0	0	6.66497887520755	5.12419021364576	5.76079105451976	4.69495434000553	0.310839454923562	0.34641345209588	0.329513618333667	0.336939843317647	4.39946407141331	4.19664599127039	4.24539579677421	3.83391753528272	8.67334659455194	7.02164024810476	7.59626153671085	6.42196291854995	13.0728106659652	13.4074074074074	9.90689089417555	11.2182862393751	15	10.5555555555556	11.8416573334851	11.9489167163586	-2	10.2558804538327	4.38094223548	10.9886770171	17.6473413709	2.77626565052	8.4638851553	7.27982103385	13.3275155431	4.54726909817	10.3718286922	16.4531678607	11.5296679369	18.9684500538	0.746050321825629	0.714781491556698	1.16380247987818	0.719453162402255	0.765221439995861	1.31607570154449	0.432203840629821	0.503537263050798	0.935392647378725	0.975134080936129	0.494726773126344	0.482707823019	5.35603556073	1.03286244257e-05	4.6222935875e-05	0	0.0074	0.011	0.0018	0.0298	0.0172	0	0	0.005	0	0.0252	0.0186	0.029	0.0124	6e-04	4e-04	0.0594	4.14225485111	4.23061966208	4.00264054923	4.2485314381	2.87693358337579	2.9701575050677	12.566440110857	45.3794538812587	15.4083243903408	20.7986905291	2.77623261694058	2.66911849212734	12.4463854729341	45.5400528674865	15.9158717388806	20.6523388116308	0	10.9022556390977	0	64.6616541353384	13.1578947368421	11.2781954887218	2.35309612134249	2.27626928902254	10.8545338806331	39.7150822047106	20.5127642294269	24.2882542748645	2.79222337787023	4.15233218657493	10.7368589487159	45.9636770941675	11.2809024721978	25.0740059204736	1.62693908437382	6.73477109345441	23.3446840711313	39.727582292849	13.16685584563	15.3991676125615	1.99350757449642	2.70933910437823	15.0824038621608	24.0261361744631	25.9114366572332	30.2771766272682	0.141236059026932	0.920469488141041	18.25841328593	19.583110115424	28.1108459552915	32.9859250961866	2.90035119573787	2.80638045408574	12.3523743539512	45.057377897763	15.8930007724714	20.9905153259909	3.07601217999323	2.21749182361565	10.7110634938536	44.6021766099019	18.1748336528702	21.2184222397654	0	0	0	0	100	0	23.8969404186795	16.682769726248	14.621578099839	42.962962962963	1.83574879227053	2.67141016563556	2.19609299734194	12.0889580165519	44.8370921500122	17.0359708889998	21.1704757814586	2.81824072437791	2.90870381123089	12.6029806535222	45.4499171105669	15.4245874462481	20.795570254054	3.05371664607498	3.69543970938059	12.5099116708772	44.9298345903483	14.2764941267587	21.5346032565601
"MERGE_ISO_3_E4"	1.25	2.20048899756	85.4257152705963	7.33540158566012	7.23888314374354	49.1830177069802	0.0341833595405757	0.929787379503658	0.116223422437957	0.0136733438162303	34.6414165584194	1.55192452314213	0	13.5297737061598	17.1842287523	17.8322875951	16.6906894221	16.1158052532	16.3700212427	15.1836813737	15.9109922737	16.1653025627	13.626276773	16.3096260939	11.4543257612	7.5395946034	6.72464152947	11.8516605881	7.649152737	8.70343038597	17.5886798831	6.61575178998	29.3700660545	0	0.0154	0	0	0.377	0.0013	0	0.0261	0	0	0	0	0	0.0747	0.001	0.0054	0.0022	0	0	0	0	0.0325	0	0.0699	0	0.0017	0	0	9.23783518868585	5.79015136622764	8.28934134340936	4.91633510167993	0.314937506914864	0.343268729532701	0.309348167913564	0.328367089805884	5.68136946019744	4.31501867505406	5.07013347106315	3.66942970822281	12.2473569978296	8.01700412816984	10.9368526925273	6.79454022988506	17.928726458027	-2	11.4627865961199	12.3320228032239	10.8888888888889	15.6341463414634	16.0069861635904	16.4146523797658	-2	10.4639699381079	8.93803433901	6.48610622582	18.3391579298	2.1034508571	4.81557626829	11.6371087402	10.427365459	4.19941612396	7.26968364768	22.0871899951	14.6642712778	16.3596323715	2.93210965996	3.70647632311978	8.63680550362671	3.0638898693964	3.23990250696379	9.88559036865326	2.02847393811037	2.39032033426184	7.75443056905705	8.46502440158029	2.34461944732623	0.614749424029	2.25484157942	2.8898487635e-05	0.000171558882635	0	0.0326	0	0	0.0552	0.0244	0	0	0	0	0.0524	0.031	0	0	0	0	0.0526	4.180337515	4.03511551385	4.29722083541	4.20847977268	2.06739229616112	4.49846835690543	10.5637750114059	49.9537248256534	14.4704425470899	18.4461969627843	2.10601433882103	4.34811471056824	10.0288767923526	52.7864445034519	15.1951672862454	15.5353823685608	0	0	0	0	51.063829787234	48.936170212766	1.83326340251105	4.58315850627764	8.14317528967498	52.7902398089275	17.4547332408095	15.1954297517994	3.06625939849624	3.4421992481203	9.04605263157895	51.9384398496241	13.4985902255639	19.0084586466165	1.38718890248878	5.71195430436557	20.359037127703	45.2060383516932	15.1366789065687	12.1991024071807	2.31788079470199	0	0	74.5033112582781	0	23.1788079470199	0	8.38323353293413	22.9940119760479	9.82035928143713	58.562874251497	0.239520958083832	1.9996391135316	4.53240596446909	9.76361936319942	50.7504798149637	15.0916159511819	17.8622397926543	2.52247417147457	5.40721856970347	6.30618542868643	54.0856031128405	17.8049107741849	13.8736079431102	0	0	3	0	0	0	0.568181818181818	0.568181818181818	45.4545454545455	43.75	9.65909090909091	2.02593388549489	3.90215632772318	9.20242435950064	57.0424745852752	16.4441117523483	11.3828990896578	2.02068416865553	4.73667462211615	10.2752585521082	50.2927605409706	14.642800318218	18.0318217979316	2.46093120670211	3.65313355888513	11.7407765426132	49.3072337683261	13.7667149991945	19.071209924279
"MERGE_ISO_4_H4"	2.25	3.73626373626	73.4377766898262	21.6799825001823	4.88224080999156	41.5016944949578	0.00206645726566375	1.2285088444371	0.277938502231774	0.00826582906265498	30.4792114399074	1.3194329641263	0.00103322863283187	25.1818482393784	17.473757172	16.2013549405	16.2423681412	16.0110085227	15.9353398406	13.8208612088	15.5541368387	14.2228089124	12.4816305108	15.9517749235	11.0235807604	4.62793255132	3.9516352437	8.36839322252	4.60920165781	3.20412816513	12.5628220625	4.34248044576	23.9059113012	0	0.0435	0	0	0.594	8e-04	0	0.0129	0	0	0	0	0	0.1637	0	0.0012	1e-04	0	7e-04	0	0	0.0143	0	0.069	0.0012	0	0	0	9.25228676413103	5.68642012165541	8.3813973491809	5.02509797014662	0.323678589427684	0.350822843215661	0.326084763454433	0.350350086921271	5.96204362442342	4.13471657275068	5.28218712124174	3.76892254854476	12.1717613947307	7.63570548942046	10.9312859209446	6.76341860772313	18.1338050191541	-2	12.678432642487	11.7704220621711	11.093023255814	19.7368421052632	16.2134730421863	16.3669172932331	-2	10.5323411562679	13.4045725646	28.0940754397	21.5736040609	3.19651858113	17.6825654049	16.1033797217	34.8617270417	5.24717447794	21.9045858189	25.708250497	13.7221752606	31.705937692	0.211111939001068	0.197340367509247	0.647563035725458	0.375034150460721	0.462113624418639	0.954138772445724	0.086928445471028	0.0922243928560804	0.556841644247012	0.671717171717172	0.103217761767864	1.1402271412	6.28707320602	2.12397953315e-05	0.000190777596636	0	0.0822	0.0012	0	0.2402	0.115	0	0	0.0436	0	0.2184	0.0566	0.0038	0.1512	0	0	0.3158	4.29000769976	4.1477573606	4.47002854424	4.47132801502	2.37811583577713	2.35520527859238	8.58229472140762	56.4584860703812	16.6972140762463	13.5286840175953	2.0809229716297	1.99618687568237	7.62950771587335	59.3152671631333	18.0960451056757	10.8820701680056	0	0	0	100	0	0	1.13571050877072	1.44837575005173	6.18663356093524	58.4339149826425	21.17387406028	11.6214911373198	3.03257769103738	4.44878146424461	9.45803933343342	52.8799479557624	11.8050342791373	18.3756192763849	1.26773317235134	4.73890733474193	19.8611530335044	45.0648958647751	14.1261696347721	14.9411409598551	0.319488817891374	0	0.0511182108626198	90.4664536741214	5.95527156549521	3.20766773162939	0	1.68855534709193	0	6.94183864915572	91.1819887429644	0.187617260787992	2.40018978244791	1.79176958178088	7.81875776224167	58.019006153975	17.501848983408	12.4684277361466	1.5440617624705	0.804032161286451	2.84411376455058	65.8026321052842	24.0929637185487	4.91219648785951	0	0	99.9101930848675	0.0898069151324652	0	0.0154297176361673	0	0.0154297176361673	91.8993982410122	8.05431260607931	0.0154297176361673	2.53832941026783	1.8369489153254	7.29213054265538	60.0706151790826	18.6096443794134	9.6523315732553	2.46291887932613	2.48515447197007	8.38543437884218	56.6497501765768	16.7564810212677	13.2602610720172	2.46353037670631	3.52100298787275	10.6303825648837	52.829691253149	13.4512859569981	17.1041068603902
"ISO5_10_G1"	2	2.63788968825	67.6953795025729	18.9979095197256	13.3067109777015	30.3875049426651	0.00527217609068143	3.12508237775142	0.151575062607091	0.156847238697773	35.3341241597469	1.60405957558982	0.00527217609068143	29.2302622907605	17.1324848807	16.4653681083	14.9816191488	17.3268514247	17.1981653682	12.0279293443	15.9730572499	13.7856644981	14.9832671124	17.043994287	17.8558091286	3.0392817856	3.02211610958	6.07601960603	3.72274952816	4.90822490706	5.09416287108	3.05767335197	5.98830629951	0	0.0087	0	0	0.0656	0	7e-04	0.0162	0	0	0	0	0	0.001	0	3e-04	0	0	4e-04	0	0	0	0	0.0041	0	0	0	0	9.11605476042315	6.68494835218888	7.96036271209727	6.43238419039524	0.365389798380105	0.38549720891988	0.367982609269832	0.386547707301625	6.96636244209362	5.61042793900639	6.11389709418149	5.47003824904377	12.2079098388993	9.1301852762748	10.6273957546198	8.80237994050149	19.1742722809929	-2	20.0016583747927	14.7406132152812	-2	-2	16.7412928488013	18.6250478743776	-2	14.2724181895453	7.56832708838	19.598527141	23.2558139535	33.9577799525	14.841152956	10.6650870619	23.084689393	36.9635118132	16.6926151904	18.2168834031	49.0563399972	23.4280103794	0.756908510404051	0.89672783419443	0.587084148727984	0.49818341957503	0.540412138488034	0.461280402571988	0.156886491247385	0.213789417423838	0.25859658932066	0.272697040239441	0.218507399051358	0.585260714582	11.0635828567	5.65818330457e-05	0.0001796586952	0	0.0124	0	0	0.0094	0.019	0	0	0	0	0.0826	0.0226	0	0	0	0	0.0066	3.86898241171	3.60217352574	3.68985507246	3.51932620396	3.9015648841418	11.459848834321	8.15975302508783	47.1913700720344	12.703594620489	16.583868563926	4.01063918907598	12.6308955348915	8.23280556253665	47.3883722878445	12.706291362989	15.0309960626623	0	0	9	1	0	0	6.84361416813095	45.7412373994266	8.61000647368908	26.4496439471007	4.62406362711551	7.73143438453713	3.47277032359905	5.63009734280453	9.10286766640358	51.5390686661405	13.6543014996054	16.600894501447	1.97368421052632	5.92105263157895	13.8157894736842	45.3947368421053	19.7368421052632	13.1578947368421	0	0	19.3717277486911	71.2041884816754	0	9.42408376963351	0	0	0	0	0	0	4.59804699253262	15.6295303482043	7.67799994529391	46.1746765502339	11.2174840668508	14.7022620968845	5.96538104089219	29.8617565055762	6.68564126394052	32.8008828996283	14.0566914498141	10.6296468401487	0	0	0	0	0	22.8070175438597	0	0	77.1929824561404	0	0	5.1006234454243	18.5676906677004	7.79791323448655	47.5885906257066	11.386762283167	9.5584197435152	4.12584739796021	12.6350304761522	8.31204361207781	46.6094023455573	12.5907746776367	15.7269014906158	2.66880422482082	3.78159185213127	7.86495662014334	51.4522821576764	13.6740852508487	20.5582798943795
"ISO5_25_A7"	2.25	5.71428571429	59.3294232649071	33.3724340175953	7.29814271749756	39.5361506732041	0.00194567670635847	2.41069343917815	0.0136197369445093	0	18.166783407269	1.66744493734921	0.00194567670635847	38.2014164526422	17.1283926219	17.6116861122	16.9187185696	13.1073035439	13.1524665535	11.2336317851	13.0586775653	12.8917615281	10.7356853534	13.3099429021	9.99771229042	11.5038520801	10.9472725013	16.3794068271	11.2781589062	10.765965657	18.2968626417	10.7028942705	21.6730381385	0	0.0101	0	0	0.0217	0	0	0.0038	0	0	0	0	0	0.0055	0	5e-04	0	0	0	0	0	0	0	1e-04	0	0	0	0	7.47936643227502	5.03367102597163	7.46496561347553	4.79116382873202	0.316133400420227	0.36236048543882	0.32203208091519	0.364572050579702	4.69699552525037	4.02092466384233	4.74942689125885	3.86328318730369	9.75055046523191	6.92705839012709	9.65284560948869	6.5986939990081	14.4475459904823	-2	10.1324444444444	10.9479830539694	15.7142857142857	-2	14.4022725007475	15.1401709401709	-2	10.4619771863118	10.0048042277	7.58035172832	18.75	1.09802788413	3.28613626148	14.0343502282	12.622368535	1.93960846637	4.81121171258	28.9815037233	5.1036625009	11.2662942272	1.65626500240038	0.907441016333938	1.21334681496461	1.52424387902064	0.933367902514908	1.30001444460494	0.978156505040807	0.544464609800363	0.899176657518417	0.948662416496355	0.768085538336604	0.680701514945	2.12740548656	2.72981259702e-05	0.000135269957584	0	0.0052	0	0	0.006	0.0108	0	0	0	0	0.0036	0.0026	0	0	0	0	8e-04	3.81293884655	3.7088159032	3.57471264368	3.99469160768	1.85516178736518	2.77657935285054	11.2326656394453	43.0693374422188	12.3913713405239	28.6748844375963	1.75206063869445	2.88696516588659	11.13780391832	44.5719256099076	12.1815847243507	27.4696599428406	0	0	0	0	2	0	1.44935646334639	2.31113598209289	8.98153329602686	43.2120872971461	11.1303861219922	32.9155008393956	2.48818113958696	3.53736418677946	8.7210748942523	52.488181139587	11.4083105250062	21.3568881147881	0.974658869395711	4.58089668615984	17.6900584795322	42.4463937621832	15.3996101364522	18.9083820662768	0	0	8.77742946708464	0.313479623824451	21.0031347962382	69.9059561128527	0	1	0	0	0	0	1.82941663017564	2.21378874130297	11.030019948426	39.5514036880261	13.0929791271347	32.2823918649346	1.38915685896199	1.2348060968551	4.41829056530967	26.6448003087015	10.5344395137951	55.7785066563766	0	0	0	0	0	0	0	0	0	0	0	1.91740766483714	3.1541356086571	10.1934184981904	49.1599357668432	12.4056275914963	23.1694748699758	2.1421539673164	3.28411104548139	11.5692065367198	42.9218350068911	11.6912778105926	28.3914156329986	2.04087775804461	3.0522862045092	9.55118750188134	49.9804340627916	12.3987839017489	22.9764305710244
"ISO5_30_A2"	0.5	1.00250626566	83.5720402799516	13.2898246857435	3.1381350343049	60.9848744431935	0	0.569778256400215	0.024475011013755	0	22.0304469137011	0.570757256840766	0.00293700132165059	15.816731117529	17.1375983243	17.1805381884	17.2585505334	15.2607824274	15.3810665574	14.7152352049	15.205466644	15.1683751113	13.9100999299	15.4977150474	11.8495951417	8.03771845439	7.34975179527	9.3626707132	7.83568496976	7.25299336722	12.4144203941	7.1702289713	21.4285714286	0	0.0049	0	0	0.0657	3e-04	0	0.0131	0	0	0	0	0	0.0044	0	0.0015	2e-04	0	0	0	0	0.0013	0	0.0091	0	0	0	0	8.45855818793408	6.26131355932203	7.72048311560266	5.88146701388889	0.333129140144652	0.364951349998942	0.33717510646569	0.360112640750447	5.72797231565956	5.03881355932203	5.42373949004464	4.71831597222222	11.0446482588389	8.62343220338983	10.2214279845534	8.08428819444444	16.7726205744985	11.3333333333333	12.694347826087	13.6622457627119	13.8461538461538	-2	15.6451674745981	15.1528747984954	-2	12.8026041666667	3.55437665782	4.02148955616	21.8412302577	7.96079779917	3.16184431031	6.43804471391	6.57616085958	9.74209078404	4.95780747156	17.0215990906	18.1052269601	11.9533138561	1.63859895053894	1.86814163223599	2.58146569503644	1.341188505181	1.64378692967258	2.68802419909253	0.878970997745742	1.10622417699587	1.91461570191118	1.95280716029292	1.0144293834718	1.05895049238	1.45015513287	2.03337153912e-05	9.67083181111e-05	0	0.012	0.001	0	0.01	0.0124	0	0	0.0022	0	0.0134	0.0174	0.0088	0	0	0	0.0102	3.95809574327	3.91207765955	3.85916078106	3.96143137053	3.43013468013468	4.31798140131473	11.4638447971781	49.8907728074395	11.7544492544493	19.1428170594837	3.54836377656755	4.56648513181358	11.4005494240686	50.9000433755844	11.6029688177744	17.9815894741915	0	0	0.389105058365759	45.5252918287938	0	54.0856031128405	3.37784522003035	3.38088012139605	10.3884673748103	51.793626707132	9.05311077389985	22.0060698027314	2.86138319976254	3.63312555654497	10.2463639062036	45.3725140991392	12.4606708222024	25.4259424161472	1.47133434804668	4.81988838153222	22.9325215626586	39.066463723998	13.039066463724	18.6707255200406	3.76282782212087	9.43557582668187	11.5165336374002	23.4036488027366	8.49486887115165	43.3865450399088	0	3.09278350515464	0	40.2061855670103	54.639175257732	2.06185567010309	3.54202588823858	3.7326662942905	11.7553488598004	50.3181387667873	11.839133496855	18.8126866940282	3.40540385333218	2.84262210354036	11.2958336922503	55.0636000803974	12.3811984954202	15.0113417750596	0	0	0	0	0	0	0	4.54545454545455	4.54545454545455	9.09090909090909	81.8181818181818	3.46497535553179	3.63705643030102	11.6203891490591	50.3115896603857	12.5643767592217	18.4016126455007	3.46908173465988	4.38068262959966	11.5461512829057	50.3808254391393	11.2641024420431	18.9591564716523	2.94679005205321	3.86061307113939	11.3244650086755	45.882012724118	13.3632157316368	22.6229034123771
"MERGE_ISO_37_B1"	1.25	1.72413793103	61.1024003756978	27.2577847463661	11.6398148779361	30.4111843346846	0.00226464660189777	4.1760083338995	0.00452929320379555	0.016607408413917	28.3133666991266	2.3741045209895	0.000754882200632591	34.7011798808796	15.971545596	17.2465460353	16.7944738189	12.3272425732	12.6482433432	11.9012266422	12.1707714125	12.1247365648	10.6304846169	12.5123954029	8.49842899036	14.8084029212	12.912352071	15.7399977072	14.6134546156	14.0015806112	22.7355720893	13.0559702788	37.726923614	0	0.0059	0	0	0.1202	0	0	0.0024	0	0	0	0	0	0.0029	0	0	1e-04	0	0	0	2e-04	0	0	0.0083	0	0	0	0	7.46081002331002	5.01493512024759	6.22358039063511	4.5069676625565	0.332480944628344	0.343241109501711	0.328327689123401	0.328470894214682	5.14308608058608	3.89235923791135	4.32967921355581	3.44980875705459	9.682837995338	6.90374513756779	8.18162268787996	6.18648193222243	14.8259240759241	11.5625	8.73296050332052	10.7961043754791	-2	9.6864406779661	12.5113019014358	10.527950310559	-2	9.63629068927702	15.2259913404	6.38657182335	14.678760393	6.18854486101	5.96101263089	19.6741737532	9.49541988639	8.08586408151	8.58144295483	34.9718094882	14.6087644673	17.7092588865	1.89839905313649	2.11826557435623	4.56172973828411	1.62586432442534	2.25608044304928	5.48357104706138	1.10726966922071	1.41515453130184	3.89705445985243	3.86381165754582	1.31622993184527	0.742063400042	3.33116898175	1.24130092575e-05	9.57220329998e-05	0	0.0194	0	0	0.0218	0.0032	0	0	0	0	0.0134	0.0054	0	0	0	0	0.0104	4.49500864338	4.41750248832	4.37938331318	4.42014678826	2.40696557944659	2.85722598853618	9.67223369897291	54.2712909889726	11.8835287613838	18.9087549826879	2.59707840236686	2.65070266272189	8.79252958579882	58.0944896449704	12.2688609467456	15.5963387573964	0	0	0	90.7033144704931	9.21584478577203	0.0808407437348424	2.06121747105354	2.09560930872406	6.02774274905422	57.7530666055256	11.1933967671673	20.8689670984753	2.11708716800224	3.48532036252931	9.4201630682017	50.7576022675578	12.5835462084893	21.6362809252196	1.41326292902625	5.63752135424755	22.720919397422	40.6274266190402	14.6296008697003	14.9712688305638	0	0	0	100	0	0	0.531914893617021	4.25531914893617	0	4.25531914893617	72.8723404255319	18.0851063829787	2.18677362781214	2.68437791073332	9.58202918495271	54.1776103246595	11.6446115246159	19.7245974272264	1.43572181243414	2.57978323046816	6.49179587535752	57.5097847358121	8.9041095890411	23.0788047568869	0	0	0	0	0	0	0	1	18	1	0	2.21837924793887	2.80876734365574	9.73175145787251	54.9229841142168	12.4158455660567	17.9022722702594	2.4079025033853	2.94087010867678	9.37727856671643	54.7533071768341	11.7643484601229	18.7562931842644	2.14879206814691	3.31483033095936	11.606270074012	50.0157100963553	12.7810361681329	20.1333612623935
"MERGE_ISO_42_D4"	0.75	1.40845070423	71.1847759361572	21.2277470841007	7.58747697974217	33.7296772628003	0.0606648871633099	2.56005823829168	0.157728706624606	0.0727978645959718	33.2443581654938	4.13734530453773	0	26.0373695704926	16.9728287612	16.6720001902	16.913269119	18.6923770452	18.8348157837	17.7580905119	18.6916220279	18.5928639755	17.2207545837	19.0880697909	14.7826972119	4.07529770549	3.51573286825	5.67714297833	3.75247895097	3.3671321982	7.30164175942	3.08203811724	15.3569209009	0	0.0023	0	0	0.1086	0.0021	0	0.0018	0	1e-04	0	0	0	0.0054	7e-04	5e-04	0	0	0	0	0	0.0027	0	0.0031	0	0	0	0	9.35025723472669	6.64875010664619	9.23644198214835	6.31815410589504	0.353340473545019	0.382239397507044	0.363396142157502	0.377130716694635	6.956961414791	5.89186076273355	7.30382271468144	5.60357360596539	12.4913504823151	9.32714785427864	12.441649738381	8.84293954884397	19.4483118971061	17.4	14.7347480106101	15.2190086170122	27.5263157894737	19	19.7454724530625	19.0990573327152	-2	14.4465131548094	3.56137734258	3.46210964894	10.6411103767	3.23187348866	2.38532972846	5.54957525452	5.9702570026	4.9591217902	3.78041612789	13.345438039	13.0388055118	10.107440931	2.2146198603066	2.2485001481966	3.22283609576427	1.657401288082	1.64651533579306	3.05785758133824	1.12739571589628	1.10994143679159	2.30202578268877	2.60665076841547	1.1525531379012	0.583751341642	1.55575756248	1.40680198282e-05	7.77138926341e-05	0	0.0082	0	0	0.0152	0.0018	0	0	0	0	0.0084	0.0028	0	0	0	0	0.0042	4.30629066121	4.38855840386	4.48374306106	4.35615071752	3.05511182108626	2.95164101074644	9.44004743924872	52.3846693774809	13.6581469648562	18.5103833865815	3.07608458687595	2.72363927040186	9.19191919191919	53.0208560424388	14.0353172007848	17.9521837075794	0.0767165324127349	8.70732642884542	0	5.60030686612965	85.0019179133103	0.61373225930188	2.07617593417313	2.1249522840056	6.37273614115452	50.1166390974255	16.6709080883912	22.6385884548501	2.63039133518148	3.13326026690736	8.01366771968281	50.4416220746567	10.8954935207272	24.8855650828444	1.63309744148067	3.37506804572673	17.4197060424605	43.8758845944475	14.2623843222646	19.43385955362	6.77466863033873	0	14.580265095729	51.6936671575847	14.4329896907216	12.5184094256259	47.8027867095391	3.96570203644159	1.17899249732047	30.2250803858521	16.3987138263666	0.428724544480171	3.03684726839011	2.72984551106971	9.18252842412822	52.5198845391092	14.0028088896417	18.5280853676611	3.5220968050507	1.02735794911039	8.02180983355653	50.8838722020279	17.4861297111154	19.0587334991391	0	100	0	0	0	0	3.08641975308642	0	4.93827160493827	91.9753086419753	0	2.9303437906782	1.95658974177859	7.74664231440651	55.2204316808105	15.1098374385728	17.0361550337534	3.12617231461798	2.91727044700586	9.45060279957925	52.3917057131719	13.5800925347005	18.5341561909245	2.65092257248784	3.12881726421362	9.24929815914108	51.3833229753766	12.9910207230568	20.596618305724
"MERGE_ISO_42_E7"	1	1.40515222482	62.9703273172224	15.4175588865096	21.612113796268	34.5371775417299	0.0606980273141123	4.68892261001517	0.0303490136570561	0	27.8603945371775	0.682852807283763	0.0151745068285281	32.1244309559939	16.1669683189	17.0730438141	19.1139877072	15.9902818944	15.9642544913	14.655867697	15.9533324002	15.1206468791	15.1042539653	16.0622435186	13.7489100597	9.71544022006	9.45784541884	14.570665126	9.76217136725	13.0812985991	12.3157028898	9.51274561869	17.9428386888	0	0.0086	0.0013	0	0.1512	4e-04	0	0.0026	0	0	0	2e-04	0	0.0146	2e-04	0.0031	0.0144	0	2e-04	0	0	0.0033	0	0.0203	0	0	0	0	8.05784823531271	5.20002340367438	8.05080124578363	4.84742603315618	0.375175767298136	0.33894420490854	0.360953493011147	0.3294775892936	6.77505571448893	4.65826734797363	6.34829135818435	4.32303482192433	10.7779007096682	7.28942543979405	10.743213388941	6.7737764733878	17.5529564241572	29.8	9.04595928439235	11.9476927877677	15.3176620076239	17.6216216216216	17.0915047471253	14.5060648801128	-2	11.0968112953121	12.3752853369	11.3063723377	20.0678733032	40.7011565469	12.5718275728	19.0233142681	15.4712425627	45.655204461	16.9971043066	35.1304214009	54.8456216439	29.0908344115	0.60889629534675	0.782711684031652	0.49267437061494	0.671708755287784	1.22041229681251	0.660338423442014	0.2435585181387	0.379340531076743	0.363702022286422	0.354626155394893	0.331162269512061	1.02354717825	5.72688120649	1.6747373624e-05	9.94697024478e-05	0	0.1022	0.0214	0	0.0252	0.0276	0	0	0.1268	0	0.1124	0.3876	0.1092	0.0706	0	0	0.0664	4.3894415671	4.15154454239	4.02759556661	4.17309081527	2.67181269590805	2.50389150691942	9.87962982706783	50.2206964198136	11.1425037848903	23.5814657654008	2.7015379311194	2.37215716695603	9.6043736840161	50.9290384544346	11.1269131789246	23.2659795845493	0	0	59.4470046082949	40.0921658986175	0.460829493087558	0	0.293204304181411	0.46363833321297	10.7748970896223	44.7894850870225	8.342601285477	35.3361739004839	2.40312028183191	2.8057372924006	11.5374937091092	41.20533467539	10.8077503774534	31.2405636638148	0.88261253309797	4.67784642541924	24.6248896734334	36.8932038834951	16.8578993821712	16.0635481023831	2.07631874298541	1.12701084923307	7.51964085297419	53.0443322109989	6.52824541713431	29.7044519266741	4.74328174758366	0.324040449187105	7.48086485278507	50.5391362645958	1.13414157215487	35.7785351136935	2.63139477920078	2.36370634754007	9.79424732311568	50.5295448713463	11.0819511512352	23.599155527562	3.0483192641675	0.425100602099785	7.09055701794197	51.0302260143415	8.78036973162688	29.6254273698224	0	0	0	0	0	29.2181069958848	0	0	37.8600823045267	0.823045267489712	32.0987654320988	2.55222398112798	1.65906198590806	9.73554334668032	49.2597076077847	10.7986466772201	25.9948164012788	2.71025442958528	2.41333944865543	9.88509631632308	50.313209095737	10.9067976633032	23.771303046396	2.33166478281931	3.14548683998062	10.8154367834652	46.9239463910867	12.5270466655902	24.256418537058
"MERGE_ISO_45_D4"	1.25	2.05949656751	68.1502689571404	8.32899531494014	23.5207357279195	34.8889271568796	0.180816256242466	4.98536249354228	0.0947132770793869	0.0430514895815395	31.8581022903392	1.23127260203203	0	26.7177544343034	17.0955129002	16.3834223145	16.6068476499	17.228834833	17.3373347428	17.5045112872	17.2618232247	18.1989270126	16.9790797875	17.3411160254	14.7889588295	3.13565055739	2.91996698475	3.0246537363	3.00781139445	2.05504364694	3.79557370525	2.91798383649	10.2926165362	0	0.0055	0.0014	1e-04	0.67	0	0	0.0039	0	0.0015	0	1e-04	0	0.0524	0	0	0.0159	0	0	0	0	2e-04	0	0.0341	0	0	0	0	8.23327991748172	6.56690290848534	8.26077109177948	6.28769112496797	0.37516859576533	0.403151328578263	0.365303744603557	0.406443822530182	6.82267779189921	6.35211649432632	7.06273485355433	6.26996668659776	10.9978265274171	9.07087254560242	11.4439053894065	8.71914239343982	17.8205043193163	25.0769230769231	15.9933177413966	15.4229890399287	15.6528925619835	16.1081081081081	18.5066402429608	18.5101796407186	-2	14.9891090800376	9.29261549862	27.398156408	25.41367468	36.1281800953	18.2563283309	15.7394476587	39.8997493734	40.452535462	27.7270102842	35.0457434377	50.6489404468	42.5520831072	0.206576248005471	0.42482108333616	0.241143710168226	0.166685662183725	0.271342807719703	0.203823850261239	0.0812058354228402	0.14584675914934	0.134925647356031	0.167298392367011	0.122269742661214	4.34892495442	5.62225070556	2.1374073903e-05	0.0001153337902	0	0.1242	0.0492	0	0.1706	0.0388	0	0	0.0954	0	0.228	0.1162	0.2846	0.0476	0	0	0.2114	4.27478164228	4.28508072722	4.29659694037	4.27908245292	3.30700794820075	4.71770292572195	7.18752568780075	54.9399616817052	15.4006664601104	14.4471352964609	3.54841512330037	4.97690380688976	6.69427590900534	55.5829073690612	16.1238940615995	13.0736037301438	4.08328826392645	34.7214710654408	0.486749594375338	2.59599783666847	9.87020010816658	48.2422931314224	4.29259431876576	4.62601130510642	4.89967614335735	56.5661635535797	15.3802029182949	14.2353517608958	1.871329053408	3.74265810681601	11.1050402950417	48.5589400355143	10.8591722442289	23.8628602649911	1.55148095909732	5.07757404795487	22.0028208744711	41.8899858956276	11.7066290550071	17.771509167842	5.42435612298603	2.64511638172527	4.29194750513574	58.5372064990408	16.5124530992683	12.5889203918439	0.769386515488965	0.0202470135654991	0	70.8645474792468	2.63211176351488	25.7137072281838	3.43941923980415	4.44202303795319	6.53567486485722	56.0835479579996	15.5435428636119	13.9557920357739	4.79358632395732	4.04037342386033	0.751697381183317	62.8485693501455	17.9816319107662	9.58414161008729	0	0	0	0	0	85.3208036292936	0	0.0972132209980557	1.45819831497084	13.1237848347375	0	3.67877351144642	3.98591476181412	5.66091605959405	58.127563115364	16.3528923188732	12.1939402329082	3.43877701220324	4.673119922617	6.96937623977514	55.5622533592211	15.2985623865365	14.057911079647	2.00748553929908	4.69547465124192	10.1777815583532	48.7835998638993	14.494726097312	19.8409322898945
"ISO5_50_E7_B"	2.25	3.13111545988	66.4772727272727	21.1444805194805	12.3782467532468	27.5366214218519	0.0806343233436366	1.9889799758097	0.188146754468485	0.120951485015455	36.4332750974331	2.31151726918425	0	31.3398736728934	17.0800865801	17.6263449486	18.2357542797	14.3851506731	14.7414791101	13.2838693777	14.3969736933	15.2013520492	11.7411960398	14.5938500783	8.7277520126	12.9186029799	11.2145906092	16.8256315465	12.1218851947	9.31881132341	24.6864069816	11.9185925608	39.5147882394	0	0.0366	0.0019	0	0.3162	0	0	0.0158	0	0	0	0	0	0.046	0	4e-04	1e-04	0	0	1e-04	0	9e-04	0	0.003	0	0	0	0	8.2382797059056	5.021684225718	7.27199759437454	4.41410475377171	0.349230317083032	0.380003382693868	0.349321675429706	0.368069420062088	6.36998972250771	4.5625631404243	5.50710122131754	3.9729220039852	10.6238042533007	6.95670370904892	9.3432411176906	6.10998434386564	16.9937939758084	-2	9.96614776377564	11.5192668494732	20.4857142857143	-2	14.8503423390081	14.2224909310762	-2	10.0829063478508	26.896709906	18.0618508421	20.1050620821	2.31945710524	14.4022017497	30.1230918219	21.2564184047	4.13501468652	15.9995629281	44.3207013431	9.43735440089	23.1525176024	2.68113547993596	2.21038748560076	3.6785741411175	2.88952705278406	2.39736890432228	4.23808197675891	2.04071259752471	1.6277400290489	3.20261272437277	3.34314875904975	1.85236329203819	1.68953607766	6.4424700661	1.68991515063e-05	9.63411304293e-05	0	0.1116	0	0	0.1078	0.1698	0	0	0	0	0.058	0.0234	0	0	0	0	0.0188	4.07940219601	4.04829877458	4.05677480916	4.14400364566	1.50792890336799	1.958271451157	7.56958750538974	45.6666506970728	12.7437359267954	30.5538255162171	1.46488164532402	1.49560212132971	6.63562281722934	46.612663303583	12.8848143836502	30.9064157288837	0	0	0	0	14	2	1.22242760320394	1.16574245224892	4.69747381392483	40.5791743684535	12.4929143561306	39.8422674060382	1.76639977524933	2.60570304818092	6.57746874561034	42.000280938334	13.8853771597134	33.1647703329119	1.05531914893617	4.13617021276596	14.1617021276596	38.0595744680851	15.6936170212766	26.8936170212766	0	0	2.37673830594185	89.936788874842	0.101137800252844	7.58533501896334	0	0.108885017421603	0.39198606271777	10.9973867595819	1.35017421602787	87.1515679442509	1.41459012979801	1.9698757548414	7.45887415839522	45.5945026723121	12.4883737072257	31.0737835774276	0.690108445612882	0.0798084596967279	2.30505610065255	48.5047650345054	8.76015210553495	39.6601098539975	0	0	0	0	0	0	0	0	97.8260869565217	2.17391304347826	0	1.49020769484921	1.98694359313228	6.98050653389995	44.9978922903399	13.4916204299728	31.0528294578059	1.54302588346203	2.10589067114001	7.24515118326378	45.812480070982	12.2735023776185	31.0199498135337	1.55539026951348	2.40855792789639	8.31072803640182	42.1749212460623	14.5760413020651	30.9743612180609
"MERGE_ISO_52_A9"	1.25	3.9627039627	65.2804499038035	11.6175817670564	23.1019683291401	43.2530999270605	0.0145878920495988	6.37490882567469	0.0437636761487965	0	20.8460977388767	1.37126185266229	0	28.0962800875274	17.4036503108	17.7578937687	17.0889966484	16.9822611549	16.9629494693	16.1596918054	16.911075013	16.3604363732	16.1085155129	17.150843391	14.5951534733	4.03679260641	3.72485347695	4.81006609859	3.95723943624	3.88418311855	5.61848275271	3.56332703214	11.9483037157	0	0.0016	1e-04	0	0.0739	3e-04	0	0.0032	0	0	0	0	0	0.012	0	4e-04	0	0	0	0	0	0.0083	0	0.0124	0	0	0	0	9.01187379848468	6.32833249587251	8.59272723738056	6.05495380694489	0.341114110414827	0.378236788332868	0.34025696554622	0.374436675499843	6.33495420106299	5.57289498241332	6.04021306997677	5.3267760433259	11.9430057672735	8.98585887588831	11.3917882519902	8.58322714240204	18.2779599683365	25.32	13.7627441638876	14.5587538583016	20.3030303030303	22.813829787234	17.432001321967	16.5328130542746	-2	13.9100031857279	5.72073767407	7.92147971932	31.1697890544	5.8120912852	5.60282624101	8.88690252164	9.96351792571	9.96930468437	7.60354004272	22.708882198	24.049112505	15.8582948415	1.28171962089321	1.04933040840731	1.18023604720944	0.714940852755109	0.614551242961567	1.08688404347536	0.392747113191129	0.37696699954859	0.706808028272321	0.828429412100783	0.381432047113395	0.951391773993	3.51000059351	1.8488764926e-05	9.63796840661e-05	0	0.01	0	0.0038	0.009	0.0042	0	0	0	0.0034	0.0152	0.0044	0	0	2e-04	0	0.01	4.0081847688	4.00659702698	4.05476435178	4.18136960725	2.00180331358872	4.23716078293865	10.5230861708389	45.4566515973101	12.9080936220305	24.8732045132932	2.06874702993822	4.07175669253921	9.78773958498337	47.2216062094092	13.5070489466181	23.343101536512	0	0	0	96.4705882352941	3.52941176470588	0	2.5324520187943	7.88205781635741	8.59679859839134	45.9285657402246	13.8070398980648	21.2530859281676	2.12847310731583	3.97654855977568	10.5149120570992	46.3165944430283	12.681621208259	24.381850624522	0.746268656716418	2.87846481876333	23.2409381663113	38.4861407249467	14.9253731343284	19.7228144989339	0	0	9.41446613088404	20.6659012629162	31.8025258323766	38.1171067738232	0.571697078862871	26.8540997728875	11.895998120448	43.7309107995928	9.80499647583992	7.14229775236902	2.03557538706264	4.41153672461092	10.535787707012	45.3670438996771	12.8665889283572	24.7834673532802	2.39280181932039	6.80102831152566	5.65241752084638	48.1131142678224	13.546026828384	23.4946112521011	0	0	0	0	0	7.42049469964664	0.032123353678124	15.0658528750402	28.5255380661741	35.9781561194989	12.9778348859621	2.02342461940346	5.35511637368049	8.41059460848339	49.4561377213455	13.976618204398	20.7781084726891	1.96233822887887	4.49760069797877	10.5293005671078	45.7226988512433	12.815908099462	24.4721535553294	2.17124394184168	2.97253634894992	10.8788368336026	44.281098546042	13.3214862681745	26.3747980613893
"ISO5_53_H3"	4.5	11.1543450065	45.0860104664847	24.4660340035556	30.4479555299597	29.2441474858139	0.0196516740769854	8.07438158638139	0.137561718538898	0.00491291851924636	14.2572895428529	1.55002579282223	0	46.7120292809944	17.5108887581	18.3168000811	17.1114380819	14.5511425968	14.6894064125	12.8583618526	14.2642512077	13.5927713037	13.2064705646	14.8487830365	10.6495191344	10.2898793254	9.46273830156	14.9212867899	10.0368069933	10.2057538237	15.0939600016	8.86053903427	28.0705269485	0	0.0037	0	0	0.1099	0	0	0.0102	0	0	0	0	0	0.0213	0	4e-04	0	0	0.0019	0	0	0	0	0.0085	0	0	0	0	8.40008627197239	6.26772729757804	7.41987556751303	5.99264747469035	0.318678103693405	0.354151482530777	0.326228686615933	0.349716061108115	5.48797584384773	4.99343939642447	5.14214449862676	4.76098636954923	11.039415507387	8.70264064293915	9.78274760383387	8.30241502177479	16.5273913512348	-2	10.9479768786127	13.6960800393636	16.2842105263158	18.75	14.9248921024606	15.0035906642729	-2	13.063401391324	5.24977066133	11.2312776276	19.161160586	11.597647438	5.98522827293	9.49045117171	16.8190206429	16.2262326781	8.37192096233	28.5172212493	30.7968095392	20.0668427028	4.02483229865422	6.82198481143004	3.60480103109393	2.59989167118037	2.71163169863131	2.7428709521508	1.62493229448773	1.70335092461492	1.98566135008861	2.12284797198716	1.63060520539354	0.836140702297	3.35366778961	3.54151073231e-05	0.000205665114389	0	0.033	0.0042	0	0.0204	0.0082	0	0	0.0184	0	0.035	0.026	0.0034	0.3912	0	0	0.0078	3.922875	4.00051488887	3.84517407303	4.16412920896	2.41349175359328	2.56224317138023	13.4750190587754	40.148007660698	14.2410888603782	27.1601494951749	2.47833622183709	2.71447140381283	14.0207972270364	40.9553726169844	14.0229636048527	25.8080589254766	0	0	0	0	0	0	2.39105635409537	1.16814966917636	9.86082591832078	38.0606890257814	17.9785535021675	30.5407255304586	2.05030849549122	3.17987660180351	11.0583768391077	43.0659705742762	13.7161841480778	26.9292833412435	1.01137800252844	4.04551201011378	21.6182048040455	38.1163084702908	17.6359039190898	17.5726927939317	0.44953003677973	5.14916223947691	31.1810380057213	46.3833265222722	1.71638741315897	15.1205557825909	0	27.5193798449612	0	17.0542635658915	0	55.4263565891473	2.17161260639522	2.32804232804233	13.2275132275132	38.8474810213941	15.0862663906142	28.3390844260409	2.34431900946832	2.45812090313183	16.3510560815732	33.726329206118	10.1056081573197	35.0145666423889	0	0	0	0	0	0	0	0	0	100	0	2.3459820530361	2.08241117057664	14.3012353627621	42.0465977224257	15.0134803428433	24.2102933483562	2.47964470762398	2.61462097792485	13.9569817564331	40.2076892933339	13.9743980493752	26.7666652153089	1.95852534562212	2.88519334802645	11.7361250250451	41.3895011019836	14.8467241033861	27.1839310759367
"ISO5_55_D6"	1	2.73348519362	97.7210670027305	1.70132325141777	0.577609745851712	66.2865436450342	0.0207339829981339	0.0311009744972009	0.176238855484139	0	30.344184117769	0.92266224341696	0	2.21853618080033	17.5151172132	18.9534000438	18.6291541473	15.9541525666	15.9904545252	15.3270517902	15.8005361654	15.318057391	14.5887092622	16.205682189	11.9917308472	8.55995433604	8.16271912217	10.1111183313	8.12496777852	8.31602794034	12.0501467333	7.53274600289	24.0616132955	0	0.0107	0	0	0.1243	0	0	0.0176	0	0	0	0	0	0.0034	0	0.0035	0	0	0	0	0	0	0	0.0099	0	0	0	0	8.54193523634131	5.77837226052063	8.247932618683	5.45494783433449	0.323620361107695	0.382148914003877	0.329086182822972	0.373441241926876	5.73081645181093	5.22337689062661	5.72595712098009	4.9033617873327	11.4946669736034	8.46033542545529	11.0778713629403	7.98050374117399	17.2254834254144	-2	12.5334796926454	13.6837123160819	21.1	17.3666666666667	16.8038284839204	14.7512216792537	-2	12.8838655285067	8.9992508428	8.30021792078	31.719038817	10.6897408297	5.38977670925	14.4837058309	14.1456223561	15.1444895255	9.50046355222	29.610438257	32.5660346112	22.7690567105	2.11452095808383	1.52407786885246	2.2354694485842	2.25486526946108	1.49205942622951	2.18579234972678	1.14770459081836	0.877305327868853	1.28332505381686	1.47236484445787	1.11423926404695	1.84645462609	3.06113213012	5.34797587846e-05	0.000244525273737	0	0.0222	0	0	0.0196	0.0126	0	0	0	0	0.0096	0.016	0	0	0	0	0.01	3.97170929507	3.84252321486	3.9859571323	4.0796489485	1.04578627634851	2.47074652423859	8.62722713744037	40.1598238675745	18.7528030333918	28.9436131610062	0.994692002319461	2.58932155760739	8.53517106026139	40.7399973236986	19.006200098131	28.1346179579821	0	0	0	0	0	0	0.214438884917798	0.552342582364026	8.32412762362727	33.7513808564559	21.4568847878355	35.7008252647995	1.34579439252336	2.78504672897196	8.31775700934579	36.2990654205607	14.785046728972	36.4672897196262	0.597371565113501	2.9868578255675	17.0848267622461	29.1517323775388	18.1600955794504	32.0191158900836	0	0	13.0872483221477	23.1543624161074	32.8859060402685	30.8724832214765	0	82.9268292682927	17.0731707317073	0	0	0	0.935711707996082	2.18590503686137	8.64308913749549	40.3722225086354	19.0699592720524	28.7931123369593	0.363413252784595	2.30791013781386	6.66414951859543	37.3702095525769	18.5293562393808	34.7649612988484	0	0	0	0	0	0	0	0	0	0	0	1.10950934459146	2.49703959223601	9.09488750450497	39.3708489934614	19.3765123822273	28.5512021829789	0.999860159418263	2.63366428937678	8.82394070759334	40.339346478348	18.5079009928681	28.6952873723955	1.30522902310499	2.07539521686259	8.38265099310904	37.1139035265505	17.8435346574787	33.2792865828942
"MERGE_ISO_55_E3"	3.25	7.21153846154	73.1239460370995	15.6408094435076	11.2352445193929	38.9328887036265	0.0416840350145894	2.14672780325135	0.395998332638599	0	31.679866611088	2.29262192580242	0	24.5102125885786	17.161425172	17.4412263247	17.9673315724	13.9005630404	13.6044957693	10.7081135393	13.8532129809	13.6111592946	10.3290828632	14.0016542597	10.0518150174	11.5543937261	11.170425246	19.927991292	11.4818396733	11.1592945938	21.031438099	10.5747299296	23.9980109398	0	0.0019	0	0	0.0124	1e-04	0	0.001	0	0	0	0	0	0.0047	1e-04	0	0	0	0	0	0	0.0015	0	2e-04	0	0	0	0	7.83687383378786	5.05699187263788	8.04885477582846	4.80472228934378	0.314229490225588	0.342965942231348	0.303380500947145	0.341105906769693	4.92765896368595	3.73427204923242	4.74845679012346	3.52687355448928	10.1464044782546	6.87625004180742	10.3349171539961	6.51196106182471	15.0740634419406	-2	9.49683438853715	10.6105220910398	12.2352941176471	15.1904761904762	15.0833739441196	13.8382624768946	-2	10.038834616314	2.64185619113	2.63644617816	20.0617283951	1.19253928624	1.13598241657	5.00804043189	4.82563809396	1.94448524012	2.02903580311	16.3450493912	5.26655896607	6.35201573255	2.58353427488805	2.5655587105395	2.37871490661341	2.1586864163509	2.42191414731919	2.29648772465641	1.61327362498565	1.65358276265241	1.72089745095736	1.87929069366766	1.65236668171928	0.494277119712	0.450591010647	2.16885387078e-05	8.88359019185e-05	0	0.0028	0	0	0.0038	0.0034	0	0	0	0.001	0.0032	2e-04	0	0	0	0	0.0018	3.95205282802	3.87354248104	3.90740740741	4.01418460544	2.64025738990549	2.81721294992962	12.5477578926201	49.1916348280716	12.8453649708425	19.9577719686306	3.13033373279587	2.25151614191815	11.6933580273813	50.5211170425246	13.425572865599	18.978102189781	0	0.909090909090909	41.8181818181818	45.4545454545455	0	11.8181818181818	3.28225738926568	2.52030478104329	11.1697228502051	47.4252700326551	10.57523235368	25.0272125931508	3.46664720478762	4.86790249598599	11.7866004962779	52.4631440665596	9.56064808057218	17.8550576558167	2.11196781763326	6.06771706335903	24.4049614482065	42.6081126382836	14.1803553469661	10.6268856855515	0	0	0	27.2727272727273	72.7272727272727	0	0	48.936170212766	42.5531914893617	8.51063829787234	0	0	2.37749838813669	2.5709219858156	13.0990758650333	48.4096281968622	13.3999570169783	20.1429185471739	3.18010985834056	1.87915582538306	15.3512575888985	39.8959236773634	15.2645273200347	24.4290257299798	0	1	0	15	0	1.13636363636364	0	1.13636363636364	34.0909090909091	63.6363636363636	0	3.34305069105094	3.72475409492251	13.4707745223464	51.9011765692834	11.2665422285606	16.2937018938361	2.80472215956087	3.25588390104519	12.9082387146903	49.0036844875555	12.2991703636865	19.7283003734617	3.00099453008453	4.02038786673297	12.5509696668324	51.1188463451019	11.2481352560915	18.0606663351566
"MERGE_ISO_57_G4"	1	1.24378109453	64.0098554588948	19.3447132382102	16.645431302895	23.2556383407169	0.00251711639146194	4.65330916901598	0.0302053966975433	0.00503423278292388	39.2149953013827	1.52117733924017	0	31.3171231037723	16.6953122686	17.236339237	17.1503890189	14.2933594515	14.3947526814	13.7676717095	14.3630456529	14.3152612617	13.0342430966	14.8222856049	10.4734862597	11.110675808	9.86314345763	11.6954825787	10.435460026	9.3371617412	15.8767498017	8.801564185	28.3871768943	0	0.003	1e-04	0.001	0.0458	0	0	0.0057	0	0	0	0	0	0.0147	0	0.0018	0.0017	0	0	0	0	0.0016	0	0.0238	0	0	0	0	7.63308357719394	5.27708383792948	7.25350971922246	4.7967868673902	0.329071098902565	0.374960880589756	0.338386783281619	0.366310977883142	5.45560665015918	4.87778969585827	5.45677345812335	4.44734897109737	10.1047367913304	7.54039652607176	9.71746760259179	6.84276656163691	15.5603434414895	-2	11.5988343856241	12.41818622193	13.3980582524272	22.1880877742947	15.1742410607151	14.8887791741472	-2	11.2901155327343	3.96934990388	7.59369570613	12.5213643457	3.88968546936	4.06653806823	7.53526656378	12.884090345	5.38454498307	7.05703262992	22.4731270138	10.6958723573	17.0063679465	2.34616009092385	1.94794747719763	2.16430422191739	2.34886615792607	1.95413536626115	2.4112178021643	1.3692699031228	1.18683712238407	1.45709495503734	1.54877656547663	1.25631001632064	1.54253541404	1.77777206468	1.23685709291e-05	8.82067781574e-05	0	0.0068	0.0104	0.0086	0.0096	0.0062	0	0	0.004	0	0.01	0.008	0.0794	0.003	4e-04	0	0.01	4.01802435724	4.01122580326	3.82273402675	4.05697649605	3.88795298726739	5.6462291870715	11.7171400587659	51.0158667972576	8.27345739471107	19.4593535749265	4.04254689334662	5.31342812318076	11.2534164800142	52.6498070983848	7.8176956397328	18.9231057653409	0	0.252525252525253	0	99.7474747474748	0	0	3.29318433398345	4.63602340414317	11.0234041431659	51.2782668283169	6.13568077592114	23.6334405144695	2.71139903041744	4.47037624951735	11.201681753829	45.1499420824574	10.2449697541722	26.2216311296066	1.46110872367856	6.70391061452514	23.9578856897293	38.8053287494628	10.4856037816932	18.586162440911	0	0.0465874679711158	2.07314232471465	23.6664337293268	1.58397391101794	72.6298625669695	0.0405679513184584	0.892494929006085	2.96146044624746	95.8620689655172	0	0.243407707910751	3.99252839475571	5.61255654606457	11.7394498986376	51.2035127167784	8.09128814369561	19.3606643000682	4.03743532789772	7.65500988704391	10.3895224422353	50.4022537042555	5.82929273776309	21.6864859008045	0	0	75	0	25	5.12219618346167	0	5.89219953130231	31.4362236357549	2.00870438567124	55.5406762638098	3.59004517629447	5.4897662772773	12.0131519153145	50.9155550803283	8.01411425058141	19.9773673002041	3.9507765493192	5.96950242388204	11.7364267644954	51.8841777446307	7.55989155521513	18.8992249624575	3.0904607305693	4.67826920006387	12.4807067965299	46.053541966044	10.5274362659003	23.1695850408927
"ISO4_RNA_3163_T0"	0.5	3.50877192982	35.1864813518648	10.0789921007899	54.7345265473453	15.3150476944912	0.0132026273228372	13.5062877512625	0.0495098524606397	0.0165032841535466	18.4935802224643	1.13872660659471	0	51.4671419612503	16.8526659903	16.4365634366	17.3724209078	19.5365937268	19.7818660775	17.2545710267	19.2564080209	19.0684174153	13.1576737677	19.8134996801	13.6760782282	3.99360109695	3.55200543848	18.8466947961	4.07149084568	5.73600552868	30.8972166071	3.11100447857	29.2837715322	0	0.0178	0.0097	0	1.114	0	0	0.0515	0	0	0	2e-04	0	0.0315	0	1e-04	0.0355	0	1e-04	0	0.0053	0.0019	0.0117	0.0375	0	0	0	0	9.43519781718963	5.31718061674009	8.97113687925384	4.08247422680412	0.356092637567756	0.337111976527644	0.385859717001409	0.306846356842853	7.27819463392451	4.56010069225928	7.78358961431812	3.43814432989691	13.0853797180537	7.57394587791064	12.363372825813	5.75670103092784	20.3635743519782	15.7333333333333	10.1530612244898	12.1340465701699	20.53125	-2	20.1469624401311	17.0973236009732	-2	9.19484536082474	5.35508083141	5.11285494701	26.9736842105	4.38373570521	3.16245771896	9.19457274827	9.36008413559	6.73443456163	5.5761715543	26.8908775982	15.374841169	17.0700469607	0.122619734564339	0.0882754193082417	3.64732001268633	0.209174841315638	0.0802503811893106	4.09134157944814	0.0504904789382574	0.0642003049514485	3.52045670789724	3.29861111111111	0.0592548700096289	1.29048207664	0.805933250927	0.000112545033092	0.000551008363122	0	0.0822	0	0	0.135	0.1528	0	0	0	0	0.0524	0.0258	0	0	0	0	0.1316	4.32388371925	4.54987561191	4.53694581281	4.42816365366	2.76524024452951	2.6166942809804	11.0381077529566	55.2305319088156	13.4148431697423	14.9345826429755	2.69374575118967	2.10740992522094	10.0101971447995	56.3732154996601	13.0268524813052	15.7885791978246	0	0	0	100	0	0	0.843881856540084	3.44585091420534	10.337552742616	55.0632911392405	15.7524613220816	14.5569620253165	3.32950631458094	2.69804822043628	7.00344431687715	53.7313432835821	9.18484500574053	24.052812858783	1.42857142857143	6.63265306122449	20.9183673469388	44.8979591836735	12.0408163265306	14.0816326530612	7.81049935979513	2.43277848911652	14.4686299615877	55.6978233034571	5.12163892445583	14.4686299615877	0	0	0	0	0	2	2.7027027027027	1.88317349607672	10.1482127288579	58.3870967741936	13.9058413251962	12.972972972973	7.8092605390463	1.52038700760194	6.77263303386317	51.0711817553559	22.3220456116102	10.5044920525225	0	0	0	0	0	0	0	0	25.9259259259259	74.0740740740741	0	2.41020059088789	1.72601461670036	9.14321256414243	58.6844969678122	10.4182864251283	17.6177888353289	2.66314779270633	2.62316058861164	10.8365323096609	55.6461932181702	13.9395393474088	14.2914267434421	2.88822691361223	3.13430902732807	11.7083279367958	52.9076544489056	11.4363424426888	17.9251392306696
"ISO4_RNA_3275_T0"	1	2.25563909774	58.8891448757824	18.144990976462	22.9658641477556	33.8063997857812	0	7.56077501291051	0.0382533519499646	0	24.2621884742651	0.872176424459193	0	33.4602069506341	17.2254518808	17.3644291219	17.9124293785	21.6785941588	22.3432053994	16.032844734	21.6151142355	18.6652675761	10.8238129423	24.0773925464	10.6476949345	6.18060957499	4.80507706256	31.5418023887	6.07791446983	8.18467995803	49.5231258332	2.49318270354	45.8309618668	0	0.0736	0	0	0.1704	0.0045	0	0.0154	0	0	0	0	0	0.025	1e-04	1e-04	0.0037	0	0	0	0.0026	0.0073	0	0.0194	0.0026	0	0	0	11.1765447667087	5.47942157953281	10.4453011043967	3.80201101268853	0.351343380196267	0.306311069734066	0.347550004081793	0.271143756594656	8.22849936948298	3.95216907675195	7.72806834757241	2.69379937754369	15.1756620428752	7.54588431590656	14.0708480933528	5.18865214268614	23.4041614123581	31.1363636363636	9.85250737463127	11.4980533926585	22.0769230769231	-2	21.7989164409252	19.1949152542373	-2	7.88245152022983	3.43613966843	8.28064764842	42.6910299003	1.29794370716	2.71500018802	6.61294804112	13.7856592136	2.21671284818	4.61023577633	20.3482448828	5.51261484614	12.9620576844	1.60214854602704	1.23513266239707	6.79498396033829	1.07427301352102	1.20463555962184	6.94079906678332	0.879792554176699	0.945410186032327	6.2992125984252	6.16583982990787	0.922119764470614	1.13526681068	0.873282162063	6.91468844257e-05	0.000394126028405	0	0.0332	0	0	0.033	0.0248	0	0	0	0	0.0206	0.0056	0	0	0	0	0.0438	4.34478607149	4.37602927722	4.54063018242	4.43336249635	1.83155363835655	3.77625344742239	9.81543030903048	55.8942083303868	13.0966692595997	15.585885015204	1.74272186964843	4.02941472751083	9.17699204190591	58.2250428125315	11.6752291729626	15.1505993754407	0	0	19.2307692307692	80.7692307692308	0	0	0.868621064060804	1.24864277958741	7.30184581976113	57.9261672095548	12.6221498371336	20.0325732899023	2.56794350524288	1.96875668735288	6.526856409159	51.2518724588059	11.5985448320137	26.0860261074256	1.18926265715257	4.48521916411825	18.8583078491335	43.2551817872919	13.5915732246007	18.620455317703	0.367647058823529	0.367647058823529	0.735294117647059	96.6911764705882	0.367647058823529	1.47058823529412	0	6	0	1	0	0	1.56707674282367	2.78265963678969	7.19097832454599	59.5342706502636	13.3128295254833	15.6121851200937	0.524658971668416	2.83315844700944	10.1783840503673	55.4039874081847	18.7827911857293	12.2770199370409	0	0	15	0	0	0	0	0	100	0	0	1.75366629063686	2.97405394318531	10.0912726899805	54.1995692749462	12.5012819198031	18.4801558814481	1.778989741592	4.16828983248929	8.95987534086482	59.3299571484223	11.7647058823529	13.9981820542787	1.97068867387592	3.10899260102447	11.084234490609	49.822140011383	13.4319863403529	20.5819578827547
"ISO4_RNA_3393_T0"	0.5	1.75438596491	65.0024887253201	25.4966138252462	9.50089744943363	30.590777449318	0	3.84448012484807	0.159061238576852	0.102039285124773	29.6139013520205	4.58726609744752	0	31.1024744526643	17.5364743676	17.4134727062	18.1196434693	23.021045108	24.3507166483	18.3539559786	23.0188058298	20.8701923077	11.8687170071	25.697708152	11.4980256663	7.02033036849	4.93936052922	27.4538964902	7.60068954709	8.05288461538	46.3277484508	3.49579344357	44.3566962817	0	0.0754	0.0022	0	0.1913	0.0099	0	0.0065	0	9e-04	0	0	0	0.0686	3e-04	0.0023	0.0016	0	0	0	0	0.001	0	0.0275	0	0	0	0	12.2391878737311	6.04284814114682	10.5237292218742	4.21259625962596	0.345303948302137	0.311701703736618	0.34623809218812	0.275230779575723	8.78389653733834	4.38248267170762	7.94410985304746	2.9994499449945	16.5951884299819	8.27725267800882	14.3717176583956	5.73652365236524	25.3790849673203	28.2941176470588	11.9090909090909	12.6597353497164	20.5714285714286	-2	22.315827511443	20.3029411764706	-2	8.73597359735974	4.71428571429	9.88039521581	35.9628770302	1.97688054951	3.33333333333	8.21428571429	15.5486219449	3.01558049925	5.35042735043	23.7040816327	6.51700452337	14.7094017094	1.67142274765593	1.29198966408269	7.93305439330544	1.33509987770077	1.01636520241171	8.1673640167364	1.00896860986547	0.809646856158484	7.34728033472803	7.23072717331875	1.01971025306224	1.63254593176	0.797900262467	7.75626963995e-05	0.000523863088543	0	0.0364	0	0	0.034	0.0178	0	0	0	0	0.0428	0.0116	0	0	0	0	0.0946	4.30126375866	4.34125753661	4.70533642691	4.44317991632	2.64453621346887	3.47045743329098	10.173125794155	52.9860228716646	14.0088945362135	16.7169631512071	2.78941565600882	3.95810363836825	9.57001102535832	55.6670341786108	12.6019845644983	15.4134509371555	3.44827586206897	0	0	96.551724137931	0	0	1.48720999405116	1.21951219512195	6.6627007733492	62.3438429506246	12.4033313503867	15.8834027364664	2.51572327044025	2.76729559748428	6.76729559748428	50.3899371069182	10.8679245283019	26.6918238993711	0.805477245267821	3.86629077728554	17.921868707209	43.455497382199	13.5320177204994	20.4188481675393	0	0	34.9056603773585	22.6415094339623	15.0943396226415	27.3584905660377	0	0	0	2	5	5	2.178341952672	3.32236326594578	8.97978373295722	53.7690017238677	15.2170506190252	16.533458705532	0.360576923076923	4.44711538461539	13.3413461538462	44.4711538461538	21.5144230769231	15.8653846153846	0	0	0	0	0	0	0	1	0	5	0	1.65251319715401	3.29355060821666	9.82327289419325	55.1296763828322	11.6364470966261	18.4645398209777	3.23469683783	3.72787931534668	9.99419785320569	54.4386422976501	13.9106469393676	14.6939367565999	1.8920697597894	3.17538664034222	10.7436656794998	49.3665679499835	12.9401118789075	21.8821980914775
"MERGE_ISO_15_B4"	1	3.5046728972	78.1508515815085	15.6979363792016	6.1512120392899	49.1510517625099	0	2.08557685404552	0.037691147964678	0.0556393136621437	24.5692440232608	4.39012132960011	0	19.7106755689569	16.8378451985	16.7072404284	16.4436124143	14.0928798985	14.4371717021	13.9217919514	13.9840624751	13.5869142087	11.7580056749	14.1019442985	11.9083843302	10.8653422777	8.81794136274	13.3333333333	11.0247828512	10.9746968109	20.0513444129	10.258238871	22.3165229821	0	0.0017	0	0	0.026	0	0	5e-04	0	0	0	0	0	0	0	2e-04	0	0	0	0	0	2e-04	0	8e-04	0	0	0	0	8.30975946599148	6.38737561563976	7.65394332536702	5.37549364926886	0.301454459681289	0.315060479152859	0.30540152946798	0.311244357105261	4.83726550811371	4.17991757965625	4.70133151246159	3.6010246557797	10.6935780872367	8.56749422052468	9.99679071355411	7.26246130857082	15.5308435953504	-2	15.6403351286655	12.7474118001809	22.0833333333333	-2	14.6981222260157	14.2106586224233	-2	10.8634859643505	5.27993419361	7.13620272033	7.93650793651	1.2366699525	3.08769040758	8.23093928333	9.44661822247	2.06111658751	4.99715736439	18.2561307902	6.2998476566	11.1999843165	0.934819456571986	1.32384781936282	1.47849462365591	0.970774051055524	1.15063408598825	1.4247311827957	0.647182700703683	0.798020414475719	0.985663082437276	0.992896967845414	0.711856363204936	1.58069713843	1.14829998572	3.83620070814e-05	0.000125487992162	0	0.0024	0	0	0.0024	0.001	0	0	0	0	4e-04	2e-04	0	0	0	0	0.0012	4.54063495325	4.41452700613	4.49008373733	4.3726702509	2.25595068507343	4.00424771426351	10.0857313061721	50.5944209899246	13.4476417415628	19.6120075630034	2.04522594344894	3.62478113474649	8.55344037551689	51.5590656782029	14.8381328465522	19.3793540215326	0	0	0	0	1	15	0.485952923310554	5.99848139711465	8.32194381169324	41.0782080485953	8.95975702353834	35.1556567957479	2.87049399198932	3.92745883400089	11.5487316421896	47.8304405874499	10.6475300400534	23.1753449043169	2.02513966480447	5.37709497206704	23.8826815642458	44.6927374301676	12.0810055865922	11.9413407821229	0	1.03626943005181	11.9170984455959	12.4352331606218	22.7979274611399	51.8134715025907	0	0	0	14	1	3	2.01211251892581	4.25531914893617	8.95290461391346	52.5221133158021	12.3635349430233	19.8940154593992	0.778559664620452	2.32070669261866	10.4955831711334	49.0043419673604	13.3403204072466	24.0604880970205	0	0	0	0	0	0	5	0	6	1	0	1.87362068188983	4.08503355402423	9.21046705400171	52.3397739044273	13.7008512363194	18.7902535693375	2.08693041062983	4.20764206891374	9.10216950679378	52.1770137377074	13.1108775617446	19.3153667142106	2.6890606155358	3.81918077455666	12.7261357037566	47.2238352615357	12.6367981417787	20.9049895028365
"ISO4_16_G7"	0.75	3.17848410758	76.3506965956568	10.8023955900809	12.8469078142623	45.6466319460736	0.00312798135723111	1.94247642284052	0.308106163687264	0.0109479347503089	28.6585651949514	1.96906426437698	0	21.4610800919627	16.7728317499	16.99354318	16.6811231084	15.1088130264	15.2629172777	13.2597046496	14.8366319063	14.1077124586	13.5008987937	15.0679132408	12.5746546766	7.51624029543	7.09911153282	10.6153785891	7.16277654774	7.65852531012	11.1082234206	7.10812483423	15.3198039454	0	0.0031	0	0	0.0129	4e-04	0	7e-04	0	0	0	0	0	5e-04	0	4e-04	0	0	0	0	0	6e-04	0	2e-04	0	0	0	0	8.46799123201439	5.9866202545415	7.47957139529467	5.79707864172356	0.327775224303787	0.361344660184779	0.33009620406227	0.357526631152624	5.74426708633094	4.93525508539106	5.22692755648731	4.76872949729586	11.2646695143885	8.39127597084738	10.0266946191474	8.11927032538346	17.0089366007194	-2	11.9601449275362	13.3265310562384	16.7373737373737	-2	15.2536221756348	14.7423868312757	-2	12.8879998226793	3.28885547829	4.8672212446	36.50329188	1.60175577075	1.3493000506	6.25117459124	9.31850903855	3.29207015382	2.67129283827	19.7166885924	12.2615174326	9.98642668401	1.8084032034571	1.68568361626844	2.08048653746223	1.32694520773151	1.38750844829643	1.7956465674859	0.941778811151037	0.918379517353795	1.2047960892242	1.22289254850807	0.939163552952378	0.676390310474	0.613271920846	1.80248198483e-05	8.06293490568e-05	0	0.0016	0	0	0.0024	0.002	0	0	0	0	0.0014	0.0014	4e-04	0	0	0	4e-04	4.04636523782	3.96528965051	4.15069495245	4.18414012126	3.35653085351436	3.48572194664164	9.26885153993345	51.9823520091653	9.82705456495509	22.0794890857902	3.54236752063027	3.64731590902556	9.04425084102476	53.0837574398344	9.55317864228414	21.1291296472009	0	0	0	12	1	2	3.50189980022719	2.71455991225665	5.87567080575032	55.5720944807866	9.18563202632301	23.1501429746563	2.36927126959435	4.05049658968529	9.15101112839536	52.1359339475888	12.8604762474572	19.4328108172789	1.70164492342598	4.36755530346001	19.4554736245037	43.9591605218378	14.0102098695406	16.505955757232	0	0	13.3796296296296	53.6111111111111	9.67592592592593	23.3333333333333	0	1.47783251231527	0	66.9950738916256	10.3448275862069	21.1822660098522	3.58476853651529	3.27547450436899	9.46135514729495	52.201396048473	8.9526256190106	22.5243801443372	3.83696740889129	2.28831188843516	9.03767624624393	55.1737421989367	5.04661376069035	24.6166884968025	0	0	0	0	0	0	0.334448160535117	1.33779264214047	26.4214046822742	0	71.9063545150502	3.1143742013731	3.460897061053	9.07889892361337	53.7900937777489	10.6599094709029	19.8958265653087	3.48628179058733	3.78098016679928	9.18280140276427	52.5461939704712	9.34046503403766	21.6632776353402	2.45068254546928	3.49374164540041	9.67108194596346	51.0248308826508	12.6989913719772	20.6606716085389
"ISO5_28_D1"	0.75	1.91846522782	78.885059011242	14.1285945702349	6.98634641852308	42.3744140113747	0.035694738595531	0.81740951383766	0.236775099350356	0.00594912309925517	33.9873402660448	2.6485496037884	0	19.8938676439093	17.1028051709	16.6676180243	17.5808699389	18.7688848367	18.961814021	16.7253352559	18.4291054875	17.7595859117	16.1872067821	19.3115685205	13.5008336035	5.66391089536	5.10791689726	8.74116798846	5.43507679816	5.06621942051	12.0949820297	4.35447715982	20.6340017598	0	0.0076	0	0.004	0.1332	0	0	0.0036	0	0	0	0	0.0029	0.0091	0	2e-04	0	0	0	0	0	8e-04	0	0.0021	0	0	0	0	10.1783698048282	7.05944476063998	9.27540059869695	6.7249599219349	0.319118282738942	0.355264804979119	0.320584012472631	0.349854866310325	6.73366847679983	5.76063997976349	6.33565768621236	5.52139820171464	13.7657669767192	10.0529943717195	12.5721077654517	9.56015194814247	20.499435453519	23.9	13.9293739967897	15.813634351483	-2	26.1765957446809	18.907765451664	18.4325259515571	-2	15.0815501498571	3.20177072604	9.79202772964	13.8279932546	4.66014266344	3.79352979227	5.26834827201	14.4235940955	6.52891587573	5.84955252233	14.1154040017	13.2553204032	12.892105888	2.99704239237594	2.40867240867241	3.73033178148388	2.53697009530069	2.08791208791209	3.73917143025517	1.54233760543323	1.22661122661123	2.6076963875302	2.78344029193406	1.49029126213592	0.691328632909	2.10511857888	1.74528514305e-05	9.6946667857e-05	0	0.008	0	0.0032	0.0282	0.0076	0	0	0	0.0044	0.0094	0.0024	0	0	0	0	0.0114	4.03788011568	3.87091983724	3.9700926706	4.02224710493	2.38778753865678	4.8753742468859	9.99963037344603	50.338208296884	14.4252923129998	17.9737072311275	2.38868031769299	5.21411370537117	9.9495939093887	50.5676294180116	14.4352872548873	17.4446953946483	1.79238237490665	0	5.89992531740105	43.091859596714	0.149365197908887	49.0664675130695	1.73323720259553	7.36553713049748	7.7548666186013	47.1896178803172	13.9899062725306	21.9668348954578	2.21192000942914	2.64408910540997	9.37414057282049	47.9943425136526	14.3715868463442	23.4039209523435	1.38781804163454	3.93215111796453	19.8149575944487	37.3939861218196	18.6969930609098	18.7740940632228	0	0	15.3846153846154	47.2527472527473	0	37.3626373626374	0.85217961324156	31.5470337594231	8.91510980006555	38.0858734841036	9.43952802359882	11.1602753195674	2.38006631030516	5.35557209554097	9.09567629744908	51.9250287570201	14.8335476013262	16.4101089383585	1.9721242264762	13.4983517436817	3.96738187496385	52.2699670348736	19.2412237580244	9.05095136198022	0	0	0	0	0	0	6.61157024793388	7.98898071625344	56.7493112947658	17.6308539944904	11.0192837465565	2.29773107629839	4.83552360832945	8.87541496337348	52.1838733572938	15.1718840023046	16.6355729924003	2.41124439597722	5.16933236398885	9.87216769659518	51.0541621228644	14.0979037925603	17.3951896280141	2.18820914185153	3.05423053767425	10.4154124021674	47.0847033760941	15.1507432964387	22.1067012457741
"ISO4_32_H1"	1.75	2.19298245614	83.4820355113457	13.7312223951808	2.78674209347356	52.2332214141464	0.00123895778870814	0.460892297399428	0.501777904426796	0.00743374673224883	30.3482710344059	0.688860530521725	0	15.7583041145788	16.7118576682	16.7896056111	16.5669175693	12.347634794	12.1112885985	11.0229323912	12.1659097509	11.64172381	11.2426987991	12.4941785252	10.0194895253	10.9947110531	11.1024369152	13.2712381564	10.9216563099	10.6561889984	14.7082087789	9.99741267788	23.5090878124	0	0.0055	0	0	0.2417	0	0	0.0105	0	0	0	0	0	0.0069	1e-04	0	0	0	0	0	0	0.001	0	0.0026	0	0	0	0	6.55738741111404	5.61379728909569	6.81819961818983	5.41563569961196	0.336344794216547	0.350121134930179	0.324615275017583	0.345323297435243	4.51698709507506	4.22849371726572	4.38119829653923	4.05619721524766	8.61248353963656	7.61431429406343	8.8384404522982	7.33556265692764	13.1294706347116	14.8666666666667	9.73662153449387	11.8428080113292	-2	11.6060606060606	13.2196387488374	11.3296703296703	-2	11.3917598721753	7.02936602736	9.33962463765	13.7005006827	4.11898431781	4.73522368746	10.3333258209	12.1580161232	5.82206295997	7.28860251202	21.0272475265	12.2375062613	13.5072939387	0.984788732394366	1.19247564662412	1.56021265120579	0.887887323943662	1.01192475646624	1.55250789737268	0.549859154929577	0.71800470272086	1.11141074042684	1.15498785643609	0.630717533947444	2.23708286137	1.68089802794	1.78387892544e-05	8.08604508378e-05	0	0.0068	0	0	0.0556	0.0432	0.0016	0	0	0	0.0088	0.0036	0	0	0	0	0.0156	4.06985915493	4.06185177409	3.87437414656	4.13445313403	1.84696325524958	2.94365557932957	9.77760487583479	54.0852715332389	15.8937023554802	15.452802400867	1.65863969925896	2.83686239656021	9.05706152940752	55.7968316498721	16.0855622680487	14.5650424568525	0.593031875463306	0	0	5.93031875463306	8.59896219421794	84.8776871756857	0.674482094106311	2.11337722819978	5.83266420427172	52.3815641560944	20.6680584551148	18.3298538622129	2.30170496664196	4.32913269088214	10.3817642698295	50.7449962935508	13.5322461082283	18.7101556708673	1.43729787998563	6.25224577793748	22.4937118217751	42.1846927775782	14.1214516708588	13.5106000718649	0	0	33.3333333333333	65.0793650793651	1.58730158730159	0	0	0.306826898491434	2.12221938123242	91.7412426489389	3.96318077218103	1.86653029915623	1.74458447064289	2.64591439688716	9.35826703060573	54.3004820256693	16.8488297810558	15.1019222951391	0.320336353170829	2.00710746283598	4.86010310826368	55.0678212122729	24.0202212322939	13.7244106311627	0	0	100	0	0	0	0	6.32183908045977	31.0344827586207	60.9195402298851	1.72413793103448	1.89733633291216	3.05607774250876	9.31307590372585	54.1013076930979	16.9476203683729	14.6845819593824	1.80595084087969	3.07684346701164	9.81423027166882	54.1040103492885	16.0238033635188	15.1751617076326	2.21416579478819	3.76408185113993	10.9491715126889	51.0426044429305	13.9176135672401	18.1123628312124
"MERGE_ISO_45_A4"	1.25	4.914004914	72.5041851304776	14.9345150172329	12.5612998522895	46.6382731584551	0.00580776304326783	2.21469364049947	0.174232891298035	0	25.5831962055948	0.257477494918207	0	25.1263188461911	15.9015648058	16.5422551624	17.967414647	16.8467981485	17.1978301958	15.5988437292	16.980735827	16.4015593022	14.1253420263	17.6107849862	9.3947396486	10.4872141379	8.96650790051	13.9427526212	9.28861676793	8.00896598772	20.2155042076	7.57788447734	40.2124936678	0	0.0113	0	0	0.2769	4e-04	0	0.0062	0	0	0	0	0	0.0218	2e-04	0.0019	0	0	0	0	0	0.0024	0	0.0052	0	0	0	0	8.70850559036213	5.33425737192553	8.40758406463769	4.68749813560839	0.374054639337608	0.372966188688747	0.351028455495806	0.360350722208713	7.46760147182088	5.14425873080582	6.66642337005415	4.47621036303434	11.6189177286224	7.56287539067808	11.1430414339789	6.61226620529189	19.0865192004432	17.7692307692308	10.831970260223	12.7071341214839	29.4878048780488	17.3846153846154	17.8094648040331	13.7970890410959	-2	11.0884765683262	7.1715100731	13.1871662049	32.0403587444	1.69138090825	6.09261398678	13.3702531646	17.3780936701	2.92147611425	9.93589465181	31.5608842931	7.74075322268	21.044448112	0.992525425805661	1.30514608057049	2.31441507844582	0.867763531652761	1.04837422170188	2.4470885542803	0.64720232591817	0.795593635250918	1.93745393282089	2.06539599079855	0.720498507075165	0.692143398938	3.15082438421	8.70781675952e-06	7.77350236526e-05	0	0.0062	0	0	0.0366	0.0088	0	0	0	0	0.0158	0.0054	0	0	0	0	0.0178	4.36589577346	4.14213110174	3.92062780269	4.28863851743	2.84768601030181	2.68055909176965	11.2706215685122	57.5464984952049	14.5870463581347	11.0675884760767	2.95531866636425	2.76328721554396	10.7431768352612	58.8599077644213	14.5543207076435	10.1239888107659	0	0.146198830409357	3.21637426900585	96.1988304093567	0.292397660818713	0.146198830409357	2.90265332563938	2.69469879255719	10.8528313390748	53.5139961022135	15.179592147811	14.8562282927042	2.09832298306569	2.82603343090854	7.2798402319919	44.901923234755	12.2096681530928	30.6842119661861	1.3318326767961	4.51134871506284	16.8730069405365	41.0710936034515	16.188332395423	20.0243856687301	0.0605326876513317	0.0605326876513317	23.0024213075061	56.4769975786925	6.03309120258273	14.3664245359161	4.69924812030075	0	0.06265664160401	22.1804511278195	72.4937343358396	0.56390977443609	2.93167545645322	2.25652553229952	11.6119499178659	57.7807295391846	15.0710125676918	10.3481069865049	2.10505798655102	2.76191404346555	13.1800019491278	55.2714160413215	17.9085859078063	8.7730240717279	0	0	18	0	0	0	0.0201005025125628	0.0201005025125628	7.33668341708543	85.2663316582915	7.35678391959799	2.58059282095155	2.7081842922361	11.057681670342	54.6438132886886	14.6368805729078	14.3728473548739	2.91438689403245	2.72057298728645	11.49164925266	57.9862495812663	14.3510025682337	10.5361387165212	2.15559762177727	2.94478364038713	9.75284613538806	48.3083157810542	14.0507105340336	22.7877462873597
"ISO6_CD_1409"	1.5	2.85714285714	79.76381067184	15.9154690825533	4.32072024560677	35.9349026018754	0	0.13317046738242	0.30675128348778	0.00183683403286096	42.9460981053057	1.06536373905936	0	19.6118769688565	16.4442465143	16.2542150925	17.2079842646	20.3523652897	20.602447457	21.0237944497	20.6491739319	22.5180406067	17.1659208421	20.6135570127	8.96695833877	4.42488149366	3.71440269311	6.67405297035	3.85819565532	2.53180039139	18.4771267593	3.31048284084	53.7677941753	0	0.0323	0.0028	0	1.1505	0	8e-04	0.0451	0	0	0	0	0	0.0227	0	3e-04	0.0329	0	0.0017	0	0	0	7e-04	0.0591	0	0	0.002	0	10.3672385478179	7.07528680688337	10.063025210084	5.69421078673924	0.35606654000874	0.325979942453484	0.351592428246072	0.300249518756172	7.68297285020441	5.11281070745698	7.32745098039216	4.05472538347353	13.7801460568154	9.65415869980879	13.3652100840336	7.74933201385453	21.4631189070198	-2	8.74678663239075	14.7669694072658	19.84375	-2	20.6926610644258	23.6124595469256	-2	11.8040573973281	18.2957393484	13.1784260516	71.3261648746	8.5179526356	10.0757531171	32.2689841487	18.789574853	11.4263887373	18.7465843836	55.8685675227	20.959292808	38.4608917176	0.364337068462983	0.473319434270581	2.51308329699084	0.181358896301574	0.563475516988787	2.8347143480157	0.0987758274499644	0.369076463627655	2.31683384212822	2.4533007583855	0.197523437108337	2.30709950872	4.20800822015	4.08693869715e-05	0.000524125313736	0	0.1496	0.0568	0	0.1678	0.0946	0	0	0.0532	0	0.0684	0.0162	1.1626	0.2672	0	0	0.1762	4.09618498607	4.19510339776	3.67703243003	4.29540994331	1.62136016252298	5.19880042565541	12.5897262261778	48.4918254812808	19.7716939150624	12.3265937893006	1.45346192339187	5.46583568374124	12.1576744609226	48.3713947775453	21.1422982440178	11.4093349103812	0	0.126422250316056	0	4.23514538558786	95.6384323640961	0	1.10266962118814	5.70328162920755	2.32668566001899	52.7856916745806	29.7404241848686	8.34124723013612	3.00730747611017	2.71219786396852	9.02192242833052	47.1051152332771	10.6661045531197	27.4873524451939	1.26255380200861	5.59540889526542	21.3486370157819	41.377331420373	14.2898134863702	16.1262553802009	2.60690601417791	1.80654013263206	6.66590441344615	59.672993368397	20.0663160301852	9.18134004116167	0	8	0	1	0	0	1.35590771157459	5.6668753913588	11.2277828620972	49.9975916381677	20.2880400751409	11.4638023216608	0.654354207436399	0.0672700587084149	7.21012720156556	52.6357632093933	34.8397749510763	4.59271037181996	0	0	0	0	0	0	0.124843945068664	0	5.43071161048689	94.4444444444444	0	1.43291057061374	5.52992186232002	11.3032994041132	48.3873959516798	20.5175172157945	12.8289549954787	1.55198841863238	5.45005535212467	12.8331772119561	48.4352380141361	19.8501234778166	11.8794175253342	2.39649993470027	3.36293587566932	12.1783988507248	46.4019851116625	14.0525009794959	21.6076792477472
"ISO6_CD_1412"	0.75	3.00751879699	67.6463215941847	27.0961273342524	5.25755107156285	42.3422131147541	0	0.469262295081967	0.233606557377049	0.00204918032786885	25.2889344262295	0.350409836065574	0	31.3135245901639	16.9070185289	17.525144357	17.2340247474	14.7850271684	14.9626196766	16.3588801528	14.7911412408	15.9439971689	13.8635641892	14.8107587853	10.9934200798	7.5373985376	6.77671059262	6.96597839665	7.27221010714	5.82588693267	12.097972973	7.37894501231	27.8944255508	0	0.0164	0.0055	0	0.8897	0	2e-04	0.0585	0	0	0	0	0	0.0068	0	0.0013	0.0237	0	0.001	0	0	0	0.0034	0.0375	0	0	6e-04	0	7.75681988580656	5.75763473053892	7.32632263660017	5.17248234729554	0.36517376834617	0.371204940120419	0.362203744626046	0.352702088818367	5.90045562027799	4.80508982035928	5.54025729979763	4.28717351066018	10.3388315358441	7.82956586826347	9.73323214801966	7.01981216151368	16.239287156122	16.1	11.4537987679671	12.6346556886228	16.0103092783505	-2	15.2734894478173	17.33961352657	-2	11.3069856721739	11.974848626	5.09226580619	32.9492455418	6.23773871962	6.23015873016	16.0984319205	8.83533326611	9.00828762461	8.98287385129	27.5904362677	20.526884734	18.7190197717	2.762644709961	1.98964021843881	2.10003969829297	0.721228254813347	1.14640218438805	1.59587137753077	0.41014053117068	0.772968197879859	1.27828503374355	1.35870614119736	0.686899068926477	1.39183769757	3.33122260712	4.87292984211e-05	0.000194205303655	0.0016	0.1318	0.1932	0	0.1086	0.0924	0.002	0.0054	0.0548	0	0.0792	0.0692	0.7996	0.225	0	0	0.0748	4.21774592955	4.32179569547	4.66194111232	4.15212989797	2.45388072717515	3.50171060575569	12.3901522774535	48.2404239618971	15.0640638626149	18.3497685651036	2.51492617080731	3.43263754218266	10.9896318465697	49.9641161111026	15.9309196964376	17.1677686329002	0.187617260787992	0	8.25515947467167	4.50281425891182	0.187617260787992	86.8667917448405	1.19773679182894	2.43221397604526	3.9312219854508	44.5293555735175	25.0936880005878	22.8157836725696	3.04930795847751	5.08217993079585	16.6089965397924	44.1825259515571	9.83996539792387	21.2370242214533	1.01302460202605	5.93342981186686	32.4167872648336	34.0086830680174	10.7091172214182	15.9189580318379	3.16340922828934	1.89401571630062	13.3185573241991	46.8365907717107	18.5573241990731	16.2301027604272	0	15.3846153846154	0	0	0	84.6153846153846	2.37192250560981	3.25843051736671	11.4297904617427	48.5145855061471	15.6347776618944	18.7904933472393	0.734318322569229	3.22038396885783	8.48889675307441	40.1972927541361	21.746438998496	25.6126692028665	0	0	0	0	0	0	0	0	56.5217391304348	43.4782608695652	0	2.4527027027027	2.97804054054054	11.1722972972973	49.5219594594595	15.652027027027	18.222972972973	2.5248078788331	3.59770200701336	12.7180481981646	48.1459374766843	14.9966425427143	18.0168618965903	2.15880526393612	3.81487505544877	14.2540292769481	45.8672186899305	13.1672334762679	20.7378382374686
"ISO6_CD_1413"	1.5	2.83018867925	71.658455730006	17.611308071274	10.73023619872	41.7645729778581	0.00677812923633077	3.80253050158156	0.52417532760958	0.0474469046543154	26.1319475824672	3.6127428829643	0	24.1098056936286	16.9308398359	17.3397142857	17.8632398019	16.2789132231	16.265151739	15.0542673902	16.2804538151	16.2251347834	15.4552773155	16.3220451427	13.4096707464	2.88082564707	2.74666824266	3.95658608781	2.74945076565	1.93344487823	5.59662499516	2.50441023476	17.6952249612	0	0.017	0.0092	0	1.3569	0	6e-04	0.0084	0	0	0	0	0	0.0047	0	2e-04	0.0254	0	1e-04	0	0	0	2e-04	0.0152	0	0	0	0	7.70297124984963	6.92147604057363	8.01231761253255	6.65614575314344	0.382357449045769	0.355196485749615	0.377328051964064	0.352074251496205	6.34348610609888	5.3579048618398	6.49671392551565	5.15524762637927	10.3674726332251	9.30132913606156	10.7404207828711	8.93944059532974	16.7109587393239	-2	11.5661016949153	14.6592339979014	18.7480916030534	-2	17.2371347083867	16.5695970695971	-2	14.094688221709	6.12146205822	7.26286867508	36.4331210191	10.5220272693	4.29446496097	9.88675899682	11.3672283415	14.813406486	7.4655580372	24.49659471	31.8322559618	19.0501463185	0.888251765115687	0.723055272480225	12.0802820721454	1.15888050803178	0.975396709855874	10.6482234879306	0.712745006095845	0.453729315281215	6.99213452671549	6.9469543956628	0.623138054955655	1.53994225217	1.5194096888	5.13539855556e-05	0.000212242678329	0	0.1456	0.1014	0	0.186	0.0444	0	0	0.035	0	0.0746	0.0316	0.39	0.0826	0	0	0.1158	4.47865114347	4.42177415441	4.46568627451	4.25473284513	1.74989503338616	3.12732788861349	9.06234339658418	55.2652607912451	10.7445180339415	20.0506548562296	1.715374841169	2.88112053426317	8.59755917378328	55.899648355545	10.6498034928046	20.2564936024349	0	0	0	17	0	0	0.818944252590035	0.888011840157869	4.59792797237296	56.4874198322644	7.39023186975826	29.8174642328564	2.35436160579535	4.52761847268337	10.3833383640205	43.1934802293993	9.5381829157863	30.0030184123151	1.41206675224647	4.49293966623877	22.2079589216945	34.403080872914	14.1206675224647	23.3632862644416	1.29108910891089	2.0990099009901	4.28514851485149	58.5663366336634	12.6019801980198	21.1564356435644	0	37.3493975903614	0	62.6506024096386	0	0	1.78050300029511	2.51172246450471	7.60402662556973	57.1695576614093	10.9781289962947	19.9560612519264	1.48726529094627	4.66629485034393	3.92266220487079	54.2294106711285	7.42703104666295	28.2673359360476	0	0	0	0	0	0	0	0	74.3119266055046	0	25.6880733944954	1.54429693849905	2.18098076402059	6.98804040716801	55.1534620892518	10.8391067074351	23.2941130936254	1.75052395096724	3.24472656544487	8.95164573375752	55.4196884941875	10.5589312908041	20.0744839648387	1.89622478882951	2.94776762627133	10.9550077572832	49.5345630063782	11.6876400620583	22.9787967591795
"ISO6_CD_1415"	0.75	1.4598540146	81.8380037147703	14.5414412231823	3.62055506204743	36.808549554493	0	0.671526743487236	0.172454338794387	0.0156776671631261	44.7048679156541	0.634945520106608	0	16.9919782603015	16.2398522454	15.9278256922	17.4642994685	15.1414232548	15.1512858938	13.4568027211	15.1363130269	16.537631508	13.5219043416	15.2181312787	7.69362416107	7.86511785271	7.19568790486	12.9455782313	7.4757435979	2.56271917993	16.1212032066	7.31249390422	51.9798657718	0.0029	0.0765	0.005	0	1.743	0	8e-04	0.0036	0	0	2e-04	0	0	0.0596	0	0	0.0466	0	0	0	0	0	0.0105	0.015	0	0	0	0	7.61586497890295	5.62909901305317	7.95472703062583	4.9212098226984	0.376482743793845	0.351357759551848	0.360531572476277	0.325837865388656	6.16894514767932	4.61116417276876	6.05600375969296	3.97430548971271	10.1972573839662	7.83837419080972	10.7037675256521	6.82355172086849	16.3662025316456	-2	7.75222551928783	12.4495383635785	15.3170731707317	-2	16.759771285345	15.234375	-2	10.7978572105812	6.1383553981	15.8791927819	70.351758794	6.70236579906	5.0041561207	10.7999254149	23.5794476204	11.7192643638	8.32438288612	33.7162036174	34.6925339069	23.8271800955	0.958163890591053	1.5790016856445	1.82421227197347	2.34341633706572	0.756819980047473	1.6496465043205	0.616493045884166	0.385290171660532	1.23505280614472	1.48612945838838	0.535838719753947	1.12508007687	2.1280429212	7.26061676496e-05	0.000548958618844	0	0.1952	0.2232	0	0.2642	0.083	0	0	0.352	0	0.1674	0.0948	3.5094	1.1174	0	0	0.9694	4.48070638045	4.22480993498	3.87619047619	4.32643798551	2.39088756061802	1.41874365625352	10.3078831622871	62.2194654336303	11.5912935603925	12.0717266268185	2.51136034032679	1.08769215894808	10.1010345160978	62.7840085081698	11.3917625447162	12.1241419317413	0.2710027100271	0	3.5230352303523	50.9485094850949	0	45.2574525745257	3.83673469387755	0.238095238095238	6.44897959183673	65.5646258503401	11.8231292517007	12.0884353741497	2.46234067207416	2.02780996523754	9.35689455388181	48.2908458864426	11.8482039397451	26.0139049826188	1.10854503464203	4.71131639722864	20.8775981524249	36.5819861431871	16.2124711316397	20.5080831408776	0.0173520735727919	0.589970501474926	7.61756029845567	75.811209439528	12.840534443866	3.12337324310255	0	0	0	0	0	0	2.44419702030645	0.922538571655798	9.13525263771804	64.4796140183447	12.067228672923	10.951169079052	12.9754518478554	0.0269759913676828	5.12543835985973	61.478284326949	6.90585379012679	13.4879956838414	0	0	0	0	0	0.282485875706215	0	0	98.8700564971751	0.847457627118644	0	2.38287857615651	1.34098207938026	9.28881370890638	62.7932632198279	11.5883405653208	12.6057218504082	2.42855749536721	1.41422022822589	10.5847069150493	62.1257193016678	11.5015117526578	11.9452843070321	1.93512304250559	2.47203579418345	11.2304250559284	51.0626398210291	13.2214765100671	20.0782997762864
"ISO6_CD_1416"	0.75	0.990099009901	53.0546122932179	18.4772111280725	28.4681765787096	38.0123612435042	0.00307493619507395	4.98447157221488	0.0953230220472925	0.0153746809753698	14.1631561145106	1.10390209403155	0	41.622336336521	16.4343692496	16.9793858524	16.4141773574	11.6441071266	11.7708687526	10.746452969	11.5582570145	11.3549533254	11.3572111307	11.7125300915	10.6012041284	10.8018280017	9.47609573763	3.74408828166	10.6434113049	6.37617494105	10.7981852694	9.75565719788	19.619648318	0	0.002	0.0051	0	1.1336	0	1e-04	0.0128	0	0	0	0	0	0.0011	0	0	0.0271	0	5e-04	0	0	0	0.003	0.0203	0	0	0	0	6.13853784660845	5.3375792839545	5.74797559622851	5.10226988024252	0.367671923621299	0.370582292754783	0.34940624274643	0.366960015686817	4.74199931403847	4.35859936048645	4.22926234054354	4.1558350453475	8.12758884521014	7.17665251349793	7.50103161397671	6.85448714736684	12.8695881592486	-2	11.1260504201681	11.5352518739844	11.3301587301587	-2	11.7302939545202	13.4981412639405	-2	11.0103221927143	13.2645656231	22.0208796155	8.44854070661	5.79989987842	13.2115949432	19.0355242242	27.7242961479	10.3590073661	19.5364576682	33.754924321	24.4403919045	29.957859788	1.96657343140302	3.21452413432793	2.82364715133319	1.64025000863289	2.5338867442603	2.47694617199228	1.00832211057012	1.76762546077265	1.80141539781257	1.81701809906482	1.44582623641864	4.25544188909	4.77751711407	3.40801506657e-05	0.000148974049821	0	0.2154	0.1274	0	0.1738	0.1244	0	0	0.0858	0	0.1024	0.0516	0.5222	0.144	0	0	0.1214	4.32955212542	4.25793109453	4.42796309439	4.18135678033	1.62027420024927	2.49272953884504	8.45906755702372	54.4418211111899	12.2913858968253	20.6947216958667	1.55302345210104	2.07873635979984	7.41182854042322	56.6624464942425	12.5749080605293	19.7190570929041	0	0	0	0	0	0	0.0525486074619023	0.387545980031529	1.6684182869154	55.9314240672622	19.4232790331056	22.5367840252233	2.40050536955148	6.44346178142767	13.5607496315014	48.2838492314171	9.45462202568962	19.8568119604127	1.3986013986014	6.81818181818182	22.7272727272727	40.9090909090909	13.4615384615385	14.6853146853147	0.0636663881262186	2.5983844654013	3.04007003302694	61.294815168517	16.298595360312	16.7044685846166	0	4	0	0	0	0	1.51782068482763	2.37414688210932	7.66493612553229	54.9553753718719	12.395730035583	21.0919909000758	1.50198649827191	1.14990794276301	4.02144772117962	61.274588972512	13.4791175425563	18.5729513227171	0	0	0	0	0	0	0.1230012300123	0	0.861008610086101	98.8109881098811	0.2050020500205	1.41085876603708	2.38149728732785	6.88601392011416	57.1330488280987	12.559066248435	19.6295149499872	1.51540683678382	2.60592200288878	8.70606644198363	54.8230621088108	12.258064516129	20.0914780934039	2.20756880733945	3.05810397553517	9.02618501529052	51.161123853211	11.8119266055046	22.7350917431193
"ISO6_CD_1417"	1.25	8.61678004535	90.9886159376872	6.26482923906531	2.74655482324745	34.7637694927822	0.00231712120861042	0.576963180943995	0.113538939221911	0	47.6029381096925	8.78420650184211	0	8.15626665430869	15.7092668764	15.8329417484	16.0649087221	13.7919729636	13.9766418036	14.4472919419	13.8594217957	13.6913172664	13.2615096795	14.0298151636	11.1945507065	5.41713947407	4.28186865571	2.82694848085	5.14332864739	3.05381313965	7.88731630606	4.02931481045	20.0171754235	0	0.0086	0.0144	0	2.7733	0	3e-04	0.0159	0	0	0	0	0	0.0048	0	0	0.0259	0	2e-04	0	0	0	0	0.0079	0	0	0	0	6.29947891062826	6.28271569195136	6.65768780324578	6.10641605426795	0.391418547564728	0.380711217291533	0.389511680204298	0.378363764091264	5.51474781240783	5.20193977996526	5.75598126150243	5.04253815715093	8.69658833939632	8.52880718008107	9.04207796553455	8.28045505935557	14.2113361518041	-2	9.99397590361446	13.7307469600463	15.0660377358491	-2	14.798059227037	13.2292993630573	-2	13.3229932165065	12.5491372843	16.027676951	20.4188481675	6.16914910065	8.47988266652	21.1072768192	21.2341197822	9.67376178941	14.7569419961	43.7569392348	22.8727516363	32.310426039	0.500944896061433	0.893665158371041	1.67404965488823	0.494945555988841	0.842760180995475	2.09642526012156	0.305966343702193	0.559954751131222	1.39589986607603	1.46108028305249	0.393486052672588	1.53254248156	3.20615581917	5.97861996752e-05	0.000339469484908	0	0.298	0.7322	0	0.6986	0.4394	0	0	0.183	0	0.1878	0.1268	1.5502	0.831	0	0	0.4396	4.5705072442	4.59123303167	4.63212435233	4.53116307819	1.60590063643988	4.24786619961518	17.3787557353594	62.9557452267009	8.35018994523657	5.46154225664808	1.57590712803544	4.31551791823229	17.0265268352869	64.6794907744939	8.13470921428972	4.26784812966183	0	0	0	0	0	0	1.29458388375165	2.29854689564069	9.69616908850726	75.9709379128137	3.60634081902246	7.1334214002642	2.07476635514019	5.30841121495327	21.6261682242991	51.2710280373832	9.14018691588785	10.5794392523364	2.0066889632107	6.35451505016722	34.0022296544036	34.7826086956522	13.1549609810479	9.69899665551839	0.849557522123894	0.0707964601769911	11.9823008849558	84.2654867256637	0.336283185840708	2.49557522123894	0	0	0	100	0	0	1.43634252185074	4.10427235499053	15.7753193570075	64.8585049813581	8.26660962043885	5.55895116435426	0.0990425883129746	2.42654341366788	6.7679102013866	77.5503466490591	6.93298118190822	6.22317596566524	0	0	0	0	0	0	0	0	6	0	0	1.64850062361043	4.40323192885418	16.4172224933572	63.5025215552302	8.54617428555935	5.48234911338865	1.55698139863433	4.61207911466918	18.0598069225336	62.8855662820815	8.04097009653873	4.84459618554274	1.95955968459677	3.87227730501991	18.5104223592786	56.2885471153095	9.83683347646186	9.53236005933328
"ISO6_CD_1420"	1	0.990099009901	67.196608373079	30.2199258081611	2.58346581875994	28.9185239313117	0.00260973954799311	2.1974006994102	0.0208779163839449	0	27.5327522313273	11.1070515162587	0	30.2207839657602	17.1830917352	17.6305325035	17.8738055087	18.9495317976	19.1007823943	20.7376321629	19.7682876047	21.473530272	16.0640964893	20.2924111171	13.4368946287	8.21221347734	7.30591975992	8.71948831745	6.75982047842	5.17695232524	20.3575274607	4.82764843891	29.0480383524	0	0.0324	0.0047	0	0.2357	0	3e-04	0.021	0	0	0	0	0	0.0253	0	0.001	0.0132	0	0.0025	0	0	0	7e-04	0.0249	0	0	1e-04	0	9.60270098689906	8.23417947801216	9.96057347670251	6.92771678796102	0.345651686834736	0.343300165961241	0.336064975410337	0.335758923661412	6.71858948461938	5.96305565486831	6.712158808933	5.07771062045146	12.9733941247764	11.2841139315934	13.2931715834942	9.47674848896016	19.6919836093957	-2	20.218023255814	17.2471695864617	20.553488372093	25.3333333333333	20.0053303924272	21.7250996015936	-2	14.5544591094116	3.3051465854	7.51070090958	8.1438392385	1.68104207006	3.14384392794	5.12083100828	9.71107544141	3.0188347122	4.57948287128	12.0659312358	7.75391656399	9.82731261085	2.39402780161318	2.77332264100508	5.11218653761549	2.02505577484126	2.19192729216787	4.69863616366036	1.31714432812768	1.36327185244587	3.74835019797624	3.7498090728578	1.35568945080996	0.901281509647	1.36365770079	4.66646190084e-05	0.000146579257736	0	0.0314	0.036	0	0.0316	0.0218	0	0	0.0236	0	0.0304	0.0222	0.2432	0.2248	0	0	0.038	4.23219495452	4.11494252874	4.13722478239	4.22991641003	2.45878095019245	5.5868328833228	13.9886252656977	43.7496409490435	12.2881599356581	21.9279600160855	2.53652959879961	5.34100246507806	13.4257439891394	44.7858240148619	12.1038905362438	21.8070093958772	5	0	0	2	0	0	1.38363137971544	8.34094765696384	9.72457903667928	37.645216029239	12.4787886698864	30.426837227516	2.42762093148714	3.59647545405503	12.0841575256249	41.4673619852544	11.634598093868	28.7897860097105	1.43433437920215	5.1994621246078	26.1317794710892	34.7826086956522	14.7915732855222	17.6602420439265	1.25470514429109	20.6189878711836	16.3529903805939	38.1430363864492	4.51693851944793	19.1133416980343	0	86.2068965517241	0	13.7931034482759	0	0	2.16073659371674	6.28325544810993	13.1356128256142	44.3529357331236	12.7793457641234	21.2881136353121	0.994442819537877	9.27171687627961	12.8985083357707	37.1892366188944	13.556595495759	26.0894998537584	0	0	0	0	0	0	0	0	0	100	0	2.05470600904588	5.43183286668103	14.1029506784407	44.4497092397157	12.2894680163687	21.671333189748	2.40931239848403	6.77224327738675	15.0649702219816	43.6428442519401	11.3743006677495	20.736329182458	2.39213384208982	3.71783582819685	13.62880344389	42.265923099501	13.3744252030134	24.6208785833089
"ISO6_CD_1421"	1	2.08816705336	84.9885888658102	6.15944816267918	8.85196297151063	26.9001153865449	0	1.58531079115035	0.481613404906437	0.0150504189033261	51.4674158430743	6.40897004966638	0.00250840315055436	13.1390157026037	17.143810335	16.6354391912	16.9302182601	15.508298817	15.4661491244	13.9388676624	15.5599174277	14.1031714171	14.4961721056	15.5425288234	13.6224469756	4.50549778003	4.28597219715	8.31886071553	4.35254189846	3.31192292252	7.82686796972	4.19179964877	12.8829536528	0	0.0104	0.0019	0	3.1894	0	0.0015	0.0128	0	0	0	0	0	0.0033	0	0	0.0144	0	1e-04	0	0	0	0.0065	0.0221	0	0	0	0	7.15824381803763	6.11337406653089	7.67096199524941	5.85728609625668	0.378930526947417	0.371685051930302	0.380305945445301	0.366791815426722	5.86194218152981	4.93482688391039	6.16811163895487	4.72393048128342	9.65763102876505	8.38272233536999	10.412351543943	8.03091577540107	15.5195732102949	-2	12.1144278606965	13.3175492192804	16.3125	-2	16.5804631828979	18.535864978903	-2	12.7548462566845	11.7232964145	9.48774390926	26.7558528428	6.68475579674	6.89303486961	17.5661723296	17.3152259075	11.0754810064	12.4830751376	33.2410362305	25.0616674889	31.0327243314	2.05682876014008	2.50852230621017	2.24264705882353	1.48056208165256	1.53772046835631	2.02205882352941	1.15253335697504	1.19312286942345	1.50735294117647	1.57788587020999	1.17588141025641	2.08367694761	3.57633734675	7.82335016459e-05	0.000414075570584	0	0.3992	0.1712	0	0.5698	0.1566	0	0	0.2008	0	0.2986	0.1184	0.794	0.3592	0	0	0.2998	4.18350414837	4.22703665232	4.58631921824	4.11286764706	1.78193629130785	2.42557883131202	8.48952590959206	56.190589707679	19.6340772967013	11.4782919634077	1.77649395197689	2.14840223867124	8.24336522838057	57.1113919480051	21.0579526990431	9.66239393392309	0	0	0	0	0	0	0.607849947898576	0.173671413685307	1.45883987495658	51.1809656130601	39.1455366446683	7.43313650573116	2.93994120117598	3.14993700125997	13.8177236455271	46.1990760184796	11.4657706845863	22.427551448971	2.28310502283105	3.19634703196347	22.6027397260274	37.6712328767123	18.9497716894977	15.296803652968	2.36873272799053	0.296091590998816	2.66482431898934	43.7623371496249	46.9206474536123	3.98736675878405	0	6	0	0	0	0	1.81239284839579	2.03631783352577	7.25656904936846	57.286309086456	20.5766068367097	11.0318043455442	0.14050582095544	3.45242874347652	1.88679245283019	65.4957848253713	26.0136491368928	3.01083902047371	0	0	0	0	0	0	0	0	0	100	0	1.83910012403233	1.40712544373637	6.8517172062786	58.089902057226	21.859629613789	9.95252555493777	1.74849202107353	2.3096892418111	8.49812934259754	56.2457051233107	20.8711918760021	10.326792395205	2.16025137470542	2.9261586802828	10.3201099764336	52.9163393558523	14.5129615082482	17.1641791044776
"ISO6_CD_1422"	3.25	6.038647343	83.9874956582147	8.03519740650689	7.97730693527845	35.4458586697889	0.015107451750576	1.36722438342713	0.430562374891415	0.015107451750576	47.2485553499263	1.11795142954262	0.00377686293764399	14.3558560259848	16.7880773275	16.8701975255	17.9055251884	14.6152498712	14.9598069757	13.48955495	15.2101560994	16.8225338491	9.21818789064	15.6405907296	6.46021893691	13.5394126739	12.1678577973	23.0881017257	10.7727885913	5.85106382979	39.958967508	8.21757566896	55.6539893917	3e-04	0.1075	0.0043	0	0.372	0	0	0.026	0	0	0	0	0	0.0235	0	1e-04	0.0063	0	1e-04	0	0	0	4e-04	0.0054	0	0	0	0	8.06536904659375	5.29335054874112	7.74378809188936	4.30379028597367	0.347588318270509	0.347651938717964	0.347969386310615	0.333103796349582	5.63138403238309	3.93143963847644	5.44585091420534	3.16443486155243	10.6863319266213	7.09954809554551	10.1429910923582	5.73138901497957	16.3177159590044	-2	9.32854209445585	11.0309877340219	13.6896551724138	-2	15.5888420065635	15.9044776119403	-2	8.895823876532	6.03115764164	14.0648011782	34.4897959184	1.75322527291	4.38759760305	9.66287632119	18.3063328424	2.9176314919	6.63473760668	21.5298301858	8.03175653325	13.9481568912	1.00005000250013	1.48638704930096	3.76397433353179	0.945047252362618	0.971302428256071	4.24687437983727	0.570028501425071	0.824135393671818	3.47952636105047	3.60317365626678	0.643816073453561	0.671974522293	1.74840764331	5.05822205206e-05	0.000263682192773	0	0.063	0	0	0.0954	0.0942	0	0	0	0	0.0364	0.024	0	0	0	0	0.0786	4.29081454073	4.3689477557	4.2743902439	4.34318978633	1.82895414734673	2.51416795466255	10.6852138073158	55.3271509531169	12.0195775373519	17.6249356002061	1.76531671858775	2.36393622869709	10.2376152953393	56.1847168774052	11.7952476940932	17.6531671858775	8	0	0	0	0	0	1.87102633969119	0.690281562216167	7.55676657584014	59.8546775658492	9.68210717529519	20.3451407811081	2.28286538966151	2.9126213592233	8.85594332196274	45.7885069535555	11.5192862765678	28.6407766990291	1.57967032967033	5.28846153846154	21.8406593406593	36.7216117216117	15.224358974359	19.3452380952381	0	0	9.91596638655462	78.9915966386555	5.54621848739496	5.54621848739496	0	5	0	0	0	0	1.7248024667566	2.16804779340913	8.18076700713047	59.80921179418	11.3509346694932	16.7662362690306	0.62862669245648	0.193423597678917	4.15860735009671	72.4371373307544	5.94777562862669	16.6344294003868	0	0	0	0	0	0	0	0	0	0	0	1.83214848036643	2.6384846605277	11.0262894222053	51.09976621022	12.409943222482	20.9933680041987	1.84237461617195	2.9463371837988	11.3539991226788	56.6968855095774	10.7837403129112	16.3766632548618	1.95237557837716	3.03577474325697	12.1318135650604	45.5817627807245	13.5481322649814	23.7501410675996
"ISO6_CD_1429"	1.25	3.5799522673	83.632770858792	10.9097527365383	5.45747640466967	36.5944303543179	0	0.592622353916079	1.07977801772845	0	43.838987519775	2.63415614092359	0	15.260025613339	18.5806838632	18.9972744086	17.8647727273	11.4567716396	12.0087041345	8.91555343511	10.8769789774	9.98271126192	10.4468662737	11.5500485515	10.8807671431	15.923566879	14.2717790951	20.5152671756	16.6298987802	18.5005655195	18.2981694074	14.682796569	20.4390567517	0	0.0061	0.0019	0	0.816	0	6e-04	0.1566	0	0	0	2e-04	0	0.0064	0	0.0032	0.0053	0	4e-04	0	0	0	0.002	0.1771	0	0	0.0031	0	7.02994053381275	5.57751164337991	5.45298404770399	5.21788617886179	0.334015716546237	0.338833752164586	0.337282193665725	0.332260868411514	4.70446687871664	3.90652029274784	3.79659548442995	3.64878048780488	9.23516802655234	7.39853626081171	7.18556648488864	6.90829268292683	13.939634905269	-2	9.40740740740741	11.3050565535595	13.8913043478261	-2	10.9821619693186	9.00951847704367	-2	10.5570731707317	5.19052922094	3.64737259425	9.38928126298	2.18318695107	2.77830868938	7.88747397473	6.19909176097	4.31618569636	4.83206783313	17.7843412579	14.5796737767	12.0584504717	5.29320688987807	4.49879335806649	5.39523212045169	5.3802980452874	5.18675935597738	5.47051442910916	2.99496806657635	2.99319237834528	3.96486825595985	4.08500590318772	3.50153707730374	0.966171876892	1.06787417972	5.79105781251e-05	0.00016155136489	0	0.071	0	0	0.098	0.0994	0	0	0	0	0.0372	0.0466	0	0	0	0	0.0724	4.33815560286	4.28242625077	4.0065735415	4.21555834379	2.85228512700789	2.60867358591113	14.6268429466846	39.1148780673484	15.1166036490979	25.6807166239501	2.62999924964358	2.35611915659938	13.3675996098147	41.6522848352968	16.5190965708712	23.4749005777744	0	0	0	0	0	4	0.811068702290076	0.333969465648855	8.3969465648855	48.3778625954198	13.263358778626	28.8167938931298	3.72549019607843	4.50980392156863	13.1372549019608	48.8888888888889	11.6993464052288	18.0392156862745	0.833333333333333	6.38888888888889	25.2777777777778	37.7777777777778	15	14.7222222222222	0.188857412653447	1.2275731822474	11.2370160528801	21.5297450424929	14.9197355996223	50.8970727101039	0	0	0	0	0	0	2.75110303659486	2.42019205813652	14.433558266286	38.4018946275629	15.4392681027771	26.5539839086426	2.80336080142188	1.13103894005494	9.24220391016319	40.9516884795605	20.0759411859751	25.7957666828244	0	0	0	0	0	0	0	0	0	100	0	2.38132174992243	2.33478125969594	11.8755817561278	45.3304374806081	17.1424139000931	20.9354638535526	2.7795759831688	2.73102443761126	15.4960349571128	39.1082699465933	16.0220100339861	23.8630846415278	2.99740667028527	2.68379470478258	13.4250045232495	39.9975876002654	13.4491285205959	27.4470779808214
"ISO6_CD_1430"	0.5	1.23762376238	69.7093097707773	25.1760788833397	5.11461134588296	33.6574120477097	0	2.72877618522602	0.245564799037787	0.00501152651097524	35.421469379573	0.83191340082189	0	27.1098526611206	20.7503835394	19.2947587906	19.962962963	17.7903893705	17.8821570981	16.1926628195	18.0248299446	17.7277446546	17.2542578583	17.8989123713	15.6490644491	1.79938630202	1.44400139367	4.36108821105	1.55373006728	0.873766447368	2.43132812816	1.11309155724	10.893970894	0	0.0243	0	0	0.3641	0	0.0086	0.1089	0	0	0	0	0	0.037	0	0.0011	0.001	0	1e-04	0	0	0	0.0032	0.2625	0	0	6e-04	0	8.83823394705505	7.67097441199276	9.8278640776699	7.67351659105062	0.363938414466609	0.364617655131752	0.331057856930327	0.36413280846621	6.36163781258588	5.70448867062979	6.41019417475728	5.70064940841562	11.683887514885	9.99870767640217	13.2695145631068	9.99154879459123	18.0455253274709	-2	10.8833034111311	15.703196347032	-2	-2	19.6797087378641	19.8518607442977	-2	15.6921982030068	26.8095945659	21.5100913023	33.7589448576	31.6411468503	16.2145040465	39.8376140947	27.4987986545	39.5540026719	24.5989135427	59.2549352579	61.2732504367	43.6214187295	3.16388947479435	2.87549525753392	0.656578609899974	0.348027842227378	0.582302797454676	0.292382662221082	0.110736131617802	0.330171689278425	0.225698897153116	0.250024512207079	0.500990329721543	0.935032739619	8.17816819811	6.48720848444e-05	0.000720249162423	0	0.309	0	0	0.12	0.0824	0	0	0	0	0.1878	0.0624	0	0	0	0	0.1484	4.31195950221	4.47724816905	4.58412176059	3.88874070274	1.54318229213215	2.47862483987249	17.7853248726428	41.2071379628802	6.22635326362201	30.7593767688504	1.38593163253455	1.90855948279199	17.7267624172506	39.8048856025706	4.54879795594441	34.6250629089079	0	0	0	0	0	1	1.87139323990107	0.156636438582028	13.6603462489695	50.1401483924155	4.61665292662819	29.5548227535037	1.79775280898876	4.1091492776886	12.3595505617978	49.4060995184591	10.1123595505618	22.215088282504	0.466200466200466	3.96270396270396	38.4615384615385	36.5967365967366	11.8881118881119	8.62470862470862	0	0	0	8.16618911174785	0	91.8338108882521	0	0	0	0	0	0	1.38646247630376	2.12987399174813	18.2581868193138	41.2853585102033	5.9993309296361	30.9407872727949	1.51624177631579	2.32319078947368	20.3536184210526	43.2925575657895	4.03474506578947	28.4796463815789	0	0	0	0	0	0	0	0	0	0	0	1.03564060034791	2.13600873821757	16.8129778712731	43.1449492293378	5.25911242364173	31.6113111371819	1.44410898112109	2.50991233494598	18.1841329889782	41.7045578552981	5.55454512385872	30.6027427157979	1.86070686070686	2.98336798336798	15.8108108108108	42.2349272349272	9.65696465696466	27.4532224532225
"ISO6_CD_1431"	1.75	2.87769784173	69.7761770002573	19.4623102649858	10.7615127347569	46.6570612471879	0.0379161295214984	2.79821035868659	0.0581380652662976	0	22.6308738403984	0.748211622557569	0	27.0695887363818	18.0630361805	18.7017253144	18.1943489882	10.8941475678	11.9667936854	6.60940561724	10.2240593826	10.8266554197	7.80672795654	11.2580751483	8.76941298821	19.9690130964	15.4781346398	47.4853037231	22.0563977692	18.5153943484	39.302131216	18.2455975139	33.9265079732	0	0.0034	6e-04	0	0.2412	0	3e-04	0.0128	0	0	0	0	0	0.0134	0	0.0019	0.0107	0	0.0039	0	0	0	3e-04	0.0429	0	0	2e-04	0	6.67062916787475	4.76489028213166	5.28900138057984	3.86717517096265	0.333498633288534	0.333050339685772	0.322310747799973	0.314546363095753	4.55880931671016	3.45329153605016	3.46443728588229	2.79247764334561	8.92432589156277	6.31442006269593	7.0125274837654	5.13492898474487	13.4831352082729	-2	5.55586592178771	9.76771159874608	11.2967032967033	-2	10.4769647696477	11.5066828675577	-2	7.92740662809048	2.63592440829	1.72143974961	4.57094784072	1.74578866769	1.18564427304	4.53183291542	3.1392801252	3.35375191424	2.11866547653	13.9685646138	12.7105666156	6.42167842767	1.43704519048493	3.73463451252698	3.23074567447558	1.71833914266495	4.56976635075537	3.58291226458429	1.08237020730141	2.96518720090082	2.90920226611545	3.14026517794836	2.72868276429926	0.355419498781	0.373579619156	6.10036519294e-05	0.0001512627315	0	0.024	0.0076	0	0.0286	0.009	0	0	0.007	0	0.0272	0.0188	0.0938	0.256	0	0	0.02	4.27415606654	4.2417190579	4.27791361043	4.3258306538	1.75982226379794	1.31548175865295	6.49263330215154	37.0790458372311	13.7657857811038	39.5872310570627	2.11092965583984	1.53632129680034	5.65535595475715	36.1398415290631	13.6333393818424	40.9242121816972	0	0	0	0	0	0	3.20052253429131	0.587851077726976	3.52710646636186	38.4715871979099	11.8223383409536	42.3905943827564	2.42569183464298	2.32319781346088	4.57806627946703	45.7464981209429	12.0942944994875	32.8322514519986	1.34656272147413	3.8979447200567	14.1743444365698	37.1367824238129	17.2218284904323	26.2225372076541	0.539568345323741	1.61870503597122	4.04676258992806	45.0539568345324	7.37410071942446	41.3669064748201	0	4	0	1	0	9	1.5395491320399	1.09967795145707	6.38598696096143	37.1219857041866	13.6124420705365	40.2403581808185	2.00337410375369	0.632644453816955	5.77815267819485	29.3336145086461	10.7549557148882	51.4972585407001	0	0	3	0	0	0	0	0	0	12	0	1.78646050982031	1.45215211032177	5.5996656916005	41.9557041370664	12.881320518178	36.324697033013	1.96346171955928	1.44081363593559	7.10518881250589	37.3434410019776	14.4646388548828	37.6824559751389	1.58886064247747	1.54263924196903	6.04344811647793	38.2250982204761	12.9073260919806	39.6926276866189
"ISO6_CD_1433"	0.75	1.70316301703	69.3615197828882	14.1408370232824	16.4976431938295	42.3740285200831	0.0723504562746517	3.79956589726235	0.224053025882792	0	25.8197773473055	1.22062221392396	0	26.4896025392676	16.5207756233	17.0571542766	17.5024993423	17.4756927671	17.4109553646	15.4696356275	17.0919258806	16.750877193	13.7118244469	17.6047475286	13.0511233379	3.70646875412	3.26852270525	7.78573653068	3.56685771521	4.71734892788	18.2988755894	3.07819807021	25.7221458047	0	0.0349	0.0059	0	1.3167	0	1e-04	0.0639	0	0	0	1e-04	0	0.033	0	1e-04	0.0988	0	0.0017	0	0	0	2e-04	0.0375	0	0	0	0	9.29994556341862	6.52931461601982	8.58862930893645	5.53325859491779	0.340120503835111	0.355407200390953	0.353385815720122	0.340982209627968	6.27152966793685	4.97357555739059	6.26564286881229	4.21562032884903	12.3039738704409	8.79644921552436	11.3861297173664	7.44693572496263	18.5755035383778	-2	10.8600823045267	13.7700247729149	18.0090909090909	-2	17.6517725861787	19.4210526315789	-2	11.6625560538117	13.9430196055	7.72496130887	25	14.5052243393	7.04899237112	20.2985251436	12.6420517356	19.709076009	10.8722494157	37.4874133744	30.8338455235	24.9724390351	1.34927210320748	0.605337575114882	3.27734535026628	0.574032429873358	0.879285966772711	3.50266284309709	0.183453663155403	0.34022622834924	2.88816058992216	3.06491528650295	0.286632935370504	2.43978607956	1.28039973455	0.00010225146823	0.000467349073595	0	0.2972	0.1538	0	0.1742	0.4628	0	0	0.1258	0	0.144	0.539	1.5214	0.7402	0	0	0.1798	4.32802698544	4.39908094733	4.42887473461	4.34234787953	1.70392165473629	2.683237451144	8.52839137499451	63.8531465460454	11.5629528786615	11.6683500944183	1.87972353207157	2.46754085653382	6.09133776887798	67.8250758994897	11.5367224339513	10.1995995090756	0	0	12.5	70.4545454545455	0	17.0454545454545	1.65057614450327	0.87200249143569	1.83743382123949	75.1167860479601	11.4917471192775	9.03145437558393	2.88461538461538	4.52488687782805	8.2579185520362	48.9819004524887	11.0294117647059	24.3212669683258	1.85528756957328	8.25602968460111	23.5621521335807	35.9925788497217	12.0593692022263	18.2745825602968	0	0.407407407407407	7.03703703703704	80.1111111111111	7.33333333333333	5.11111111111111	0	4	0	0	0	0	1.54137221078404	1.88080796839352	7.30065104891214	66.8243280841356	11.6409771298203	10.8118635579545	0.0779727095516569	0.428849902534113	0.740740740740741	76.9200779727095	16.3352826510721	5.49707602339181	0	0	100	0	0	0	0	0	0	9	0	1.56873413130214	2.15814290895901	5.19586507072905	67.2107363075807	12.59521218716	11.2713093942691	1.47990291836856	2.90652933167584	8.00331498253715	65.672171905523	11.7563487835198	10.1817320783757	2.39569005043558	3.31270059605685	11.3480055020633	53.8743695552499	11.1416781292985	17.9275561668959
"ISO6_CD_1434"	8.25	11.8568232662	84.8440763951059	8.75111906893465	6.40480453595942	48.3425615619991	0	2.38598280635291	0.0546408276264024	0.0254990528923211	31.7645344601486	4.95774442663558	0	12.469036864345	16.7982708934	17.773037054	17.0445870352	12.4222789018	12.9156067182	13.0771633864	12.1221276742	13.8271128271	12.1499081124	12.6086567057	10.2297695197	17.3554192698	15.1160596339	14.1830677913	18.3139835326	13.2132132132	19.7742189551	16.4248092013	29.3938470911	0	0.0135	0.014	0	1.7578	0	2e-04	0.042	0	1e-04	0	1e-04	0	0.0164	0	3e-04	0.0487	0	0.0105	0	0	0	7e-04	0.0377	0	0	0	0	7.1516742338252	5.94547346514048	5.93220441487753	5.47456636133307	0.347882575050782	0.35406563010767	0.326198612432307	0.345933678030812	5.11953745743473	4.50489073881374	4.02286059872997	4.13291755992984	9.40217082860386	7.94380853277836	7.80254006652555	7.30442408887157	14.5217082860386	-2	9.83030303030303	12.4486992715921	15.0963855421687	-2	11.8254006652555	15.2971602434077	-2	11.4373416488014	16.2825694385	4.79735632621	11.7354196302	5.12717536814	8.18817095402	18.9827156247	8.25008546359	8.48728246319	10.5512794545	28.2698426348	21.4323962517	17.4093579097	2.40508503693523	5.64160971905847	3.52093891704455	2.34925270572067	5.58466211085801	3.74766604427847	1.54612609517265	3.91419893697798	2.73406241664444	2.8169014084507	2.99604405833075	0.818369617035	3.70517506224	7.63037962632e-05	0.000227647957706	0	0.3092	0.1098	0	0.423	0.1434	0	0	0.0592	0	0.13	0.0606	0.2458	0.7456	0	0	0.0814	4.30829360478	4.26761579347	4.04417952314	4.36263003468	2.44454634034504	3.6281309107583	12.3430962343096	51.1721212815957	11.6982862383218	18.7138189946696	2.50235893564824	2.95527458010945	10.4132855255709	54.6518210983204	11.7229665974712	17.7542932628798	0	0	0	0	0	0	2.24929709465792	1.12464854732896	2.21805685723211	69.5407685098407	10.2780381130897	14.5891908778507	1.92307692307692	4.9249530956848	13.1801125703565	50.140712945591	9.28705440900563	20.5440900562852	1.22950819672131	6.28415300546448	24.5901639344262	41.8032786885246	13.2513661202186	12.8415300546448	0.262906309751434	7.12237093690249	14.6988527724665	56.1185468451243	8.86711281070746	12.9302103250478	0	0	0	0	0	0	2.51489992076343	3.24869948668481	11.7097874392807	51.2522823578048	11.9302718158955	19.3440589795707	0.643500643500644	3.93250393250393	8.994708994709	57.2143572143572	10.6678106678107	18.5471185471185	0	0	0	0	0	0	7.47663551401869	0	0	92.5233644859813	0	2.49409293777894	2.61485954318719	9.29377789446049	57.6109215017065	12.050406930953	15.9359411919139	2.39707621197463	3.6905657673152	12.6661650363682	51.3239456806048	11.8348919703322	18.087355333405	2.3758757234237	3.92933292720073	12.5190374657326	49.8223169864961	10.9046603716113	20.4487765255356
"ISO6_CD_1435"	1	1.93236714976	82.1073170731707	10.7344947735192	7.1581881533101	52.8084061135371	0.275655021834061	2.40720524017467	0.278384279475983	0.0027292576419214	27.9012008733624	1.09989082969432	0	15.2265283842795	17.2260681852	17.2721935347	17.1810536044	17.5645773702	17.7815711549	17.8859813084	17.7126584476	20.5349558578	16.7612930548	17.6073427505	13.8752781211	5.84146270226	5.47988155374	7.97835710772	5.4835909012	2.83941780005	8.04277244495	5.23054371002	19.3077873918	0	0.0523	0.0025	4e-04	0.6999	0	0	0.0281	0	0	0	3e-04	0	0.0905	0	6e-04	0.0932	0	0	0	0	0	0	0.0293	0	0	0	0	9.39267337378082	7.09023404455306	9.28102242936207	6.80808080808081	0.344083788563627	0.367753959567908	0.347540996524039	0.365021354243865	6.41194992704093	5.48500798947269	6.37955141275852	5.31006139829669	12.5597880347132	9.65889651283015	12.3005388872706	9.27777777777778	18.9717379617541	-2	15.3117583603021	15.1439045023028	28.5979381443299	-2	18.6800903000291	17.8246753246753	-2	14.5878391760745	6.75359070999	7.12356035831	30.7506053269	5.85663729096	4.42809623541	9.79423449119	10.3369827954	8.44493789466	6.64742427709	22.3388000407	20.0333078898	15.544096165	2.15212414143984	3.13255295957538	2.71282869631583	1.86720936148563	1.52599402871902	2.34510511343926	1.12439582803358	1.06156106345671	1.92881426489974	2.14230571281523	1.0944574929175	0.892247939957	2.00493360626	8.58414862852e-05	0.000260217428683	0	0.1216	0.0436	0	0.0988	0.1882	0	0	0.019	0	0.1152	0.105	0.9554	0.0494	0	0	0.2198	4.29117272959	4.20923178996	4.52142857143	4.343093041	2.87692038086337	3.74437759214907	12.6730533325545	51.2588352123372	12.7723581984929	16.674455283603	2.66852464727399	3.8599547117227	12.2870580038321	51.3185856122627	13.2381118272078	16.6277651977008	0	0	0	0	0	0	3.14805705853419	2.92179045745204	13.9399901623217	43.7875061485489	11.3526807673389	24.8499754058042	1.52284263959391	3.79217676918483	11.7647058823529	48.7309644670051	11.4362496267543	22.753060615109	0.770712909441233	5.58766859344894	17.7263969171484	35.8381502890173	15.028901734104	25.0481695568401	1.84883088635128	0.163132137030995	34.9646547036433	21.968461120174	10.7123436650353	30.3425774877651	0	100	0	0	0	0	2.9692654974822	3.56311859697864	12.7522139260288	51.2484806389998	12.9953116860566	16.4716096544539	5.53567167740396	4.98687664041995	6.72870436649964	45.1443569553806	13.4096874254355	24.1947029348604	0	0	0	0	0	0	0	0	0	0	0	2.91149068322981	3.52202145680407	12.1259175607002	52.2515527950311	12.895256916996	16.2937605872388	2.86180703624733	3.88792643923241	12.8631396588486	51.495868869936	12.6199360341151	16.2713219616205	2.23733003708282	3.34981458590853	11.9159456118665	48.3436341161928	12.929542645241	21.2237330037083
"ISO6_CD_1437"	1	0.982800982801	66.6771698653681	27.0552850186193	6.2675451160126	37.2188196776834	0	1.90793373034913	0.0141119358753634	0.0451581948011628	28.892777511219	0.883407185797748	0	31.0377917642742	16.4537428231	16.4971530646	17.7200336072	16.4670241287	16.5991227439	15.3935167248	16.5261339878	14.5872576177	14.0879606677	16.8265767553	10.7278520361	5.34615991169	4.55525994104	10.5514658401	4.92227979275	10.4709141274	16.1750123946	3.61364537882	34.0223811004	0	0.0408	0	0	0.5032	0	0	0.0069	0	0	0	0	0	0.0225	0	3e-04	0.0047	0	1e-04	0	0	0	0.001	0.0053	0	0	0	0	8.07212877353236	6.74849450938718	8.26787162553586	6.21205868867492	0.370044282779413	0.362245497468589	0.358282206470162	0.346236575239968	6.44859084326612	5.42933049946865	6.26937782412235	4.95884915176525	10.8644313244959	9.02089975203684	10.9827366469702	8.28243924805135	17.3130221677621	16.5384615384615	11.0950354609929	14.4502302515055	14.8636363636364	-2	17.2521144710926	13.4962406015038	-2	13.2412883998166	5.89408303367	5.38038761932	39.4299287411	9.14724315189	4.25210446795	9.76462896371	9.19872722013	15.583409619	6.98832788192	25.1847008826	33.9201464686	19.2531836823	1.33612100225409	3.45448002878733	2.61047002533071	0.4540851327954	1.12270600935588	2.22347312130594	0.267877560354121	0.741273839510615	1.96312974950746	2.20324620298546	0.422353621126573	0.853511213824	2.11408162193	6.2407707217e-05	0.00030687277641	0	0.0716	0	0	0.072	0.0314	0	0	0	0	0.0744	0.0942	0	0	0	0	0.05	4.30495573487	4.03001079525	4.00700934579	4.29615817619	2.54218577511434	3.23292856016401	15.5716763917363	53.5562214161804	11.7237028859801	13.3732849708248	2.59941036887898	2.94815560509096	15.6288200186956	54.3143740562307	11.7350974329474	12.7741425181563	0	0	14.7058823529412	38.2352941176471	47.0588235294118	0	1.93723363037582	1.42063799560894	17.6546558181583	49.9418829910887	14.2580395195661	14.7875500452021	1.87358916478555	5.53047404063205	16.1625282167043	41.5124153498871	11.038374717833	23.882618510158	1.18373648996397	5.71281523417396	23.3659289758106	37.004632012352	15.4915079773546	17.2413793103448	0	0	7.39762219286658	44.3857331571995	43.1968295904888	5.01981505944518	0	0	0	0	0	0	2.38160167257522	2.58612853376966	14.0896282156168	54.2768839196437	12.6670302699755	13.9987273884192	5.81717451523546	0.0554016620498615	25.8171745152355	38.6703601108033	18.1717451523546	11.4681440443213	0	0	0	0	0	0	0	0	0	100	0	2.35498264749628	2.74334820690795	15.7040158651463	52.210378449843	11.9814906627004	15.0057841679061	2.45140817136057	3.69694565648552	17.1717572391908	52.9432764775883	11.2296707655692	12.5069416898056	2.28473733291887	3.48927572272303	13.8172210133665	48.1115946534038	13.0245570407212	19.2726142368666
"ISO6_CD_1439"	0.75	1.88235294118	77.5365097068767	14.3494475619532	8.11404273117005	40.3996759384283	0.00337564137186065	1.08020523899541	6.40696732379152	0.00337564137186065	28.2068593032676	3.14609775857413	0	20.7534431541993	17.442473977	17.5681489516	18.1514404017	15.9349578019	16.1785154308	14.1328903654	16.0190938511	15.1947656726	12.0472619048	16.5206147236	8.60855243809	5.97753664573	5.07858809132	15.1673907488	4.90522422561	4.62568472307	25.0753968254	3.19342311824	43.9738838892	0.0033	0.0846	0.0034	0	0.692	0	0	0.0083	0	0	1e-04	1e-04	0	0.0425	0	3e-04	0.0289	0	0.0013	0	0	0	8e-04	0.0161	0	0	0	0	8.25941470054446	5.61878303293129	7.5498272158401	4.56235381016866	0.355642698052221	0.355197126257468	0.370866366168212	0.334917957094014	6.19787885662432	4.4918010570538	6.00457644531615	3.62587713898806	11.0279038112523	7.68871120748069	10.0899411599888	6.2478148467315	17.2257826678766	13.0645161290323	10.4469628286491	12.1805122645345	15.4945054945055	-2	16.0945176053049	16.296	-2	9.87369198571956	5.18384766907	11.8788347797	27.9132791328	1.56112400929	4.6013667426	7.67892317794	15.5160024321	2.88207509407	6.75516455895	18.804990151	8.5661676407	14.0491713141	1.85567686305367	1.18732052131655	3.10573921395982	0.731123569719026	1.1983653633753	3.18578403906187	0.583587423363168	0.585376629114204	2.61746578083727	2.91083792567472	0.601303496842148	0.349455189652	2.04576892276	4.67299636639e-05	0.000238199775644	0.1682	0.0968	0.089	0	0.0996	0.0208	0.0374	0.0082	0.0582	0	0.057	0.0266	0.9262	0.9274	0	0	0.0842	4.35226229508	4.19052352551	4.10180412371	4.34771472024	3.4044038327305	5.83476108890158	13.2812995748461	46.4433022399898	15.0358525287138	16.0003807348182	3.50300202684615	5.79372060117022	12.696470228307	46.9539944166125	15.5187578874909	15.5340548395732	0	0	0	86.1924686192469	13.8075313807531	0	3.19447993866599	5.71173013033478	8.8934321492461	45.2977255302837	19.5374393048812	17.3651929465883	2.33890214797136	2.86396181384248	10.1988862370724	46.3961813842482	11.5513126491647	26.6507557677009	1.29259694477086	5.0235017626322	23.5898942420682	36.0164512338425	15.1586368977673	18.9189189189189	0	18.780487804878	15	13.109756097561	37.4390243902439	15.6707317073171	0	0	0	0	0	0	3.70319001386963	6.3291724456773	12.0203421174295	47.2353213129912	15.880721220527	14.8312528895053	2.06938527084601	5.96469872185027	6.69506999391357	50.6390748630554	22.7328058429702	11.8989653073646	0	0	0	0	0	0	0	0	0	9	0	3.01587301587302	5.11111111111111	12.3293650793651	46.5	15.1666666666667	17.8769841269841	3.66851193918863	6.34553416508304	13.5710154507147	45.8687928612741	15.2276295133438	15.3185160703958	2.21163460972884	3.8468325392624	13.7933062761014	45.1561672842774	13.499205929063	21.492853361567
"ISO6_CD_1442"	6.25	11.6129032258	66.8241381249648	26.3764692649457	6.79939261008942	40.4914059056853	0.00550903481710004	1.52049360951961	0.815337152930807	0	24.4380784486558	1.56456588805641	0	31.1646099603349	16.5866363495	17.0625855662	17.5790322581	20.7603279421	21.4621039001	22.8307962529	20.7525123816	21.9529872674	18.6583898107	21.5866173532	14.8894719025	6.00376431556	4.65417428397	7.6112412178	6.61633889503	4.85798237023	15.2839448469	4.96960421715	24.2044685173	0.0114	0.0405	0.0061	0	0.8831	0	2e-04	0.0214	0	0	0.003	3e-04	0	0.037	0	7e-04	0.0503	0	0.0025	0	0	0	2e-04	0.0264	0	0	0	0	10.8270115854626	8.06776556776557	9.86934010152284	6.44387873177505	0.345955763769683	0.349317498509372	0.346221148494735	0.338276983789724	7.68957308363752	5.93223443223443	7.04761421319797	4.84772043508447	14.9375760461302	11.1217948717949	13.1540101522843	8.86461467252951	22.6271491297678	24.2156862745098	23.0202898550725	17.0540293040293	15.9207920792079	-2	20.2016243654822	17.9291338582677	-2	13.712335107614	25.3999240822	22.0386603731	22.8675136116	6.59123055163	19.4177195323	27.5852719484	28.1018206339	9.94342291372	22.1972847838	37.2593677132	23.0551626591	31.0931491799	0.929211930756102	0.836843583263128	4.01640503464856	0.552650827621705	0.640269587194608	2.6446047235186	0.284452631864113	0.325751193484976	1.95163343232923	1.89468503937008	0.323502453226937	2.95707292227	6.01884603413	7.27691709994e-05	0.000377850046956	0.024	0.1692	0.3828	0	0.186	0.0626	0.0018	0.0078	0.1198	0	0.1604	0.0968	0.6354	0.826	0	0	0.2398	4.38872483949	4.01370401573	4.04278074866	4.04553811342	2.24263884901266	4.07694516221648	13.4941142693081	47.4527067980987	18.0463840239895	14.6872108973746	2.34993906154784	4.10572821450335	12.8008836075564	48.2670627666057	18.9023461304083	13.5740402193784	0	0.0471475719000471	0	9.05233380480905	88.8731730315889	2.02734559170203	0.453747072599532	0.892857142857143	6.57201405152225	42.3887587822014	38.3196721311475	11.3729508196721	2.31578947368421	3.96491228070175	15.9298245614035	46	10.3859649122807	21.4035087719298	0.875656742556918	8.66900175131349	30.6479859894921	34.5008756567426	12.6094570928196	12.6970227670753	0.0503651473180559	1.8886930244271	1.93905817174515	33.3920926718711	49.534122387308	13.1956685973306	0	0	0	0	0	1	1.82237822762899	2.48593547146223	11.0063951531471	47.7520796268693	21.5944607395297	15.3387507813627	1.50832517140059	1.97845249755142	3.11459353574927	41.6062683643487	40.1567091087169	11.6356513222331	0	0	0	0	0	0	0	0	0	2	0	1.73521850899743	1.62421126431409	10.6391680299135	48.6445431175508	23.1596167328815	14.1972423463426	2.03205373464269	4.20439569782766	13.0468052544318	46.5926965097989	20.1589933256812	13.9650554776177	2.54739336492891	4.24001354096141	16.6299932295193	47.5626269465132	11.4675016926202	17.552471225457
"ISO6_CD_144"	3.75	12.4121779859	85.5616540552062	10.6016199509752	3.83672599381861	33.5132079350396	0	0.593586185630589	1.78589783122623	0.0359749203412478	26.0946654332408	24.5939973275773	0.00256963716723199	13.380100729777	17.1602742823	16.528838436	17.5093457944	15.9730104097	16.0787060621	15.9356777878	15.9363170347	15.8197202556	12.7606763285	16.2083029862	12.8746773058	6.40530557421	6.14875191034	9.04718966035	4.35068349106	4.14436194094	17.5362318841	5.01428651465	23.3278573105	0	0.0221	5e-04	0	1.2955	0	0.0014	0.2332	0	0	0	0	0	0.0173	0	0.0036	0.0041	0	0	0	0	0	8e-04	0.0656	0	0	0.0031	0	8.49231129498088	6.79780621572212	7.51143523920653	5.02704761904762	0.348082058812813	0.349673744965692	0.358596062671999	0.332659405492512	5.9359144485208	5.03363802559415	5.80035005834306	3.90895238095238	11.1287175083912	9.06106032906764	10.3198366394399	6.73752380952381	17.064631956912	-2	20.5746268656716	14.0946983546618	19	-2	16.120186697783	16.947209653092	-2	10.6464761904762	6.97421627027	18.882454411	15.4170176917	2.43902439024	7.23636518699	11.8526892474	25.0369640217	4.92321589883	11.4494051426	24.6619418236	15.6278229449	23.702613961	0.769397956965877	0.423937085278938	4.33408577878104	0.573788306889807	0.546817399852544	5.4176072234763	0.286894153444903	0.23347259768985	4.01805869074492	4.05508798775822	0.270807870203945	1.89602214554	2.95779454704	0.000109272253485	0.000392885775067	0	0.0818	0	0	0.1502	0.1342	0	0	0	0	0.0608	0.0656	0	0	0	0	0.0568	4.3878722017	4.56739985254	4.0347970174	4.47381489842	2.87105439892545	2.829079919409	19.2033243787777	50.3987575554063	11.9375419744795	12.760241773002	2.78655119714722	2.67957208354559	18.8588894549159	51.0137544574631	12.1141110545084	12.5471217524198	0	0	0	0	0	0	6.52239254583709	0.631199278629396	22.7532311391644	45.7469191463781	11.9326720769462	12.4135858130448	3.8795303726391	2.85860132720776	11.434405308831	45.5334354262379	11.1281265952016	25.1659009698826	2.04081632653061	5.27210884353742	22.6190476190476	41.6666666666667	12.5850340136054	15.8163265306122	0	0	4.20168067226891	91.5966386554622	2.10084033613445	2.10084033613445	0	13	0	0	0	0	2.85226077812829	2.00446898002103	21.6154048370137	51.4787066246057	11.3564668769716	10.6926919032597	0.673458815403212	1.74408565014678	27.4736660335003	47.3838715247798	13.6591262303575	9.06579174581247	0	0	0	0	0	0	0	0	0	0	0	2.53140096618358	1.65217391304348	15.7294685990338	54.9275362318841	12.8599033816425	12.2995169082126	2.99736679926046	2.7004313967169	21.1328365734775	49.8123144153734	11.6589164659085	11.6981343492633	2.78103731518423	3.27387937103966	13.6118282093405	49.9061253226942	12.3797230697019	18.0474067120394
"ISO6_CD_1448"	0.5	1.73697270471	87.8132694707728	8.68216008365096	3.50457044557628	32.9935972821116	0	0.552071083235333	2.94002352018816	0.0392003136025088	48.3176532078923	3.89389781784921	0	11.2635567751209	16.6908787626	16.7827700723	17.1613929805	13.5416533219	13.3388375165	11.0505643341	13.4789281864	12.3520536463	11.7027159286	13.2569992821	11.8650566038	5.11013842924	4.9443291187	10.6997742664	4.59935321595	2.01173512154	8.86224614632	5.03948312994	12.8301886792	0	0.0362	0	0	0.7162	0	0	0.0068	0	0	0	0	0	0.0102	0	0	0	0	0	0	0	0	0	0.008	0	0	0	0	6.53231030228254	4.87628187035469	6.67569181763886	4.74205820810348	0.379588422476202	0.387716868475865	0.387685224408829	0.383472952723898	5.3237970388649	4.28064728572773	5.65618156480191	4.16606429522541	8.87106724244294	6.68124941198608	8.99163846306988	6.49809777439604	14.1948642813078	-2	9.33528265107212	10.9618966977138	-2	19.3125	14.6478200278718	14.3145695364238	-2	10.6641620696215	10.4156048742	12.0593583201	21.9457013575	10.468235581	7.14488990075	16.545429273	16.8455627896	14.2665528594	11.7854220768	33.6329518603	27.5393244726	23.6775639429	2.00462962962963	1.42371689711741	1.38762096037977	2.10185185185185	1.56433091164753	1.34501856247337	1.41666666666667	0.71478790719475	0.967683038159576	1.04519444120051	1.11099759922358	2.8027529653	1.79528481476	7.49331465085e-05	0.000328524320763	0	0.2758	0	0	0.1336	0.0612	0	0	0	0	0.1122	0.0398	0	0	0	0	0.0464	4.17787037037	4.1009491446	4.44857768053	4.27435944252	3.15291270773282	3.15291270773282	12.4799829187573	52.3789188996833	15.1097825700153	13.7254901960784	3.53840347235327	2.60898282694848	11.6531421022835	53.576146442725	15.6727684468768	12.950556708813	0	0	0	0	0	0	0.451467268623025	2.84424379232506	8.1038374717833	54.3792325056433	21.2415349887133	12.979683972912	2.69488153373124	4.431181045397	12.5339120998372	47.5854584915898	12.3892204738651	20.3653463555797	0.58252427184466	3.68932038834951	23.8834951456311	40	12.4271844660194	19.4174757281553	0	0	3	13	0	0	0	16	0	0	0	0	3.35198398439505	3.09532364868333	12.0579025717366	54.1912632821724	15.0197628458498	12.2837636671629	13.3277451802179	0.0838222967309304	16.8901927912825	49.9161777032691	16.1777032690696	3.60435875943001	0	0	0	0	0	0	0	0	0	100	0	3.27868852459016	3.39124051871789	11.827746513335	53.6481526792268	14.0200636163445	13.8341081477857	3.3883704235463	3.56544627901412	13.3237616654702	51.3711414213927	15.3194544149318	13.0318257956449	2.49056603773585	3.05660377358491	11.6150943396226	51.4867924528302	13.5396226415094	17.811320754717
"ISO6_CS_106_0"	1	1.70316301703	81.4587802635611	12.0349371743794	6.50628256205945	32.6275321602839	0	0.937453792695549	3.18201981369215	0.0621026171817241	41.8749075853911	4.29986692296318	0.00591453496968801	17.0102025728227	16.4066677807	16.704319732	17.2255284553	15.7040404452	15.6476248354	15.1728087649	15.7964443384	16.426657095	13.3941634241	15.9029411765	11.5699185201	5.52452399397	5.12508862554	11.7529880478	4.61758740007	5.14477147643	15.6420233463	4.15441176471	28.2096454525	0	0.0162	0.091	0	0.6914	0	0.0011	0.0868	0	0	0	0.0042	0	0.013	0	0.0019	0.1179	2e-04	0.1428	0	0	0	6e-04	0.0618	0	0	3e-04	0	7.64546393527285	6.22144573050884	7.77664161636072	5.60239253852393	0.367641180075884	0.369473301690939	0.362323019046595	0.358881962068529	5.91909106558788	5.13671107228653	5.9680916594801	4.60543390105434	10.2831812704424	8.586809347019	10.5243316496242	7.70944849959448	16.2022723360303	-2	12.0630630630631	13.7235204193055	17.0038377192982	-2	16.4924233091043	18.2256586483391	-2	12.3148824006488	2.36252310536	3.96281800391	18.431372549	3.07838350963	1.90951607822	4.48243992606	7.39562948467	5.41090317331	3.63001914363	14.5390480591	15.8665581774	11.4692126881	2.4829657004273	2.80450024457851	4.41794281067895	1.58794318050583	1.89955975868254	4.18755928987668	1.01050929668553	1.45116582422958	3.55061661471744	3.5974025974026	1.33726471289016	0.643624208804	0.9778820852	9.34130390298e-05	0.000265768629878	0	0.0742	0.0562	0	0.1022	0.0872	0	0	0.0534	0	0.0644	0.0432	0.11	0.7532	0	0	0.088	4.38413120055	4.39792923528	3.85813415574	4.32619596151	2.2750438292494	3.33917723325315	12.912300729808	52.892730460309	12.6513638031557	15.9293839442247	2.43087207535703	3.11961916337486	11.9416590701914	54.2590904486985	13.111516256457	15.1372429859212	0	0	1	0	0	0	1.44422310756972	0.796812749003984	7.17131474103586	57.8685258964143	14.5916334661355	18.1274900398406	2.46478873239437	4.34272300469484	11.4632237871674	48.943661971831	9.19405320813772	23.5915492957746	1.82868142444658	7.12223291626564	23.3878729547642	36.7661212704524	12.8970163618864	17.9980750721848	2.06103844629409	1.98176773682124	13.2514202668781	48.5400977672084	12.6040428061831	21.5616329766151	0	0	10	0	0	0	1.84942131010619	2.27896432406634	12.2956687746092	53.5437298651712	13.0831643002028	16.9490514258442	2.08183776022972	0.837520938023451	8.183776022972	50.8494855228524	10.6724096673845	27.3749700885379	0	0	0	0	0	0	0	0	0	0	0	2.45136186770428	2.34760051880674	12.2503242542153	52.5616083009079	12.3476005188067	18.041504539559	2.27415966386555	3.68172268907563	13.8077731092437	52.3266806722689	12.436974789916	15.4726890756303	2.279233648976	3.33626954415327	11.8255890772957	51.1231006386258	12.1559127945386	19.2798942964105
"ISO6_CS_145_0"	2.25	6.84931506849	65.6164291925881	15.4859856846612	18.8975851227507	31.3724214225288	0	2.47933884297521	1.64638511095204	0.0390447061885859	27.8649053165875	5.39467690505629	0	31.2032276957116	17.8535401003	18.5495892212	17.7565163103	13.7472934895	14.9552555741	14.8898561696	13.0243048676	13.9053509382	13.6370782677	14.2240041894	12.3398917433	13.0728162539	10.5263157895	16.0484481453	14.7315236774	13.8383136437	13.6516771642	12.2508427978	15.9292035398	8e-04	0.0021	0.0956	0	0.5452	0	0.0025	0.1818	0	0	0	5e-04	0	0.0076	0	3e-04	0.1336	0.0099	0.2472	0	0	0	0.0034	0.2156	0	0	0.002	2e-04	8.57522337599614	6.89795238887964	5.83974841047378	6.41352149655399	0.336418981044963	0.338505572039882	0.356796314906301	0.333772975032887	5.61402237784754	4.60712502080906	4.00745197237985	4.31030521824746	11.4942445464059	9.19710337939071	7.74430847063649	8.53659337052839	17.1082669242534	-2	21.7929515418502	13.8042284001998	14.5380923815237	20.8333333333333	11.7517604430163	14.245186697783	-2	12.8468985887758	8.84520884521	5.1280882487	5.7788421491	15.4091860337	4.96246420556	12.8914214021	7.85851034734	22.3923339575	7.44369630834	25.5371425584	38.4073135808	16.9537961458	1.62452987881321	2.80284386108832	2.47770069375619	2.50208942749687	3.05806216388661	2.75300077084022	0.882783117425825	1.62701668033908	1.94912454575487	1.95283320883577	1.40251185348728	0.843761850588	2.19235874099	7.19132845749e-05	0.000230392342899	0	0.1782	0.1134	0	0.1186	0.1008	0	0	0.1926	0	0.2006	0.163	0.1316	0.4384	0	0	0.092	4.24320936064	4.19697384012	4.0679710588	4.16057268722	2.34317069553611	4.08324682386673	12.0371743536507	44.979979237728	16.0067230214049	20.5497058678135	2.77567116638859	2.97664189291673	9.88169270438344	48.4908236007887	18.0494463825269	17.8257242529956	0	0	0	100	0	0	4.42846328538986	4.95836487509463	16.9568508705526	34.3679031037093	16.7676003028009	22.5208175624527	1.78023327194598	3.37630448127686	20.6875383670964	49.109883364027	10.6813996316759	14.3646408839779	0	2.85714285714286	25.7142857142857	40	20.952380952381	10.4761904761905	2.63404354952002	4.00959962538047	9.45328962772185	45.9025989229689	18.8480449543432	19.1524233200656	0.819672131147541	98.3606557377049	0	0.819672131147541	0	0	2.24886070933228	3.79103097549699	11.1452347929463	45.4296281619444	16.1812297734628	21.2040155868173	2.26546212647672	3.96571693305536	11.2022237665045	43.0854760250174	18.420199212416	21.06092193653	0	0	9	2	0	0	0	0	0	0	0	2.62194228797422	3.26155949416532	8.92046286802402	50.5541721595625	17.997168107026	16.6446950832479	2.46456976401663	4.35636435047295	12.8236179753216	44.7091938598501	16.9083232415802	18.7379308087586	1.92456396597646	3.25629349600481	11.3068133001117	46.2239023971132	12.9392559498239	24.34917089097
"ISO6_CS_202_0"	4	5.70175438596	84.5474203073775	12.8252226278221	2.62735706480039	28.2471626733922	0.00221234043494613	0.544235746996748	7.64363620273888	0.0287604256542997	33.6563350368355	15.7009800668127	0.00442468086989226	14.1722528262649	17.6733935923	18.2244205218	17.707847463	11.2979032086	11.7931277345	9.60596293312	11.0296331309	11.4518658198	10.6611757106	11.7057161311	9.16908955363	19.8103266596	17.2681677516	24.644104217	20.2996036796	18.0296413921	22.0687984496	17.7518973034	32.0054049017	0	0.0024	0.0766	2e-04	0.5964	0	3e-04	0.0705	0	0	0	4e-04	0	0.0024	0	3e-04	0.1708	0.0023	0.0507	0	0	0	0.001	0.1243	0	0	6e-04	0	6.46067626506589	5.69668695064233	5.49696220780558	5.13081505894283	0.340669097409113	0.343833031176476	0.347141625392166	0.337499129739206	4.35979927777517	3.99432048681542	3.79178251467408	3.56863987831157	8.42578436430146	7.59972954699121	7.14749596677308	6.82824185574851	12.7855836420766	-2	10.4417040358744	11.5940500338066	12.288396290432	-2	10.9392784814472	13.1893251135626	-2	10.3968817340601	7.66754270696	4.80874850489	3.80583978038	3.01198947266	3.46963419458	12.4605781866	7.20579979007	4.85427429574	6.26574503966	25.4829172142	12.0187152744	14.0877766443	2.47578394352323	3.44844405423861	5.22315338140713	1.59579707765556	2.80216564237635	4.8431105047749	1.30684616647513	2.06077455857965	3.50808809198987	3.75829034635225	1.78290754685997	1.37171506633	1.39565670507	3.80567000538e-05	0.000120238791182	0	0.0564	0.0848	0	0.0774	0.058	0	0	0.09	0	0.0504	0.038	0.1382	0.2014	0	0	0.0734	4.43349203743	4.47540303895	4.36310395315	4.36504532606	2.0204334081642	2.77026923840503	19.2452772559979	40.1032360532063	14.2652067011805	21.5955773430461	2.04673994237541	2.52481058584996	18.1624159641447	41.0201686052716	15.1958168818696	21.0500480204887	0	0	0	1	0	0	2.26967499328499	1.55788342734354	23.7442922374429	30.2175664786463	17.1098576416868	25.1007252215955	2.08889968423609	3.86203546271557	17.7799368472188	43.1382074325966	13.8450327908671	19.2858877823658	0.710227272727273	6.25	35.6534090909091	35.8664772727273	12.7840909090909	8.73579545454546	2.3132732816936	2.18709473905576	18.6779292699169	38.3302372857594	16.8167957660089	21.6746696575655	0	100	0	0	0	0	2.08340908264553	2.45245973166564	19.2815329236811	39.948369268807	14.6420390502854	21.5921899429153	1.85589519650655	2.01468836840016	18.0561069207357	38.9076353050152	16.9577874818049	22.2078867275374	0	0	1	0	5	0	0	0	0	5	0	2.21791559000861	2.26905684754522	19.1402885443583	40.646533161068	16.359819121447	19.3663867355728	2.05675762958179	2.89843371548523	19.9903116421766	39.5951073792992	14.8373163248829	20.6220733085742	1.86375920231106	2.91212375361103	18.3207529587177	41.5804678035598	12.7667505358308	22.5561457459696
"ISO6_CS_205_0"	0.75	1.5037593985	82.6379772844016	15.2559785400377	2.10604417556076	57.0075862450856	0	0.299019879284567	0.653413810288499	0.00553740517193643	23.5948834376211	1.82734370673902	0.0110748103438729	16.6011407054654	16.5112765492	17.1122335192	17.7839061345	18.6011904762	19.0120876524	19.9090084892	19.6690054376	22.7998616555	13.1885553235	20.1129154599	7.6362853452	9.20149719276	7.50920079684	12.9728838704	6.94614979828	3.89670278995	32.5071088855	4.36491518411	54.1911870245	0	0.0394	0.0108	0	0.4455	0	0	0.0185	0	0	0	7e-04	0	0.0255	0	0.0013	0.0638	0	0.022	0.0036	0	0	2e-04	0.0172	0	0	0	0	9.45757664233577	6.24035290237467	10.1345163535143	4.97111173894618	0.349386540422855	0.358002792984105	0.330860649608139	0.321854807500214	6.96811678832117	5.11535290237467	6.68796102992345	4.02938268116966	12.7963211678832	8.50725593667546	13.4871259568546	6.74177143664359	19.7644379562044	-2	12.3003831417625	13.6226088390501	19.0704022988506	13.125	20.175086986778	22.4766633565045	-2	10.7711541178132	15.9902318222	6.484877249	26.6361256545	7.52545740541	7.56842209268	19.4572470248	10.0185528757	9.67795347297	10.6992886078	29.0396918209	13.4944945774	18.0281098706	2.66144006602022	2.73087525844245	6.17084678420661	1.80524035485868	2.29583046175052	6.46883536131115	1.31008871466887	1.41281874569263	5.48795629500869	5.71352238464181	1.4302915313606	3.01730201153	1.69327612885	2.98594351198e-05	0.000194191319714	0	0.1696	0.0362	0	0.1032	0.0542	0	0	0.0402	0	0.1412	0.0458	0.3326	1.0378	0	0	0.0536	4.24654425418	4.1871203963	4.32362459547	4.36511878156	2.31856934913703	3.41547099189021	13.9530047826991	47.9673528800166	15.7387190684134	16.6068829278436	2.28922578248979	3.33592193672553	11.8580544957288	50.3123206266671	16.8551845224027	15.3492926359861	0	0	0	0	0	0	1.26926563916591	3.964394626226	7.4507541415973	53.7542240171433	20.1022006099069	13.4591609659606	3.01381692573402	3.713298791019	11.545768566494	47.0898100172712	11.4075993091537	23.2297063903282	1.45161290322581	5.74780058651026	30.8064516129032	35.3519061583578	14.2375366568915	12.4046920821114	1.75736274390983	5.41752514846685	13.2953581384075	41.7767543328081	26.5543570476306	11.1986425887771	0	4.35967302452316	0.817438692098093	94.8228882833787	0	0	2.18207332047009	3.40291176986494	12.7310998070514	48.8545869145764	16.6812839852657	16.1480442027714	1.63707632003689	4.03504726769656	7.25155637537468	52.8245330873876	21.7200830066867	12.5317039428176	0	0	100	0	0	0	0	0	0	19	0	2.07604620146456	3.6009965021767	14.2907471249906	47.9503762047359	15.7553033543874	16.3265306122449	2.26175699903462	3.8063715349607	14.2428630533719	48.2347262446559	16.4011860433044	15.0530961246725	2.45442801779819	3.70317209702885	16.7755131333429	44.2371178412516	12.8821587483852	19.9476101621932
"ISO6_CS_76_0"	1.5	1.40845070423	76.6671699632594	16.3923700236549	6.94046001308571	45.8754578754579	0.00488400488400488	1.03540903540904	1.41636141636142	0.00976800976800977	22.0561660561661	7.83882783882784	0.00976800976800977	21.7533577533578	17.5787253277	17.6143008475	16.7433514899	16.7120446135	16.5302195934	16.3362391034	16.332723168	16.5894077449	14.3874175099	16.6784664168	13.397547596	5.26919268255	5.16010605752	10.4607721046	5.5036915004	6.3638952164	10.1803783546	5.13116171807	23.5237173282	0	0.0103	0.0566	0	1.1425	0	0	0.1853	0	0	0	9e-04	0	0.0042	0	0.0111	0.2154	0	0.3303	0	0	0	0	0.2374	0	0	1e-04	0	8.82207832254086	6.82085561497326	8.32084637806326	6.36281261326568	0.343110843014204	0.357045027546161	0.337657328016801	0.346090814907943	6.03761948812828	5.12452253628724	5.65227248191731	4.7611453425154	11.5481036077706	9.07639419404125	10.9359818633272	8.45523740485683	17.5857230958989	-2	13.2142857142857	14.2009167303285	21.5987124463519	-2	16.5882543452445	19.8900255754476	-2	13.2163827473722	7.53764882126	5.82186100514	16.7809337251	8.38	3.46836847947	13.585113932	9.78603416819	15.34	6.21531631521	37.4753607191	46.62	19.8542024014	3.00793214482055	1.11658456486043	2.79273887891482	3.73046414827613	0.815544608648057	2.23419110313186	0.706824785989162	0.377668308702791	1.69559146219828	1.7930228025726	0.517538815411156	1.3695949912	1.26198395617	0.000216055583973	0.00062878474288	0	0.2002	0.2224	0	0.1492	0.1344	0	0	0.152	0	0.136	0.1226	0.524	2.6456	0	0	0.111	4.28752061572	4.25719759168	4.03266494179	4.37769353551	2.98118517746391	5.42033668629801	12.7846979725856	44.0871423359566	14.3065617345077	20.4200760931881	3.22931538513835	5.15330749881025	10.8572982527704	46.3797674892923	15.4327282616085	18.9475831123802	0	0	0	0	0	0	2.11706102117061	0.37359900373599	26.8991282689913	45.3300124533001	9.33997509339975	15.9402241594022	2.46781115879828	10.9442060085837	15.2360515021459	49.0343347639485	11.1587982832618	11.1587982832618	1.53846153846154	6.15384615384615	34.1538461538462	41.5384615384615	7.07692307692308	9.53846153846154	4.0482485128883	5.28750826173166	9.79841374752148	41.7217448777264	15.2511566424323	23.8929279576999	0	0	0	0	0	6	2.70303252181341	5.2352187442797	11.3185673317469	45.1522362560254	15.0649826102874	20.5259625358472	3.21753986332574	2.17824601366743	9.18280182232346	39.9487471526196	13.5677676537585	31.9048974943052	0	0	0	0	0	0	0	0	0	100	0	3.87153541575011	3.86273647162341	8.96612406511219	49.8196216454025	15.767707875055	17.7122745270568	3.02680887863938	5.85759584894782	12.9778034015566	44.3931968867109	14.2173537042375	19.5272412799078	2.42013552758955	4.71119716037431	14.6821555340432	43.594707970313	13.1010003226847	21.4908034849952
"ISO6_CS_118_0"	1	1.87353629977	85.9546574255772	8.60785214256886	5.43749043185392	29.9306243805748	0.00133929767230065	0.792864222001982	6.30005625050224	0.0133929767230065	41.4271555996036	8.78311413494763	0.00267859534460129	12.7487745426298	18.3369365225	17.2201871	17.5289938556	20.8257049448	21.2365358201	20.8124428179	21.1454276741	21.5989630859	20.0124565469	21.6405096729	16.0986003388	3.29849962053	2.36752692836	0.998086999917	2.23905412895	1.85400248859	6.25724217845	1.6937300909	17.0812160114	0	0.0099	0.0266	0	0.626	0	0.0015	0.8923	0	0	0	1e-04	0	0.013	0	0.0142	0.0395	0.0046	0.1316	0	0	0	0.0046	1.0631	0	0	0.0286	0	10.0034984948336	8.10446009389671	10.582490550618	7.32716606498195	0.335356275578546	0.364923275248941	0.350190276308583	0.356949670002179	6.78691725652917	6.30727699530516	7.35151700888753	5.76353790613718	13.5617118216581	10.9816901408451	13.8661763203596	9.95329422382672	20.3486290781873	-2	22.9263157894737	17.2889671361502	23.3841554559043	28.2307692307692	21.2176933292471	22.8775863936735	-2	15.7168321299639	31.8246859929	11.7862165963	69.9575423357	9.09551130611	31.3869812375	38.9368805978	18.3122362869	14.242321971	38.6126901719	54.6610843182	27.4890313871	53.6884303223	0.762994754411063	0.520174328693941	1.56882591093117	0.842473374662216	0.506115563053564	1.8387314439946	0.460975997456684	0.246028398706594	1.29892037786775	1.31450827653359	0.275975509458101	1.23379961579	12.7573797992	6.1595702248e-05	0.000705042361158	0	0.3448	0.3012	0	0.2478	0.42	0	0	0.3394	0	0.2642	0.6348	0.4606	1.4184	0	0	0.642	4.19016584539	3.83544214818	4.42769112267	4.25185560054	1.60838344328332	5.72129137719657	7.25961819137136	50.9807928075194	13.0159378831222	21.4139762975072	1.57955613388274	5.29169377575363	6.00014458179715	51.3626834381551	13.3629726017494	22.4029494686619	0	0	0	0	0	0	0.440821758296598	2.15420444148715	1.37236962488564	58.4546286284621	6.47093071612742	31.1070448307411	3.16243411595592	4.55198850023958	10.6372783900335	48.203162434116	10.5414470531864	22.9036895064686	1.30293159609121	6.18892508143322	21.8241042345277	36.6449511400651	16.4495114006515	17.5895765472313	0.75847062480572	6.82623562325148	3.94156046005595	53.3789244637861	10.5439850792664	24.5508237488343	0	16	0	0	1	0	1.49270275263255	5.96711620173656	6.27748014040273	51.6940698318862	12.4736744873453	22.0949565859967	1.49730402322688	6.21733720447947	4.49191206968063	54.765657403567	12.4885939444214	20.5391953546246	0	0	0	0	6	0	1.75438596491228	2.63157894736842	0	6.14035087719298	89.4736842105263	1.4277437510346	5.84754179771561	4.91640456878	53.4348617778513	12.1461678530045	22.227280251614	1.53057260508119	6.17667624893171	6.61176287778727	51.7403465154223	12.7495921062854	21.1910496464921	2.05937416421503	4.48426495497905	10.1720602656682	47.936168315949	13.354729428546	21.9934028706428
"ISO6_CS_124_0"	1.25	3.03738317757	59.4058893546551	17.0884438234229	23.5056668219221	30.9725660415748	0	3.41144155447794	1.24961850181424	0.0271287598765641	25.8486215198888	1.78710705686866	0.00169554749228526	36.7018210180067	17.3591368046	16.9808004327	16.4295243619	16.0911765774	16.5678851804	17.4026442308	16.0857570218	16.7776888787	15.6903881079	16.3845544739	13.4787492023	9.22300119874	7.50373260126	4.25480769231	9.02027588499	5.60064007315	10.9235218941	7.9416833574	20.6636885769	0	0.0144	0.0523	0	1.6137	0	0	0.0788	0	0	0	0	0	0.0049	0	3e-04	0.1253	0	0.0015	0	0	0	2e-04	0.0931	0	0	0	0	9.069726113318	6.88456189151599	8.0353404060985	6.39305972639306	0.320549953542505	0.356645660763192	0.348806560400065	0.350753115241967	5.64457453481079	5.03511821974965	5.50994168481697	4.66866866866867	12.2713777963621	9.29728789986092	10.7777699711937	8.61428094761428	17.9159523311729	-2	12.5187969924812	14.3324061196106	15.6280417149479	18.4166666666667	16.2877116560107	15.6233538191396	-2	13.2829496162829	32.7317305728	7.40205363374	16.6214382632	11.5145228216	15.0280355762	35.2244091807	10.1684777191	14.0300829876	17.9065158546	44.9635633045	23.781120332	26.2398491879	2.79815267590329	3.45257074531686	3.06016597510373	2.173322466721	3.39776803507373	3.00829875518672	1.69790817712578	2.77999202869669	2.46369294605809	2.63157894736842	2.33422459893048	1.77791427791	8.63363363363	0.00010108567202	0.000345712845713	0	0.3206	0.2686	0	0.3498	0.215	0	0	0.1008	0	0.1676	0.0998	0.2028	0.0624	0	0	0.1204	3.69661776691	4.40872857712	4.15915119363	4.32287344398	3.131243416034	4.79857604707763	11.4388463075302	47.3428021359294	17.4034654364488	15.8850666569799	2.91865337378991	4.41651013822665	10.3212445215046	47.1222848335982	20.3486972017531	14.8726099311275	0	0	0	0	0	0	3.05288461538462	0.817307692307692	3.91826923076923	20.3605769230769	63.1730769230769	8.67788461538461	3.01914580265096	5.81737849779087	11.2665684830633	50.4418262150221	11.9293078055965	17.5257731958763	2.87769784172662	6.71462829736211	25.6594724220624	40.2877697841727	11.9904076738609	12.4700239808153	1.06395149296419	5.01086832170232	10.9140830568585	36.5175609198032	33.1541013614003	13.3394348472715	0	100	0	0	0	0	3.14110021605451	4.63686222369952	11.3844108359648	47.0001661957786	18.1278045537643	15.7096559747382	1.97736884215339	4.74339924562807	6.46931077837467	37.7757457995199	34.3810721225283	14.6531032117956	0	0	0	0	0	0	0	1.02040816326531	0	98.2993197278912	0.680272108843537	3.24880608058115	3.28243761350642	8.97961929104729	45.5774534203269	24.3559561444811	14.5557274500572	3.18133122176161	5.26340304625274	11.3233033676464	46.2667101402022	18.9855139969258	14.9797382272113	2.96107211231653	3.80344607530313	12.4824505424378	50.4530950861519	11.8315252074027	18.468410976388
"ISO6_CS_108a_0"	0.75	1.21951219512	84.4849185699142	11.4435771417558	4.07150428832996	30.9284116331096	0	0.52199850857569	2.24645786726324	0.0046607009694258	43.9923564504101	7.76938851603281	0	14.5367263236391	16.705170068	16.6378999549	16.7123166637	18.0314479811	18.3851268591	18.7018939394	18.4119896641	20.7051739518	15.8474877006	18.6745556319	12.448385316	2.90817494848	2.5021872266	3.2196969697	2.04651162791	1.02586975914	8.46842487297	1.67926937052	15.6224123654	0	0.0779	0.026	0	1.4869	0	0	0.0732	0	0	0	7e-04	0	0.0528	0	0.0076	0.1957	0	0.026	0	0	0	0	0.0377	0	0	0	0	9.39526840066408	6.24719741592248	8.4172760511883	5.95575389289784	0.355159728292954	0.365865002748475	0.371325595009312	0.35989385411835	6.7595462091865	4.97795933878016	6.5790676416819	4.73832130649449	12.569590481461	8.46418392551777	11.3002742230347	8.06418533991645	19.3291366906475	-2	14.0627450980392	13.4421432642979	18.0068965517241	-2	17.8793418647166	19.4856115107914	-2	12.8025066464109	8.02552852014	8.49069607167	49.1442542787	2.92050601281	4.12458532989	13.5540486637	17.1330117161	5.18506949867	7.64098783634	34.1842840048	14.7430891769	23.4205676373	1.60057333970377	2.98651252408478	3.91759013578898	1.45723841376015	2.58739333883843	3.73029498985485	1.02723363592929	0.770712909441233	3.1528016232246	3.13760645450471	0.932890495262284	1.55487979804	1.31963968099	0.000113260109907	0.000723723246032	0	0.2502	0.1824	0	0.2568	0.1946	0	0	0.0952	0	0.2014	0.0854	1.5286	1.5538	0	0	0.1616	4.27361044752	4.32080924855	4.30170316302	4.40299672233	2.71734982062438	2.90817494847722	14.6553698190978	50.9579421418212	14.1668574917945	14.5943057781849	2.67716535433071	2.47594050743657	14.426946631671	51.8985126859143	14.5494313210849	13.9720034995626	0	0	0	0	100	0	0.378787878787879	0.189393939393939	6.43939393939394	56.3636363636364	21.2878787878788	15.3409090909091	2.92232760830556	5.33196616252243	19.0207639066906	51.1663675980518	9.89489874391182	11.6636759805178	0.936768149882904	4.91803278688525	32.7868852459016	34.8946135831382	16.6276346604215	9.83606557377049	0.548628428927681	3.14214463840399	14.1147132169576	46.5835411471322	22.5436408977556	13.0673316708229	0	0	0	0	0	0	2.31524547803618	2.67700258397933	13.3643410852713	51.5762273901809	14.5219638242894	15.5452196382429	0.669045495093666	1.29348795718109	5.12934879571811	59.2328278322926	18.7332738626227	14.9420160570919	0	0	0	0	0	0	0	0	0	2	0	3.01637228808775	3.06476328736188	13.8801516251311	53.4317283651907	13.5978707960319	13.0091136381966	2.73004026318374	3.0933909456938	14.9857605813611	51.1244230580379	14.3278012373564	13.7385839143671	2.70494065691416	4.07121170300856	17.6097157052167	49.8895942589015	11.7858128622688	13.9387248136903
"ISO4_33_A4"	2	3.16455696203	75.8151932474456	11.3016437139049	12.8831630386495	33.1243558914462	0.00429405702507729	1.70903469598076	1.67897629680522	0.31776021985572	35.9111989007214	5.37186533837169	0	21.8825145997939	16.9885994858	16.8467672207	17.3951201295	19.4312811149	19.6211660525	19.6888547124	19.6299134734	19.4851260343	18.1494581051	19.8516626402	12.5686438707	3.74364565409	3.18345500147	4.00586341135	2.87855377009	1.65095247258	9.36371052325	2.37278224876	31.8260060479	0	0.0864	0.028	1e-04	0.931	9e-04	0	0.0431	0	0	0	3e-04	0	0.0269	0	2e-04	0.0174	0	0.001	0	0	0	0	0.0189	6e-04	0	0	0	9.58665655799848	7.59819832701795	9.00371213621065	6.59457858095097	0.349349540426879	0.351493417203516	0.357376302966364	0.335645220513306	7.13417090869707	6.06799170658469	7.21243318154821	5.34357872907717	13.2446442109823	10.5615929077	12.4001187883587	9.17227077470004	20.3788151196794	-2	16.2727272727273	16.6295846142847	17.8978549540347	27.6086956521739	19.6125519699069	20.501679731243	-2	14.5158495037772	16.9654245471	8.20034372698	43.989769821	4.12205270458	11.1514248642	22.5433050348	13.4895303567	7.22884882108	15.2145706185	38.1756339747	17.7253814147	28.6350457334	0.909838311866265	0.993215359865706	2.14016411621202	1.5045217867909	1.50031475134644	2.41184298070526	0.594683474924637	0.734419808351402	1.7742293191395	1.77788369876072	0.626989393108886	2.5068800444	6.51233782752	2.98006553516e-05	0.000222432547923	0	0.1692	0.1092	0	0.1434	0.1388	0	0	0.0478	0	0.0916	0.0472	0.1382	0.0654	0	0	0.0912	4.08070704303	4.19773379031	4.50638297872	4.33200266134	1.74834819845263	3.29572173547531	15.0770402868815	50.4183688213427	12.9175478464186	16.5429731114293	1.71222799815046	3.18065266432204	14.9070324650759	51.0263559808881	12.9411929549244	16.2325379366392	0	0	88.2618510158014	0.451467268623025	0	11.2866817155756	1.02609698659105	3.52044984860864	16.7635891767194	48.1280338347671	12.3660306627577	18.1957994905561	2.82064254996205	4.30053124209461	13.4834303060966	39.0589425752593	11.7632178092588	28.5732355173286	1.51205557825909	6.45688598283613	25.4188802615447	34.2460155292195	16.5100122599101	15.8561503882305	0.821335701147967	3.4439018202575	17.660303164838	51.6077884188495	13.369696200926	13.0969746939811	0	0.206611570247934	14.0495867768595	65.754132231405	17.7685950413223	2.22107438016529	1.61001236093943	3.1844870210136	14.9026576019778	51.1016687268232	12.8059332509271	16.3952410383189	0.504137002116606	1.95882239753704	11.0602270540697	59.4766211275736	14.6045795651337	12.3956128535694	0	0.591715976331361	73.9644970414201	0	25.4437869822485	0	0	0	20.464135021097	79.3248945147679	0.210970464135021	1.80485957347628	3.48589907936138	15.4338072485724	49.7028318377811	12.7112224682438	16.861379792565	1.6695646821672	3.27296228476465	15.0014618308277	51.3502700540108	12.7348546632403	15.9708864849893	2.35403582228425	4.09397534310305	15.8967201674808	41.5817632007444	13.4542916957432	22.6192137706443
"ISO4_33_H1"	5	7.0564516129	87.399071778244	11.4756182846971	1.12530993705894	50.6871165644172	0	0.202453987730061	0.791411042944785	0	33.0552147239264	3.26993865030675	0	11.9938650306748	17.6020536568	17.8244115506	17.9211963067	11.5874250167	11.7845918489	11.6921411248	11.9495816384	12.6871701847	10.2596148518	12.0348531202	6.12341641292	21.1939013553	20.1105038023	22.5112599607	19.4381056322	18.0202836412	30.0692712663	18.6206783118	55.8512837863	0	0.0502	0.0039	0	0.7481	0	0	0.0546	0	0	0	1e-04	0	0.04	0	0.0017	0.0143	0	0	8e-04	0	0	0	0.0343	0	0	0	0	5.97104247104247	4.98046686018384	6.16716417910448	4.05363602999004	0.357729043329827	0.348828135620313	0.340642087712428	0.314171038663268	4.7488760776432	4.17597968069666	4.51291816778178	3.34619619357207	7.98754429576347	6.73349056603774	8.1905815748842	5.45577517957322	12.7364203734067	-2	8.15929624346172	10.9094702467344	13.8225352112676	-2	12.703499742666	10.6243686868687	-2	8.80197137314528	5.32229547745	7.14333489399	36.5758754864	5.13175230567	4.52322448625	7.89338885309	11.9590662832	7.62845849802	6.41310273448	20.3407194435	18.3662714097	15.6065071226	0.761379401466605	1.02163461538462	2.6937245099329	0.870383827706943	1.19190705128205	2.94040257860808	0.607782255400674	0.904780982905983	2.60492040520984	2.7087698293924	0.748541523678792	1.36042746485	1.95082323596	2.64248006884e-05	0.000184008045919	0	0.0996	0.0508	0	0.1298	0.1186	0	0	0.0238	0	0.0886	0.061	0.313	0.0296	0	0	0.1262	4.46406923547	4.33404560783	4.46825053996	4.40313137294	2.21895134414575	3.21039768940236	11.4752277271717	49.5139968895801	14.45928682515	19.1221395245501	2.22789923954373	3.21857176806084	11.3919914448669	49.7564163498099	14.7457224334601	18.6593987642586	0	0	12	0	0	0	3.12969165030604	2.35881741540594	13.9883358355468	45.5797436193556	14.1557916618547	20.7876198175309	2.30161112778945	3.70259181426999	9.99699789852897	47.6033223256279	12.3386370459322	24.0568397878515	1.68831168831169	6.34508348794063	23.0055658627087	40.8534322820037	13.9888682745826	14.1187384044527	0.873291825018194	1.01884046252123	19.8916471254144	38.942346567478	16.9806743753538	22.2931996442144	0	0.210970464135021	14.9789029535865	84.8101265822785	0	0	2.24228594106558	2.88057677679664	11.4991566623673	49.5436055164203	14.7269901114529	19.1073849918973	2.36642480211082	2.73746701846966	17.9501978891821	44.3106860158311	16.4660290237467	16.1691952506596	0	0	0	0	0	0	0	0.386100386100386	17.3745173745174	47.8764478764479	34.3629343629344	2.30673316708229	3.45802161263508	12.6059850374065	48.9332224993073	14.455527847049	18.2405098365198	2.22211256949242	3.2533964933057	11.7684792262903	49.9407875259055	14.4971874074805	18.3180367775256	2.13525807300477	3.93218300063907	12.5859930077817	46.0659373707755	13.480696214428	21.7999323333709
"ISO5_34_B7"	0.75	0.954653937947	80.9774411962905	9.79847896543978	9.22407983826974	43.1838557969077	0.0015728958585652	1.79939286219859	0.446702423832518	0.0377495006055649	36.0256067445774	1.50054264907121	0	17.0045771269484	16.4367403179	16.0441255221	17.0507257448	16.628566669	16.6449858776	14.8317400942	16.3058076225	15.4379782521	15.1504709965	16.68373649	12.561922366	6.33492777421	6.0396483911	10.0096979773	6.44931293752	8.10511478051	9.7149231532	5.89809572826	20.2234918501	0	0.0201	0	0	0.1303	0	0	0.0109	0	0	0	0	0	0.0107	0	1e-04	0	0	3e-04	0	0	0	0	0.0065	0	0	0	0	9.01817221341786	6.58780729798258	9.01773331817665	6.37622549019608	0.340975053402404	0.366963896160665	0.340566407662452	0.36317722490902	6.52234548335975	5.34924484621321	6.2154143457997	5.17903297682709	12.1066561014263	9.09579980156543	11.7504831192452	8.80069073083779	18.6290015847861	-2	12.2569659442724	14.4450446477786	-2	-2	17.9658974650449	16.6893564356436	-2	13.9797237076649	10.5798122937	22.4151201574	43.4362934363	12.5327823254	8.371263099	16.1850354268	31.3606431198	19.4230310737	12.6143563533	35.7569462477	37.8765000397	27.9944352875	1.30886169818317	0.821004019498845	1.01542977271826	1.60919540229885	1.07756777559223	1.40811550513665	0.723025583982202	0.598648764217908	0.789337987386458	0.823231751066803	0.685138539042821	1.82025924904	3.30759229345	5.74002589738e-05	0.000300166893745	0	0.1936	0	0	0.0596	0.0586	0	0	0	0	0.2252	0.282	0	0	0	0	0.095	4.08098186807	3.87394167451	3.99035679846	4.19567631892	3.34594607458176	2.84381618714452	10.9421479736322	52.7307774684087	14.247638085719	15.8896742105138	3.33658897130639	2.77697120080247	10.9495024153314	53.4144603120133	14.4999076102737	15.0225694902727	4.31654676258993	0	0.359712230215827	94.6043165467626	0	0.719424460431655	5.0221668052092	1.49625935162095	10.5915766140205	51.4477694652258	10.4599612080909	20.9822665558326	3.70185716066309	4.97320204412315	10.444970709211	46.940047363829	13.8352237317712	20.1046989904026	2.36768802228412	5.01392757660167	20.891364902507	38.5793871866295	15.041782729805	18.1058495821727	0	0	15.8682634730539	84.1317365269461	0	0	0	0	0	0	0	0	3.58439201451906	1.54913144931294	9.6577651024112	54.2422867513612	14.9176821363754	16.0487425460202	2.07410390656464	0.0402738622633911	6.60491341119613	58.2259363672976	13.8542086186065	19.2005638340717	0	0	100	0	0	0	0	0	0	0	0	3.67873078829945	3.20525532969757	10.3544868616758	52.7516113039167	14.6430342092216	15.3668815071889	3.52290272774061	2.99536798764797	10.7179619145651	52.717447246526	14.0504374678332	15.9958826556871	2.94908418753151	3.91530835153756	11.9391698874139	48.0171399764745	14.6614014451353	18.5178961519072
"MERGE_ISO_43_A4"	0.5	0.74812967581	75.5527100622407	16.0107624481328	8.43652748962656	44.6673353393514	0.409163999936317	1.75924599194409	0.307271019407429	0.00796038910381939	29.1493528203659	1.13992771966694	0.00477623346229164	22.5549664867619	16.719724371	17.1112014235	17.3971790808	16.3994888068	16.5000961183	15.2981336853	16.788834401	17.4177169865	13.0217342628	17.0409322932	10.1735275615	11.0393900339	10.2935304991	19.0481428519	10.1380463745	9.5244915497	23.8479795793	8.70929128658	35.1380042463	0	0.0074	0	8e-04	0.0961	1e-04	0	0.0031	0	1e-04	0	0	4e-04	0.0038	0	7e-04	2e-04	0	0	0	0	0.0013	0	0.004	0	0	0	0	8.00324318226684	5.30296718412262	9.53681354663673	4.76974803532367	0.34882687807895	0.3759852178134	0.324475330603947	0.36506958512601	5.91807439578104	4.7735114953822	6.20486013658902	4.23414080855546	10.5962661101554	7.51157398310081	12.456801384601	6.72048934618812	16.5143405059364	-2	10.3749151007471	12.285085478483	19.16	27.9923913043478	18.66166152119	15.5625806451613	-2	10.9546301547436	3.63827642134	7.26877969121	16.7472375691	1.21773458852	3.2050655534	6.02726515583	12.4888657957	2.16216216216	5.92074950084	16.2363564634	6.35590646827	12.9256782229	1.98102250564285	1.82043092147776	3.26370757180157	1.93938597067911	1.79458301792737	3.40336389580424	1.41345079218986	1.26654727396931	2.71115428987795	2.94979239371322	1.3393071753406	0.706602238788	1.38973200916	1.51548949797e-05	9.00361170571e-05	0	0.0022	0	0.0032	0.01	0.0082	0	0	0	0.0088	0.0032	0.0042	0	0	2e-04	0	0.006	4.17897920273	4.0595849182	4.20269337017	4.35069982087	2.38917830028267	3.82311849501262	11.3621348813534	49.930144152145	13.4069076061646	19.0885165650418	2.48872458410351	3.64805914972274	10.6513863216266	51.275415896488	13.7759704251386	18.1604436229205	0	81.5789473684211	1.31578947368421	6.25	0.328947368421053	10.5263157894737	2.65464012026546	4.39995600044	6.11960547061196	49.6058372749606	13.6581967513658	23.5617643823562	2.33532224285771	2.31161338760027	8.95009285968309	47.4927885565259	13.51404749674	25.396135456593	1.16771027246573	3.60467084108986	20.5110847859198	41.3775596547639	16.8387205957015	16.5002538500592	0	0	0.402252614641995	41.9147224456959	7.88415124698311	49.798873692679	22.458857696031	1.5972894482091	0.193610842207164	66.892545982575	8.76089060987415	0.0968054211035818	2.40801632745621	3.71194512160553	11.0635523555757	50.0297635920404	13.2944044446964	19.4923181586258	5.35663133772558	0.794901174448582	5.60011458034947	50.0501289028932	13.4989974219421	24.6992265826411	0	0	0	0	0	0	0	1	33	66	0	2.50332134167276	2.93920078816557	9.45500141810094	51.4666149184219	13.9063456285173	19.7295159051216	2.4490582132882	4.02443554711685	11.538091110469	49.9112560366533	12.8190311085428	19.2581279839298	2.13493748525596	2.75811905323583	10.9735000393174	47.7510419124007	14.6988283400173	21.6835731697727
"MERGE_ISO_45_H7"	0.75	1.20192307692	92.9164519753013	3.39057497867164	3.69297304602701	30.6392935690308	0.00248044581879516	0.319150695351645	0.840871132571561	0.0396871331007226	57.9580970019678	3.57845650124849	0.000826815272931722	6.62113670563723	16.5181412653	17.1088998858	17.6760644419	18.7103006104	19.3212857863	18.0857112436	18.8869244902	19.9906585134	14.797587949	19.3989836759	9.72230291586	9.34234268822	7.21245056111	12.3037843758	8.67361540663	4.97495621178	23.3437287824	6.66007105275	44.371618432	0	0.0181	0	0.0014	0.2852	6e-04	0	0.0021	0	0	0	0	0	0.0152	2e-04	8e-04	0	0	0	0	0	0.0028	0	0.0075	0	0	0	0	10.3194589178357	6.34026159512892	9.91931948306887	4.27675655500606	0.323828666319855	0.359340554740757	0.326391929779221	0.347497982462818	6.7927254509018	5.06690220251071	6.68447570750859	3.74484463935803	13.5480961923848	8.73212809140795	13.0700310813021	6.00093309694877	20.3408216432866	-2	16.0160878948401	13.7990302939187	-2	20.1607142857143	19.7545067888107	18.7901451825781	-2	9.7457777363068	31.5701885185	5.72705356618	17.753164557	0.696466632644	12.8558674735	34.6815422303	8.95748809314	1.23382666386	14.5757459814	46.3534455214	3.6894719462	21.3518122257	0.475214312336936	0.501062860613422	1.14942528735632	0.481869974974708	0.600341049779252	1.25446415173614	0.332783131888611	0.342217757948095	1.06539419585247	1.04506995057385	0.349415810912994	0.611681492575	8.82577602954	1.19645016282e-05	8.73604465454e-05	0	0.01	0	0.4032	0.0458	0.0072	0	0	0	0.0046	0.0084	0.007	0	0	0.0348	0	0.0132	3.87471047097	4.07186740796	4.3253164557	4.27817292398	1.87814335624064	13.0717549045955	11.070756709026	43.4568280416171	12.7369754674243	17.7855415210965	1.51451815170906	17.0766476949956	10.8181399187541	41.4439906963782	12.845000375146	16.301703163017	0	0.0784929356357928	0	4.3171114599686	95.6043956043956	0	1.09819907520078	21.684108055488	8.25170357751278	36.0124117790217	12.8042102701387	20.1493672426381	2.46705091963728	2.83050038547671	7.07441536032894	46.8959947134623	10.8814567348287	29.850581886266	1.47912162930936	4.48287632267607	15.5080213903743	42.6555922175447	14.5864148367277	21.2879736033678	0	57.2610294117647	0.0919117647058824	40.2573529411765	0.183823529411765	2.20588235294118	0.133181126331811	81.4561136478945	0.0126839167935058	2.85388127853881	15.5251141552511	0.0190258751902588	1.70979624620327	14.6311290009878	10.4314188908482	42.9129314881321	13.3016977944367	17.013026579392	0.464001474971576	42.6789171250346	5.34984482069877	29.0784500507021	15.0846572227514	7.3441293058415	0	13	0	0	0	0	0	0	12.3809523809524	0	87.6190476190476	1.33491374846082	17.4436401716975	9.79320344775999	42.915175437587	13.045329528062	15.4677376664327	1.86356073211314	14.5307370598552	10.9987858074381	42.3510365606871	12.498988172865	17.7568916670414	2.13515378190929	3.69112894440612	9.94771051962671	47.262064708232	12.5948654635245	24.3690765823015
"MERGE_ISO_57_B7"	0.5	1.72413793103	45.5242518512027	25.5093545984314	28.9663935503659	31.6259023812089	0	4.02973817476565	0.0452537442085982	0.00430988040081888	11.3220558129512	2.27992673203319	0	50.6928132744316	17.3583723686	17.0447451941	17.8104200936	16.7720576963	17.1316730575	15.8948525241	16.9354221245	16.3548464596	14.5377880423	17.470702318	10.1220695954	9.43348895547	7.99192734612	11.175316695	8.33056215681	7.3035425676	17.8659450888	6.80731577749	36.875190286	0	0.0262	0	1e-04	0.1224	5e-04	0	0.0067	0	0	0	0	0	0.014	0	6e-04	0	0	0	0	0	0.0012	0	0.004	0	0	0	0	9.34228957855331	5.68735658558972	8.42732875506251	4.76827687521604	0.331708845986246	0.373936484638917	0.343963998692562	0.360206845006598	6.39249486776959	5.19615266942022	6.29575629512238	4.43462668510197	12.2684609346697	8.1094921217684	11.1829723542877	6.82401486346353	18.6609558024393	-2	12.6077621800165	13.3056447911886	20.5714285714286	17.7692307692308	17.4787286494101	17.1562039493074	-2	11.2586415485655	4.07556296369	5.24135645642	17.6376146789	4.35249865664	2.79835429779	6.0866533756	9.03705953827	5.64809839393	4.44311286837	16.906886296	10.5021195295	11.7487473224	1.34718637348755	1.44654261175952	2.27401593601719	1.20342840962307	1.10383175512002	2.348622758065	0.845122575445704	0.806540409601409	1.90098182577815	2.02961895240974	0.840878158470915	0.545777675859	1.36903055667	1.16144445797e-05	8.65975335973e-05	0	0.0174	0	0	0.0128	0.0116	0	0	0	0	0.0126	0.0048	0	0	0	0	0.007	4.21137467599	4.25227457296	3.97889908257	4.30160861909	2.58866977910947	3.66524980837572	10.7762525259564	47.7005086753536	12.2089053027664	23.0604139084384	2.46458123107972	3.49303733602422	10.5848637739657	48.0710393541877	12.2026236125126	23.1838546922301	0	42.4311926605505	0	56.1926605504587	1.37614678899083	0	2.49574588769143	3.29930043486481	9.62020230667423	46.6794290035924	12.3357439969749	25.5695783702023	2.71798392633577	3.16626953677154	8.34780501595251	44.3923912604499	11.1707927789669	30.2047574815234	1.21773015099854	4.43253774963468	20.1006656924825	41.954862802403	14.6614710180224	17.6327325864588	0	5.5932880543348	60.16779864163	18.6975629244906	5.79304834198961	9.74830203755493	0.037821482602118	3.13918305597579	22.768532526475	58.7745839636914	0.37821482602118	14.9016641452345	2.53947912695774	3.40651942932689	10.6591615095748	48.7180942957021	11.9098407857705	22.766904852668	2.37627222295025	2.74756475778622	9.5356659240816	49.4059319442624	11.6891626261303	24.2454025247892	0	0	0	0	0	0	0	0.109051254089422	65.2126499454744	16.6848418756816	17.9934569247546	2.41119594629531	3.555609175988	10.1816583650747	50.2568035711208	11.7836645352545	21.8110684062667	2.63253311746899	3.80123616065029	10.7999628983161	47.8881552874116	11.8742252915433	23.0038872446097	2.40163332557265	3.23978723785304	10.67750774576	45.2012106667622	12.7299102745491	25.749950749503
"MERGE_ISO_55_G6"	2	3.2315978456	86.2587201156291	6.83598070881819	6.9052991755527	47.7269108856436	0.001447366516623	0.948025068388068	0.318420633657061	0.00289473303324601	37.3304771967405	1.0319723263522	0	12.6398517896687	17.276957514864	17.495871448844	18.073540924787	14.3046254300258	14.8129630858083	13.8820333561378	14.822601530195	15.9803688866074	11.7680735502784	14.629406130249	10.6778075713073	11.525737177638	10.7953339620654	18.1487697337348	11.2634128448069	10.3470217705761	24.486718480886	12.1941208937936	34.1835011333843	0.01276	0.101112	0.098787	0.00191	1.88498	0.003216	0.010442	0.271343	0.010571	0.000116	0.001347	0.000658	0.000162	0.09857	0.001281	0.013515	0.17625	0.001524	0.064282	0.001802	0.000451	0.016296	0.02115	0.206313	0.007378	0.000269	0.006225	0.00059	7.59954414486376	5.81374129898641	7.35523695946467	6.23856793599639	0.35661182495056	0.367440366758918	0.359231424019414	0.360353960673876	5.64715614938711	4.94491265208171	5.25021951750338	4.34519525557712	10.3054551013572	8.37756369748666	9.83674183873023	7.72124711338375	-2	-2	-2	-2	-2	-2	-2	-2	-2	-2	38.050625100821	49.7228184599275	48.9563788204401	64.5507920831883	65.5956006256387	41.4180527740872	57.888540345545	62.0632516652594	69.897604777446	65.627636259398	68.976492492572	67.615209590288	3.13936475159582	3.66208874750102	5.28064988097832	2.68631348189646	3.41811380236356	6.01850216090895	1.54535554432342	2.6939021235668	4.75753546541492	5.23222085644241	2.70725544104832	37.3999434276521	42.5936749639085	0.000545593756746058	0.0183240504936075	0.005922	0.871348	0.66721	0.034312	0.851222	0.432906	0.002	0.001444	0.202404	0.001912	0.919114	0.28077	1.664534	1.454484	0.005844	0.01364	0.458366	4.4381406485376	4.5649039749729	4.3793343317585	4.8412905098597	0	0	0	0	0	0	0	0	0	0	0	0	0	0	0	0	0	0	0	0	0	0	0	0	0	0	0	0	0	0	0	0	0	0	0	0	0	0	0	0	0	0	0	0	0	0	0	0	0	0	0	0	0	0	0	0	0	0	0	0	0	0	0	0	0	0	0	0	0	0	0	0	0	0	0	0	0	0	0	0	0	0	0	0	0	0	0	0	0
"ISO6_SLE_241"	1	2.9702970297	92.1582227375308	5.62744570280958	2.21433155965962	43.2808753299615	0.00201503213976263	1.86894230962984	0.645817800793923	0.0322405142362021	45.7623874100792	2.63767707094928	0	5.77004453221029	17.0826352975	17.6016675397	17.2300083202	14.9760963467	14.864225542	13.6485994539	14.8379067843	14.7089268756	12.3371516297	15.0893839557	9.02134324009	7.94348048905	7.35257778277	13.5807462837	7.92425078139	6.55270655271	19.7744449693	7.14987971969	42.8175990676	1e-04	0.0667	0.0018	1e-04	0.4925	0	0	0.028	0	0	0	1e-04	0	0.0184	0	4e-04	0.0613	0	0.0054	7e-04	0	0	0.0026	0.0399	0	0	2e-04	0	7.75908428875528	5.6647983595352	7.69003991291727	4.72344639762317	0.357594768134288	0.355148531721328	0.335535084879659	0.339847460748732	5.73350263285656	4.33069036226931	5.26514876632801	3.60745233968804	10.2434925495761	7.57006151742994	10.1173349056604	6.30614013369646	15.9769951824327	-2	11.2044854881267	11.9007518796992	14.8550185873606	26.6363636363636	15.3824836719884	15.151912568306	-2	9.9135924733845	4.77726045762	3.16457104707	21.7470983506	10.0123851118	2.86036661867	7.53999166652	5.62367864693	16.6286422006	4.60167900237	18.9170093661	33.5375790366	12.7870260439	0.474823520915705	1.72238211202125	4.74272349272349	0.436909855747531	1.33717068851007	4.99610187110187	0.285255195074834	0.969670135045384	4.20997920997921	4.43403028118241	0.594541910331384	0.981587115857	0.812572115775	5.30784464079e-05	0.000245032644642	0	0.1786	0.027	0.0028	0.0474	0.0528	0	0	0.0356	0.0092	0.049	0.0346	0.896	1.5934	0.0772	0	0.1206	3.98682048782	4.14328093868	4.03485576923	4.28963097713	2.61915220733582	4.41467164506918	19.3334065451351	49.8004978402519	11.1172120945896	12.7150596676184	2.30259463102325	3.76277659215995	17.9242951813995	52.3374143547119	11.2838369089071	12.3890823317983	0	0	0	8	0	0	1.10223480635049	0.657295985438366	11.4167256547679	70.0070785721509	7.91788856304985	8.89877641824249	3.78327884166277	4.22699673049977	12.4241008874358	47.6412891172349	10.3456328818309	21.5787015413358	1.98852772466539	6.80688336520076	35.2581261950287	39.0439770554493	9.06309751434034	7.83938814531549	1.4827806122449	2.5031887755102	29.5440051020408	45.9661989795918	7.79655612244898	12.7072704081633	0	13.1736526946108	34.1317365269461	52.0958083832335	0	0.598802395209581	2.45909174480603	3.7598823313109	17.4365692222835	52.3097076668505	11.0751057179629	12.9596433167862	0.676638176638177	2.5997150997151	13.2597340930674	62.5356125356125	8.09591642924976	12.832383665717	0	0	0	0	0	0	0	0	0	16	0	2.43564005668399	2.3943079829948	15.2899149740198	55.9783892300425	10.6046291922532	13.2971185640057	2.58341177701077	4.41794791339818	19.3306139525154	49.9278318167556	11.0595126032842	12.6806819370359	2.98659673659674	4.80040792540793	20.2214452214452	46.6346153846154	10.6861888111888	14.6707459207459
"ISO6_SLE_251"	1	0.990099009901	94.7924332279988	3.53664343534912	1.67092333665209	46.0601558558053	0.00280316196669844	0.140158098334922	0.971295621461008	0.00280316196669844	45.5990357122835	2.29438806974267	0	4.9293603184392	17.8216195025	18.0353866317	17.3079040226	18.7178598707	19.0743869266	19.3475223334	19.1234114418	20.1916405434	17.2543454853	18.845848564	12.1631949883	4.76536448145	3.57515390751	3.95128655417	3.24466962212	1.31138975967	10.4599292417	4.49921671018	30.2427564605	0.0202	0.0858	0.0101	0	2.2207	0	0.001	0.0705	8e-04	0	0.0018	1e-04	0	0.0611	0	3e-04	0.1398	0	0.0098	0.0016	0	0	0.0054	0.059	7e-04	0	0.0011	0	10.0048550724638	6.72182192485847	9.98622069118791	5.77977454664271	0.332520431299168	0.331689636246973	0.331267657196546	0.320643837588974	6.56072463768116	4.83444844741808	6.82875875097233	4.16925338996896	13.3492028985507	9.04983702178761	13.6530725636182	7.74464956706421	19.9099275362319	25.3582677165354	19.2987872105843	13.8842854692057	20.7619047619048	-2	20.4818313145905	17.7177650429799	-2	11.9139029570332	10.4006897491	19.8442735578	42.1686746988	8.5675868734	7.96966619471	18.2238961746	31.2658197334	15.4964494306	13.9763823305	45.5930178034	38.9932350099	34.4183426119	0.205019974372503	0.360880548538434	3.70510396975425	0.211049973618753	0.332010104655359	4.078975005251	0.158287480214065	0.27186334656562	3.45305608065532	3.4947085768441	0.21660584107684	2.98293346525	2.95819935691	5.68405441706e-05	0.000536235468711	0.0406	0.345	0.2984	0	0.3866	0.4204	0.0066	0.0028	0.3848	0	0.293	0.1074	4.3352	1.3878	0	0	0.5826	4.48539986433	4.29500781908	4.59315931593	4.4165931527	0.668790402205704	4.73369474096015	16.973117979098	42.9888783323087	10.9744965442724	23.661022001155	0.5072300738347	4.92708567688626	17.4012639846195	42.4498394453194	10.8379522631051	23.876628556235	0	0.047812574707148	34.5087257948841	32.0583313411427	4.59000717188621	28.7951231173799	0.381766816828281	2.01191112468504	17.6261739329617	43.2579980148126	10.4718637855998	26.2502863251126	1.87566988210075	4.59092533047517	11.611289746338	44.6945337620579	10.5394783851375	26.6881028938907	2.99707602339181	3.87426900584795	27.3391812865497	36.1842105263158	14.1812865497076	15.4239766081871	0.0495434921084295	1.52877061363154	20.5110057328898	47.1370939203058	11.3454596928303	19.4281265482341	0	0.813008130081301	53.929539295393	0.5420054200542	44.7154471544715	0	0.599535571036521	4.15452818239392	17.1564281190627	43.5507705298712	10.9014143972979	23.6373232003378	0.54858934169279	1.88610240334378	15.4075235109718	50.6112852664577	10.9979101358412	20.5485893416928	0	0	37.0192307692308	0	62.9807692307692	0	0	0	0	3	0	0.740270727580372	4.4800799876942	16.693585602215	43.618289493924	10.7829564682357	23.6848177203507	0.628720626631854	4.95248041775457	17.911227154047	42.621409921671	10.6067885117493	23.2793733681462	1.59749412685983	3.75880971025842	12.2161315583399	44.3852779953015	12.5058731401723	25.5364134690681
"ISO6_SLE_253"	0.75	1.70316301703	75.8162221697742	13.9341252982981	10.2496525319277	40.9157443311677	0.00385198120233173	1.41110911378752	0.870547751726972	0.0166919185434375	31.3987827739401	2.99298939421176	0.00128399373411058	22.3889987416861	17.6790426594	17.8228942301	17.3983516484	12.218266461	13.3172462483	15.6561708288	11.8976690574	12.8632547627	11.1589441974	13.6105712575	10.5484091116	22.6738845437	17.4146014735	12.8845457836	24.2466933681	19.5188892477	28.092573997	16.3128103085	30.6939852589	0	0.001	0.0021	5e-04	0.2122	0	0	0.0118	0	0	0	0	0	0.0013	0	0	0.013	1e-04	0.0078	1e-04	0	0	2e-04	0.0298	0	0	0	0	7.48146623945442	5.52660088992068	6.6229545417687	4.54621987454605	0.331206386917878	0.331265671115132	0.323370815245313	0.313851182520538	5.03586231223728	3.76978138905011	4.4179302962975	3.08682733575437	9.82324583321085	7.3242406655059	8.67609996594282	6.01238032353912	14.8591081454481	-2	13.1050583657588	11.094022054556	14.4695459579181	20.2826086956522	13.0940302622403	12.9962466487936	-2	9.0992076592935	5.07690740552	2.06725823045	8.82076358849	2.06489675516	2.39023713071	6.79637363757	3.18179869684	3.25576313777	3.28247453905	12.3296322706	8.27051240031	6.82050505433	1.65773985296214	2.21289175467535	4.54495793728832	1.37873449687392	2.00616953364324	4.42477876106195	0.879783312628556	1.43527345172554	3.76925598164536	3.75026188979677	1.34634486831861	0.533555364865	0.969405527566	1.75992193002e-05	5.53384315766e-05	0	0.0158	0.0162	0.0034	0.0224	0.0216	0	0	0.0168	0	0.018	0.0114	0.0762	0.4316	0.0034	0	0.0252	4.07867136428	4.15819239297	4.19052924791	4.24254342838	1.9968072487938	3.34703778683481	15.7345557349125	43.713936626564	12.5748022367095	22.6328603661854	1.77404464075596	3.09009612425553	13.3759345413733	45.7486287359027	14.8965442334498	21.1147517242628	0	0	0	5	0	0	2.75063336952588	0.506695620702135	3.94498733260948	44.3720593557727	39.8117987694535	8.6138255519363	2.73475314617619	5.75992255566312	12.2942884801549	47.3378509196515	10.5275895450145	21.3455953533398	1.25	4.51388888888889	30.5555555555556	39.0277777777778	11.7361111111111	12.9166666666667	0.760709995996263	1.94848525290271	13.1055651941812	41.3852929400774	23.3150940878153	19.4848525290271	45.4545454545455	40.9090909090909	6.06060606060606	5.3030303030303	0	2.27272727272727	2.01890834575261	3.01555514157973	15.4829545454545	43.8745808494784	12.8085413561848	22.7994597615499	1.13012592831773	2.3571197933484	10.5182434614143	42.1375524701324	22.7801097836616	21.0768485631256	0	0	0	17	0	0	0	0	0	6	0	1.43451441686989	2.77817625400469	11.2609381724286	48.1996844068283	18.438291971501	17.8883947783675	1.79665011687885	3.8077391186755	16.703050441435	42.7235670266407	14.1742171048819	20.7947761914881	2.18386969577482	3.16206133034062	15.0823500864448	44.616154569444	11.1726167005369	23.7829476174588
"ISO6_SLE_256"	1.25	3.78947368421	77.7729066199036	15.4669004822446	6.76019289785182	45.0495476087893	0.03446790176648	1.26669538991814	0.28436018957346	0.594571305471779	30.1507970702284	1.80094786729858	0.10340370529944	20.7152089616545	16.8199904613	17.8563273073	18.2744431219	12.2897167839	13.1660007104	12.6729762597	13.7697699223	14.3975115075	9.16671967899	10.9836388323	5.96301343196	17.335107394	13.5855087906	16.8296938614	11.1331200163	8.73130034522	30.6549876441	22.6578411405	45.0003244436	0	0.1589	0	0	0.6215	0	0	0.09	0	0	0	0	0	0.0317	0	0.0055	0.0236	0	0	0	0	0	0.0038	0.0891	0	0	0	0	7.27960526315789	3.70979305849764	6.8995607028754	3.24050260135467	0.360802969797606	0.321002227367513	0.339194928019989	0.306430013298281	5.79871220604703	2.5276193579925	4.64876198083067	2.1660449592618	9.77414613661814	4.89256422790723	9.0469249201278	4.25198782762344	15.5728583426652	-2	6.33811475409836	7.42018358589973	13.8571428571429	-2	13.6956869009585	7.29525862068965	-2	6.41803278688525	38.1574615716	43.5637453712	57.9284570208	2.66312353774	17.6366054564	55.5293879308	64.6623170517	4.71101354669	27.0047947425	90.4201169946	9.76574911181	50.6175047221	0.445659880482123	1.93053596614951	15.1991916859122	0.435531246834802	7.37834978843441	16.2673210161663	0.336777068773422	1.42806770098731	13.6258660508083	13.6797714596654	1.94725166379098	4.22767489024	4.77145595151	6.23831588969e-05	0.000384443261946	0	0.2992	0	0	0.3594	0.3302	0	0	0	0	0.1038	0.0696	0	0	0	0	0.4512	4.1495492758	4.51428067701	4.65744680851	4.31717667436	2.27333206614712	0.596844706329595	14.5827789393651	45.8582018627637	13.1800038015586	23.5088386238358	2.0378263185935	0.355176700408453	14.4024152015628	44.6901083288936	13.4478778192151	25.0665956313266	0	0	0	0	0	0	1.41701475175805	0.80368000845979	13.5092264579919	45.3391846877809	14.9949769999471	23.9359170940623	3.59281437125748	5.89590050667895	15.6741462130684	47.4435743896822	7.79759162992696	19.5959728893861	3.05728702879193	4.54140694568121	27.5749480558029	46.3639062036213	9.46868506975364	8.99376669634906	9.24788948580199	0	0.268610897927859	76.6692248656945	13.7759017651573	0.0383729854182655	0	0	0	99.581589958159	0	0.418410041841004	2.39727766773325	0.355528467672304	14.3227182690843	45.4162222560821	14.50556148103	23.0026918583981	1.81962025316456	0.186996547756041	16.9088032220944	41.9735327963176	17.7071346375144	21.403912543153	0	0	0	0	0	0	0	0	0	0	0	2.81617772993076	2.73054243840376	15.9624183406327	46.6687871595997	10.9490837023807	20.8729906290524	2.65444670739986	2.27087576374745	16.449422946368	44.8845892735913	11.866938221317	21.8737270875764	3.01732528713257	3.48452404126922	14.9308935176173	49.3932905067809	9.57108558821621	19.6028810589838
"ISO6_SLE_260"	5	8.15450643777	45.8978404496598	26.1537323735332	27.948427176807	26.9947781953053	0.0317212434727441	5.62686057293446	0.131765165194476	0.00244009565174955	17.4540041969645	1.41281538236299	0.0292811478209946	48.3163340002928	17.1860084301	17.1100600892	17.5816641868	17.9228427222	17.807180546	14.7972665148	17.6167661074	17.3481292745	15.2289040028	18.002444714	12.0690396737	4.67274503419	4.2154163799	10.9339407745	4.72910743603	3.51347726968	14.2181241431	4.10002799291	33.674453096	0	0.0135	0.0069	0	0.8268	0	0	0.0153	0	0	0	1e-04	0	0.0135	0	0	0.0527	0	3e-04	0	0	0	1e-04	0.0244	0	0	0	0	9.26977497974194	6.43365350409107	9.12975937862834	5.38565921356978	0.355463879779001	0.348650467084956	0.343573771131227	0.324897476994825	6.59362338714704	4.84809676271789	6.3615326100012	4.01572860447186	12.2093436389703	8.6264674493063	11.9874684709933	7.20215882806477	18.8029670261173	-2	9.97679814385151	13.4745642120242	17.0861244019139	-2	18.3490010809945	20.7812041116006	-2	11.2178874325366	3.11733190074	4.51399116348	38.5951065509	5.78676836346	1.99594267391	5.88910022796	8.33946980854	10.2304758746	3.85736826415	17.9896330928	28.3286353839	13.1354114405	1.49679361908484	2.12515842257039	6.53067938805725	0.804852274865737	1.37391400180005	3.93979272906728	0.451643722586529	0.821042190915269	2.96101332455996	3.02747295509378	0.609892569382274	0.76636350082	0.679886685552	5.1758672478e-05	0.000267947607073	0	0.0694	0.1168	0	0.0766	0.049	0	0	0.0896	0	0.0898	0.0362	1.1734	0.0812	0	0	0.1324	4.18015083742	4.1625553331	4.22824427481	4.30136535614	3.60631716053403	4.57342885053728	14.2184956040378	49.2331488114621	11.0045587756431	17.3640507977857	3.61512579337769	4.42762101399404	12.4894853559685	50.3594096505315	11.0652290280645	18.0431291580638	0	0	0	14	0	0	2.96127562642369	1.52945004881224	8.24926781646599	53.2704197852262	5.9876342336479	28.001952489424	4.31011114123069	4.85226348603958	9.18948224451071	45.974518839794	13.2014095960965	22.4722146923285	1.73380928097909	6.32330443651198	25.5481896991331	43.2942376338603	12.0856705762366	11.0147883732789	3.71576609918579	5.19615099925981	17.8534418948927	46.380458919319	3.33086602516654	23.5233160621762	0	0	0.847457627118644	0	2.96610169491525	96.1864406779661	3.61190085292115	4.23457333920634	12.7057221799543	50.6426941096384	10.8397068834341	17.9654026348456	1.85061016494569	1.20691967279067	11.2377631755398	51.0258817218721	7.84497787313933	26.8338473917125	0	0	0	0	0	0	0	100	0	0	0	3.61300034947176	2.30113712734213	9.48950240597866	54.461141428533	12.1965644237748	17.9386542648996	3.71745824391154	4.59643556965569	14.21293272371	49.3570962022954	11.0795931697303	17.036484090697	3.08490915832406	4.81275491286615	14.5124212087505	46.9855394883204	11.4645902855024	19.1397849462366
"ISO6_SLE_301"	3.75	6.23608017817	60.1336926469044	26.463794491303	13.4025128617926	30.0289086966996	0.0344151151185601	3.31417558591733	0.204769934955432	0.00860377877964002	23.9167842516433	6.08115084144956	0.0395773823863441	36.3716144130502	17.6987267522	17.8254590287	16.9883010302	17.3886802284	17.9207968032	20.369770134	17.3249981548	17.7623601221	16.5435929258	18.1715418684	15.4457629818	6.35027463581	4.87863064353	5.90375392757	6.84183334563	6.28687690743	12.4159685593	5.04171387373	12.5809705851	0	0.0028	8e-04	0	0.1255	0	2e-04	0.0111	0	0	0	0	0	0.0037	0	1e-04	0.0077	0	0.0024	0	0	0	2e-04	0.0299	0	0	0	0	9.25813193677029	9.33938978402468	8.69611731070737	6.68073709020784	0.342447665952919	0.333007371649186	0.33915808768463	0.336392010766297	6.33291692692067	6.11124442920809	5.92981647145624	4.78444396828798	12.2725219814539	12.5694206376414	11.5686387531126	9.09277908720806	18.6054389083746	-2	25.8132564841499	18.6806650668495	17.7869918699187	17.59375	17.4984552245688	16.4087414002428	-2	13.877223055496	0.984118241072	2.41458086678	8.2401788566	2.75244569723	1.47932035074	1.65243734508	3.48346645767	4.79190847289	2.24388624019	5.15560451666	10.8439728072	4.8230112985	2.38418618309963	3.14635203146352	6.28419830873819	1.82622421261288	2.35476452354765	6.45000829049909	0.877321782541664	1.3998600139986	4.80848947106616	4.47633063527103	1.1843917109476	0.134484268468	0.723504514084	2.67161234009e-05	6.93770999573e-05	0	0.0106	0.0078	0	0.0106	0.0152	0	0	0.0036	0	0.008	0.0112	0.0366	0.2214	0	0	0.04	4.30456647823	4.34928173849	4.39060529634	4.36295805007	2.85816634462995	3.74937582770674	14.2343848374981	45.5754325785372	12.454136905408	21.12850350622	2.84636488340192	3.44873859366613	12.939106578398	47.1491620444922	12.807896463291	20.8087314367508	0	0	0	4	0	0	1.9679179758558	1.63717545890524	9.83958987927898	40.2844385645775	14.6684306267571	31.6024474946254	4.49897750511247	3.85139740967962	10.7021131561009	43.4560327198364	9.06612133605999	28.4253578732106	2.54041570438799	5.19630484988453	29.3302540415704	45.7274826789838	8.77598152424942	8.42956120092379	2.39593908629442	1.76649746192893	17.502538071066	42.9035532994924	21.4416243654822	13.989847715736	0	43.2098765432099	0	4.93827160493827	35.8024691358025	16.0493827160494	2.88877407926784	3.20909292198686	13.8873717617536	46.0816296405639	12.8481806775408	21.084950918887	3.47914547304171	1.8616480162767	16.9786368260427	42.6347914547304	16.236012207528	18.8097660223805	0	0	0	0	0	0	0	0	9.8	90.2	0	2.8803392284621	2.22877236529114	13.9569759023684	49.5759644223808	14.6033715999586	16.7545764815389	3.07103374875545	4.11645552236756	15.423833556494	44.7780409928932	12.7235897964088	19.887046383081	2.64946373579696	3.22289476478709	12.4668153339705	46.6470213443772	11.6889667622385	23.3248380588298
"ISO6_SLE_302"	2.5	3.24324324324	30.9757172539719	17.0377988120973	51.9864839339308	18.8141651772725	0.0270169167463319	12.1596907602145	0.0976765451598155	0.0103911218255123	8.57475373041274	3.44153954860967	0.0353298142067418	56.8394363855522	17.3065173736	17.6499892437	17.2469451549	12.710237404	12.7754596323	16.3314500942	12.7042005054	12.9337734787	12.7669695202	12.7512421332	11.8359719081	13.2848995712	12.8697042366	6.0263653484	13.2388232863	14.0641793336	13.5922869606	13.0341172574	18.6882513986	4e-04	0.0011	0.0154	6e-04	1.2749	0	0.0031	0.0475	0	0	0	1e-04	0	0.0039	0	2e-04	0.1024	0	0.0021	0	0	0	0.0027	0.0409	0	0	1e-04	0	6.41968579672972	5.66202575704838	6.33511924207775	5.17129928894635	0.357049436381052	0.349100680076811	0.350753062604038	0.338450972102568	4.87887143315165	4.14375217542638	4.71943809212676	3.75985778926955	8.53202949663354	7.66724678036895	8.37301535445933	7.00129282482224	13.4109009297852	-2	12.1558441558442	11.8109989557953	13.3588143525741	-2	13.0924534465861	13.6660181582361	-2	10.7611506140918	3.09510125427	1.85564100755	22.192513369	10.210270926	1.72726980453	6.03468677102	3.65483666126	18.5604528912	3.39184670782	19.5848405964	48.119692681	11.1963091564	3.27843957749806	3.33883948968474	9.03602334473737	2.89373333783282	3.58310195761431	8.8146508351781	1.8307292545473	2.11225529821108	7.28516804185953	7.19353567205361	1.9466793660342	0.834532792486	0.731306610837	7.28205987926e-05	0.000247161280005	0	0.1	0.069	0	0.095	0.0832	0	0	0.073	0	0.0878	0.0506	0.5132	0.1868	0	0	0.0738	4.22515438869	4.29815836643	4.39423436915	4.21855504126	3.33632974255441	3.66937325925817	17.7264622231392	48.5005673528935	11.1834833994017	15.5837840227531	3.36051159072742	3.36051159072742	17.6530775379696	49.2965627498002	11.2310151878497	15.0983213429257	0	0	55.9055118110236	4.7244094488189	0.78740157480315	38.5826771653543	6.92090395480226	1.88323917137476	3.57815442561205	61.7702448210923	19.256120527307	6.59133709981168	5.72569906790945	6.92410119840213	12.9161118508655	43.5419440745672	13.3155792276964	17.5765645805593	1.75438596491228	11.1111111111111	25.7309941520468	38.5964912280702	12.8654970760234	9.94152046783626	3.39296323189649	3.48537857284309	15.0504983827315	46.379298963628	12.713710475939	18.9781503729619	0	0	0	58.1395348837209	0	41.8604651162791	3.28666105115939	3.5250552279843	17.3185422990734	49.1123790149553	11.1822761876003	15.5750862192273	2.76882133169558	3.55187061773888	14.3559035774605	50.4068785505911	13.4295511541021	15.4869747684119	0	0	0	0	0	0	0	0	0	0	0	4.13992386985635	1.20030007501875	14.3119113111611	52.8771081659304	12.6420494012392	14.8287071767942	3.33388539251408	3.63696588274263	17.7575356078172	48.9483272606823	11.0533289168599	15.2699569393839	3.5352934174503	4.3447208665635	17.2360433281752	44.637543149625	12.3437685989763	17.9026306392096
"ISO6_SLE_303"	5.25	7.52688172043	47.0545804279875	23.8779354011381	29.0674841708744	25.7531314412557	0.0118915490724592	6.0290153797368	0.114951641033772	0.00396384969081972	19.9916759156493	1.33779927065166	0.00198192484540986	46.7555890280641	18.2160856058	17.9174638214	17.5876383235	18.4885781682	18.3460471567	17.3018062105	18.4813881664	19.316861946	15.2003673366	18.6149006986	11.5027514749	6.07095192278	5.71158884266	8.32814307323	5.32144018205	5.39262062441	17.4759331194	4.9303244212	38.0248872143	6e-04	0.0152	0.0034	0	0.424	0	7e-04	0.0398	0	0	0	0	0	0.0154	0	1e-04	0.0184	6e-04	0.0284	0	0	6e-04	5e-04	0.0225	3e-04	0	1e-04	0	9.51319780574379	6.7294259333601	10.012874072811	5.77277372262774	0.34257599278232	0.346752463639158	0.33250962686298	0.336008183550624	6.46053565666344	4.81075873143316	6.56309148264984	4.13401459854015	12.642336237496	9.00256924929747	13.2729559212209	7.71277372262774	19.1028718941594	-2	14.6339950372208	13.8133279807306	21.7932098765432	21.9230769230769	19.8360474038707	23.0104213864975	-2	11.8467883211679	7.88693167432	1.69483270832	19.5321001088	3.32342137485	3.97849548389	12.4751329258	3.53820678907	5.68917264299	6.23694968679	25.5072883134	15.6987930733	13.8083314	1.96152872690458	2.14027160313874	3.639461726669	1.95429728459341	1.64225153657411	4.29045788185949	1.20584300538742	0.804120205038505	2.52534078993359	2.59815963692385	1.00999109704224	1.18365329379	1.77815184428	3.56060490036e-05	0.000171804180314	0	0.073	0.0196	0	0.0586	0.0494	0	0	0.0248	0	0.0336	0.0208	0.131	1.778	0	0	0.0336	4.28824529052	4.24716371499	4.01238798102	4.28530234184	2.08107017598312	11.333374716782	10.6520996927279	46.1187498060151	11.4078649244235	18.4068406840684	2.06118045923871	13.0297426413931	9.32154415164124	45.3922021883187	11.5753582986593	18.619972260749	0	0	0	75.8064516129032	0	24.1935483870968	0.987632351632708	17.5549426105525	5.74784233472729	45.5823471839132	10.8461606904529	19.2810748287214	2.49751667376188	5.32141336739038	14.3465304384845	47.3392933163048	9.39406839789982	21.1011778061586	1.72209026128266	5.76009501187648	27.2565320665083	42.2209026128266	11.2826603325416	11.7577197149644	1.69112644571873	7.45456312566819	13.1499659830887	46.3407522596948	10.8854116046263	20.4781805812032	0	90.6300484652666	0.161550888529887	0	9.20840064620355	0	1.81851430429129	11.1711638491547	9.41157347204161	47.3423276983095	11.6506827048114	18.6057379713914	0.931518812313514	12.1679644858453	4.93413870897315	48.6718579433811	13.5870751764791	19.7074448730078	0	0	0	100	0	0	0	0	0	100	0	1.77546022631312	10.5640939030569	9.80619827731802	47.4645330180713	11.3853234250971	19.0043911501436	2.07563732123916	12.0807578362167	11.0822574156029	45.4829742876998	11.0694561281592	18.2089170110823	2.18134946209905	6.27633731594864	13.5491547270834	47.6178672351396	11.6008130484359	18.7744782112934
"MERGE_ISO_26_D1"	0.5	1.25313283208	84.1972281053766	15.4014788392227	0.401293055400736	37.171974522293	0.0727934485896269	0.596906278434941	0.276615104640582	0.141947224749773	45.7215650591447	1.06642402183803	0.00727934485896269	14.9444949954504	16.5364142117	16.1490381522	16.3369354674	12.9163882028	13.0958096725	11.3519386637	12.6405764024	12.4489979267	10.26858985	13.2465476016	9.08640915594	13.836626471	12.587130285	18.5585980285	13.9737307288	13.4899792674	25.3134851969	12.4286341678	33.1425846447	0	0.0011	0	0	0.0449	2e-04	0	0.0019	0	0	0	0	0	0.0397	0	2e-04	9e-04	0	0	0	0	0.0011	0	0.0149	0	0	0	0	8.03159863718351	5.12323634447632	7.11467178865076	4.46816208393632	0.301404838374152	0.334267947642773	0.314498511561855	0.324050490493952	4.64653617476117	3.60734149054505	4.42320393584041	3.13121080559575	10.2125726501436	6.8135940518705	9.13108235611268	5.92432465026532	14.8591088249048	-2	9.4287476866132	10.4209355424155	7.23684210526316	-2	13.5542862919531	15.3561584840655	-2	9.05553545586107	3.63038242378	13.8141188421	9.60949464012	5.22639691715	7.57460118861	6.69094754156	16.7823486259	6.71483622351	9.24116359087	21.2066028315	13.4633911368	16.0775727244	0.810334703464474	0.685489535047057	1.36788363356131	0.745742806811509	0.741677201854193	1.35825065022638	0.381679389312977	0.418598117713162	0.958481841826414	0.963571312408522	0.410287924521481	1.32659681672	4.62169213567	2.41797755972e-05	0.000181734302084	0	0.0046	0.0036	0	0.0124	0.0032	0	0	0.0074	0	0.037	0.0186	0.0298	0	0	0	0.0304	4.30365323623	4.43399831413	4.40275650842	4.47244966766	1.98859508935057	2.95474357111725	10.0464913555136	54.8289263402586	12.0714078163591	18.1098358274008	1.94848884463224	2.99539790618188	9.54598056893721	57.9460128643324	11.4837042818311	16.0804155340851	0	0	0	3	0	1	0.981380065717415	2.54545454545455	7.87732749178532	60.1533406352683	7.45235487404162	20.9901423877327	2.64329837667002	3.59143801177992	8.06636977445769	53.5986208878035	12.1103289757219	19.989943973567	1.794500723589	5.383502170767	20.2026049204052	46.1360347322721	13.7771345875543	12.7062228654124	0	2.64410364886304	0.290851401374934	83.7123215230037	7.32416710735061	6.02855631940772	0	1.49253731343284	4.47761194029851	94.0298507462687	0	0	1.85272202456871	2.61797677384708	10.3667405070372	55.5011076055582	11.5548991967063	18.1065538922826	0.628887353144437	1.14720110573601	6.33033863165169	64.3331029716655	9.09467864547339	18.465791292329	0	0	0	0	0	0	0	0	59.9250936329588	17.6029962546816	22.4719101123596	2.14521060990352	2.50314077796478	9.94619195486761	58.4303221371513	11.0199824590514	15.9551520610615	1.93480700727078	2.94978773239643	9.7228321866003	55.5653149856048	11.4575708778607	18.3696872102669	2.32713400095374	3.50977587029089	10.7073597202353	52.3700524558894	13.0758226037196	18.0098553489111
"ISO5_34_H7"	0.75	1.19047619048	73.6492792699367	18.8530540288292	7.49766670123406	33.499466002136	0.0457712454864466	1.00696740070183	0.350912882062757	0	39.4090423638305	0.706911458068453	0.111885266744647	24.8690433809693	16.901603557	16.7145585362	16.8377792907	18.4468840617	18.4686807528	17.8694963931	18.3272024448	17.8959615285	18.0049721447	18.4094869313	16.978021978	5.82286208475	5.72287589859	6.75923203908	5.69568291181	6.91090542427	6.47169832642	5.89860447915	10.4171338865	0	0.0112	9e-04	0	0.5168	0.0062	0	0.0031	0	4e-04	0	0	0	0.0094	0	1e-04	0	0	0	0	0	0.0135	0	0.0176	0	0	0	0	9.49464017479175	6.81101393823449	10.931598091549	6.48519210245464	0.333184990579222	0.368172226364077	0.328173998656419	0.35906530654918	6.51283626928854	5.51345996173818	6.91681231990174	5.22005069370331	12.7547794619691	9.51277671494944	14.0096367329586	9.04895944503735	19.2676157312577	-2	14.1384297520661	15.0262366766876	35.5416666666667	-2	20.9264490528603	17.9333333333333	-2	14.2690101387407	8.36793758651	47.1838182255	66.5094339623	34.6367191052	15.9038389589	15.648672455	60.4021399375	43.8619623534	23.1848759839	43.1181577954	71.0921160316	46.4592518689	0.762725707751655	0.419867786314097	0.436046511627907	0.410891773368684	0.262045143231493	0.376998546511628	0.266388550318535	0.169733785956763	0.208938953488372	0.243201414990051	0.236325619805668	2.65728025383	6.76317485499	5.70543682188e-05	0.000321658977636	0	0.2144	0	0	0.1058	0.0704	0	0	0	0	0.1918	0.2538	0	0	0	0	0.458	3.90134579862	3.91670637284	4.28301886792	3.79860101744	1.58111614183243	2.04303810347459	15.2546166759933	52.8951518543013	11.2356921198555	16.9903851045429	1.56050060859524	2.07754647690979	15.1441382395472	53.2432404315304	11.1950313660622	16.7795428773551	0	0	0	0	0	0	1.08997987381561	1.04701386219217	21.5440627756044	49.0717080120305	12.950860450917	14.2963750254404	2.40763802407638	3.52843503528435	13.6986301369863	40.8883354088834	12.453300124533	27.0236612702366	3.1055900621118	4.34782608695652	22.360248447205	34.7826086956522	19.2546583850932	16.1490683229814	0	2.10724365004704	13.3960489181562	49.0122295390405	25.2869238005644	10.1975540921919	0	0	0	0	0	0	1.47437797897329	1.91680540035121	15.7449428721294	53.0582225364318	11.4597824351753	16.345868776939	1.53317131185687	0.0180981436475516	18.5531826878329	48.9942603030146	8.60696002895703	22.294327524691	0	0	14.5408163265306	0.510204081632653	84.9489795918367	0	0	0	29.8214285714286	70.1785714285714	0	1.45548235453652	1.93122619868238	15.5729831738104	53.5985897189608	11.4517532460195	15.9899653079905	1.56737766078945	2.03835234997879	15.4736395575231	52.8579353252771	11.1598159609298	16.9028791455018	1.97353666741422	2.53420049338417	12.704642296479	49.7084548104956	12.4915900426105	20.5875756896165
"MERGE_ISO_42_H1"	1.5	2.59433962264	70.3735033836544	18.5612961998959	11.0652004164498	31.294438801422	0.0603098019299137	1.32046724225495	0.666582021330625	0.0603098019299137	37.6555358049771	1.02526663280853	0.225368207211783	27.6917216861351	17.252986564083	17.535421720429	18.121352181752	14.2658564146588	14.8596059064463	13.7205435388227	14.751855107901	15.7785548150926	11.9578769101792	14.601693586245	10.5102483420984	11.3384564145506	10.8777910512969	18.0843382015408	11.5007439735826	10.5907728209379	24.6817558747551	12.5135451361959	34.3898720722773	0.012704	0.100723	0.096183	0.001616	1.820438	0.003312	0.0104	0.271255	0.010608	0.000141	0.001352	0.000598	0.000129	0.098393	0.001318	0.013362	0.172331	0.001524	0.074266	0.001804	0.000465	0.014936	0.02098	0.213639	0.007183	0.000282	0.006103	0.000592	7.61757801336492	5.74331059225325	7.36024219692885	6.08967795546256	0.355370011575753	0.369386711042126	0.359265054329318	0.359887659564744	5.65073627742357	4.87218365005633	5.26941195307297	4.32767393560403	10.2838473041252	8.1947205463342	9.80717538346827	7.65359021085268	-2	-2	-2	-2	-2	-2	-2	-2	-2	-2	38.604066863496	50.8159946187588	50.2314553390331	64.660328809344	65.6901224952017	41.4744195391172	58.949429193562	62.2587532760025	69.7698518018427	65.17420860975	68.4322307787508	67.961512712413	3.16780565055569	3.7772035041329	5.49368500317708	2.71192536941185	3.53853204916577	6.42003923754105	1.63879811486846	2.72541327051023	5.09579281686391	5.2799127961632	2.6922982737827	36.3778595701337	42.6267307183796	0.000548130638417218	0.0182131137325685	0.006808	0.878999999999999	0.6556	0.034438	0.82574	0.431344	0.002076	0.001268	0.201022	0.00184	0.921074	0.27799	1.587614	1.485268	0.005844	0.01364	0.466428	4.4354865137323	4.580143006227	4.3876271378463	4.8394036166067	0	0	0	0	0	0	0	0	0	0	0	0	0	0	0	0	0	0	0	0	0	0	0	0	0	0	0	0	0	0	0	0	0	0	0	0	0	0	0	0	0	0	0	0	0	0	0	0	0	0	0	0	0	0	0	0	0	0	0	0	0	0	0	0	0	0	0	0	0	0	0	0	0	0	0	0	0	0	0	0	0	0	0	0	0	0	0	0	0
"ISO5_35_H7"	1.25	2.88659793814	63.0209810036859	13.417918911256	23.5611000850581	25.2450128588309	0.15986654618753	3.60047264891916	0.583860429554459	0	35.8309585042052	1.16772085910892	0.222423020782651	33.1896851324112	17.44473952	17.3732505132	17.5486284832	16.5362110829	16.6788936441	14.86428261	16.4900425907	15.6745635177	13.6231136133	16.6116756784	11.59125486	7.7051745535	6.84749291539	12.6777177625	7.2859450727	6.84850978778	16.2706790434	7.10332221242	24.5788020511	0	0.0063	0	0	0.0589	0	0	0.0032	0	0	0	0	0	0.0252	0	1e-04	0	0	0	0	0	2e-04	0	0.003	0	0	0	0	9.01861482251913	5.7929279133868	8.95038298845318	5.43563092167429	0.334690695531664	0.366764321424248	0.33379403049935	0.360317766183426	6.16361308904712	4.8193985746567	6.07305361838345	4.49158515718773	11.9072459130064	8.16930297236225	11.7682919858237	7.65789003243354	18.0708590020535	-2	11.5783932249943	12.9887015470189	-2	18.1363636363636	17.8413456042072	16.0726584022039	-2	12.1494751896213	3.16933849272	8.69845657683	14.6489453915	2.34814311314	2.87235673204	5.81045390332	11.9880211933	3.74673010773	4.22323076821	17.7138996376	9.87249994851	10.2811710685	1.28383351050781	1.2324145686549	2.07385134995984	1.06100253495789	1.00979964657012	1.98735506724056	0.658271322266743	0.635714777499828	1.35510842926869	1.39804605980017	0.681391956657637	0.41301569916	1.43832907387	1.51197002692e-05	7.3694909665e-05	0	0.0056	0	0	0.0126	0.0074	0	0	0	0	0.0186	0.001	0	0	0	0	0.01	4.06761122015	4.05377676789	4.04502164502	4.19869431802	3.03242864080289	2.49932552743754	9.95737333405277	47.7958236658933	13.1818917606432	23.5331570711703	3.13457868255162	2.2945462957608	9.70447053380371	48.2028222774854	13.2178590017928	23.4457232086056	0	0	0	100	0	0	4.03861675048116	1.23548767616564	7.53088719190414	46.1538461538462	12.4324827714658	28.6086794561371	1.91513009775143	3.23463193593434	8.12220353957081	47.1828778249594	13.9445410242526	25.6006155775314	1.58687466379774	4.38407746100054	16.8908015061861	40.8284023668639	17.2673480365788	19.0424959655729	0	0	0	6.34441087613293	14.1993957703927	79.4561933534743	0	5.88235294117647	21.2669683257919	46.1538461538462	7.69230769230769	19.0045248868778	3.33235423703921	2.44235570568365	9.65780584520488	47.8910265824644	13.0195329710677	23.6569246585402	3.79754276644524	2.43959790723649	11.4337781435542	48.6391158662042	10.3697607430486	23.3202045735113	0	0	0	0	2	0	5.85106382978723	17.5531914893617	36.7021276595745	39.8936170212766	0	2.83502563587011	2.53566122672386	8.82454788154999	48.4434167755772	13.7528903186891	23.6084581615898	3.07806368319464	2.78022778693868	9.8899413276067	47.5629865398627	12.865743758868	23.8230369035293	2.12805920249432	2.70280422982288	9.33115456133431	47.2474220995098	14.4343644935294	24.1561954133093
"MERGE_ISO_40_A4"	1	1.71568627451	77.2423374142572	15.5248762698619	7.23278631588087	32.8345519469478	0.0425097772487672	0.977724876721646	0.331576262540384	0	41.7616051691889	2.49957490222751	0.0510117326985207	21.5014453324265	16.774863388	17.282740094	17.7094095941	10.4588712652	11.5438931298	4.75954653938	9.30100755668	11.4143426295	4.92087482219	9.59582542694	6.1389380531	28.5872371819	25.572519084	61.9928400955	31.9899244332	26.2948207171	58.6948790896	30.9297912713	52.8982300885	0	0	0	0	0	0	0	0	0	0	0	0	0	0.0085	0	0	0	0	0	0	0	0	0	0.0033	0	0	0	0	6.99381188118812	4.51562940016897	5.57932692307692	3.7611301369863	0.304107984419915	0.301874071509522	0.312875205318818	0.298016904788879	4.35272277227723	2.83722894959166	3.67147435897436	2.35844748858448	8.80569306930693	5.92396508025908	7.21153846153846	4.92351598173516	13.1584158415842	-2	6.90212765957447	8.76119402985075	-2	-2	10.8830128205128	13.5	-2	7.28196347031963	4.53563714903	5.23525513585	6.08695652174	0.678028220634	0.973185629982	7.77537796976	9.01259111995	1.15448048378	1.64613314008	22.1382289417	2.96866410115	4.58639610726	2.15982721382289	3.10846560846561	3.11469402711616	2.37580993520518	3.57142857142857	3.51777207768413	1.61987041036717	2.51322751322751	2.78490289483327	3.31087860111796	2.09895052473763	0.522629873524	0.344935716526	0.000113395289529	0.000297899027908	0	4e-04	0	0	0	0	0	0	0	0	0.0046	0.0028	0	0	0	0	0.0102	4.16630669546	4.08267195767	4.08260869565	4.24661048003	1.7336776097381	2.39763924751014	12.1357432681667	49.206934710439	12.9472519365548	21.5787532275913	2.19465648854962	3.43511450381679	14.0267175572519	48.7595419847328	14.2175572519084	17.3664122137405	0	0	0	8	0	0	1.84964200477327	2.02863961813842	5.54892601431981	43.6157517899761	13.6634844868735	33.2935560859189	2.58586656138966	2.09238057639163	6.17844453217529	49.3683379392025	12.1200157915515	27.6549545992894	0.949720670391061	4.1340782122905	17.1508379888268	40.1675977653631	18.2122905027933	19.3854748603352	1	0	0	2	1	2	0	1	0	0	0	0	1.19647355163728	1.57430730478589	11.2090680100756	49.1813602015113	11.3350125944584	25.5037783375315	1.59362549800797	1.59362549800797	9.56175298804781	49.003984063745	13.9442231075697	24.3027888446215	0	0	0	0	0	0	0	0	0	0	0	2.08036984352774	2.64935988620199	9.6728307254623	48.3463726884779	13.6201991465149	23.6308677098151	0	2.08728652751423	10.8159392789374	50.4743833017078	11.5749525616698	25.0474383301708	2.1570796460177	2.58849557522124	9.86725663716814	47.4336283185841	13.6061946902655	24.3473451327434
"MERGE_ISO_42_B1"	1.25	1.93236714976	72.4643685780577	22.7295326483262	4.80609877361618	33.1958762886598	0.206185567010309	2.31752577319588	0.0824742268041237	0.00824742268041237	36.3051546391753	2.76288659793814	0	25.1216494845361	16.575534915	16.1382845571	16.8356404016	18.5671884657	18.4893537074	15.2012300647	18.5000844267	17.4345960525	17.5330369725	18.6521015434	16.2674399337	5.10142614628	5.01628256513	9.03112436433	5.04196004931	5.94445125523	6.62458037832	4.80701356875	12.4551228942	5e-04	0.0032	0	0.0011	0.8101	2e-04	0	0.0807	0	3e-04	0	0	0	0.008	0	0.0097	2e-04	0	0	0.001	0	0.0034	0	0.3747	0	0	0	0	9.44033244896854	7.81724165153549	9.31210676835081	7.56600660066007	0.346366631614651	0.372483732187121	0.347913854794349	0.367982791975905	6.92454924468027	6.61498381621536	6.77841167412187	6.38861386138614	12.7353944447452	10.8703718323202	12.506460365183	10.528300330033	19.6599436894255	24.0847457627119	17.0514631685166	17.4853556485356	23.5277777777778	20.4921875	19.2848720393048	16.1881487453391	-2	16.9169141914191	9.1838756986	23.583772392	55.7904970227	11.7805305305	18.2181391234	15.5119108962	27.3951527924	16.7292292292	21.1239156201	35.8238535019	39.1704204204	33.5605499942	0.757485858945453	0.761256544502618	0.837814180317619	0.638819666943554	0.806282722513089	1.30674002751032	0.369842965072584	0.449214659685864	0.637739152182068	0.715728715728716	0.404743918093097	5.70174778328	6.25724479504	3.27436769786e-05	0.000171101991203	0.0354	0.06	0	0.081	0.3522	0.1118	0	4e-04	0	0.0064	0.0904	0.0892	0	0	0.0296	0.0022	0.2332	4.04578718354	4.02582334154	3.5361957974	4.20840367661	2.52685269935147	2.38994891533088	11.2049879915824	42.8047282655464	18.1143263942673	22.9591557339216	2.35113083309476	2.28582164328657	11.2036573146293	43.57196535929	18.8779344403092	21.7094904093902	0	9.75896531452087	21.0268469527729	42.2496570644719	22.1634332745444	4.80109739368999	0.617694826805826	0.0931867195612237	16.840171463564	26.3665166804228	24.1593226656727	31.9231076439735	2.01416555998229	3.1651173085436	8.10092961487384	49.9557326250553	12.9260734838424	23.8379814077025	1.57170923379175	4.51866404715128	17.8781925343811	37.524557956778	16.5029469548134	22.0039292730845	0.0195503421309873	0	0.0586510263929619	15.6793743890518	0.136852394916911	84.1055718475073	0.0113417262107293	3.5272768515368	0.510377679482817	7.83713281161393	76.8855619825337	11.228308948622	2.4770781622005	2.36056937338534	11.2701146514023	42.442125525556	18.4666430272023	22.9834692602536	2.74338332447932	1.51335594513233	12.5114080612426	32.017490090311	20.8600656559465	30.3542969228883	0	0	0	0	0	0	0	0.289017341040462	48.5549132947977	31.5028901734104	19.6531791907514	2.45414236775472	1.92138036915251	10.030819995188	42.7756327264811	20.7032458381549	22.1147787032688	2.51418313013621	2.39740651334652	11.3273318285998	42.4064697731571	18.4480910509024	22.906517703858	2.45236122618061	2.59596796465065	9.84258492129246	46.9649268157967	14.6589339961337	23.4852250759459
"MERGE_ISO_45_B1"	1.5	2.44988864143	26.8723652345502	11.8396268723652	61.2880078930846	13.809057745351	0.0355903550137913	6.80665539638758	0.0711807100275825	0	11.8782809858528	1.03212029539995	0.0266927662603434	66.3404217457069	17.224617337131	17.564561554025	18.148133604023	14.3272941581778	15.0316961266403	13.7773208363878	14.879986935979	16.0162813067526	11.9760299490656	14.670353475729	10.6006871104995	11.8667079465873	11.0671224539026	18.838090851057	11.5020136167981	10.7819911952793	25.8081721399279	12.6661240311717	33.5033918741433	0.012807	0.102155	0.096132	0.001868	1.819386	0.004739	0.012813	0.281128	0.010872	0.000118	0.001431	0.000599	0.000132	0.096364	0.001246	0.01366	0.174181	0.001623	0.071274	0.001779	0.000532	0.015724	0.024009	0.213099	0.007306	0.000259	0.006924	0.000592	7.68144909916894	5.74292450355982	7.39469245923716	6.04609146085216	0.35759527485004	0.370656615197725	0.359538599429747	0.358551000745016	5.6630885857175	4.85857749632499	5.26227696536119	4.3223292798047	10.4560157832862	8.34558724545044	9.75421001384295	7.70899521676494	-2	-2	-2	-2	-2	-2	-2	-2	-2	-2	38.847894593659	50.0578960576422	51.263439848026	65.2458558569213	65.7568592273187	42.7712585074368	57.953158254592	60.7156089380323	69.8597650318207	64.049431739487	68.2259553590908	67.529798088978	3.34909712991893	3.73135332666585	5.58748589992842	2.88398542473598	3.82432232767539	6.42742467857568	1.71187420276871	2.75584108695292	5.10909574465103	5.54810205238678	2.77586121601313	36.4154575366822	42.5876459895347	0.000552152458570904	0.0187757580099229	0.006552	0.872659999999999	0.669376	0.034322	0.841136	0.42881	0.002018	0.001446	0.208758	0.002044	0.912918	0.297998	1.58498	1.44273	0.00584	0.013644	0.45601	4.443379495453	4.5574794190697	4.4122386491478	4.8442817971077	0	0	0	0	0	0	0	0	0	0	0	0	0	0	0	0	0	0	0	0	0	0	0	0	0	0	0	0	0	0	0	0	0	0	0	0	0	0	0	0	0	0	0	0	0	0	0	0	0	0	0	0	0	0	0	0	0	0	0	0	0	0	0	0	0	0	0	0	0	0	0	0	0	0	0	0	0	0	0	0	0	0	0	0	0	0	0	0	0
"ISO6_CS_145_3"	3.5	5.79710144928	24.018185875265	10.7246457659266	65.2571683588084	19.1412213740458	0.0517993456924755	10.2753544165758	0.0681570338058888	0.00272628135223555	4.03217011995638	0.283533260632497	0.0272628135223555	66.1177753544166	17.2928776749	17.6383355467	17.441427289	18.0131870767	18.1329608939	16.1745166088	18.3049548783	18.8733801296	15.7205114212	18.4453125	12.612599906	3.93814062219	3.28910614525	3.66881507189	2.96271071003	2.32181425486	10.5324705699	2.74203431373	22.1281930732	0	0.0643	0.0614	0	1.7043	0	0.0028	0.6387	0	0	0	4e-04	0	0.0319	0	0.0292	0.125	1e-04	0.0841	0	0	0	0.0011	0.2048	0	0	0.0163	0	8.75040783034258	6.36716657739689	9.26164631388512	5.8879753340185	0.363859786253723	0.368250823536347	0.33979899082365	0.360954693801421	6.3221315932572	4.98821638993037	6.07620985979195	4.61279547790339	11.6542686242523	8.51151580074987	12.1605608322026	7.85123329907503	17.9764002175095	-2	12.4222222222222	13.4997321906802	26.8146853146853	-2	18.2367706919946	24.1620076238882	-2	12.4640287769784	22.3787351918	25.9014728288	50.3948312994	9.19084519733	16.7326557145	27.1880709613	33.3037074657	13.209587313	23.262616712	45.2643366535	27.770769508	38.7956506323	1.94801384732735	2.35920852359209	7.48470672903922	0.927066830956991	2.25773718924404	6.60309463835912	0.510473508185179	1.24302384576357	5.68549838071249	5.93425605536332	0.749422837861836	2.72675824459	6.59566805577	0.000113594537662	0.00091458484922	0	0.9436	0.6964	0	0.7424	0.4264	0	0	0.5116	0	0.6332	0.2914	1.5712	1.0172	0	0	0.2966	4.45942615737	4.12519025875	4.61899717514	4.36523929471	2.6494035844872	2.45159743451418	7.0850566444884	58.4007672480969	11.2269975424084	18.1861775460049	2.77932960893855	2.41620111731844	6.1731843575419	60.7402234636872	11.0684357541899	16.822625698324	0	0	5	0	0	0	0.198314328210213	0.22310361923649	0.66931085770947	74.9628160634606	5.77590480912246	18.1705503222608	2.57336343115124	4.83069977426637	11.0609480812641	51.5124153498871	12.6410835214447	17.3814898419865	1.11317254174397	6.49350649350649	22.8200371057514	40.6307977736549	16.1410018552876	12.8014842300557	5.53860596104201	0.117343346632246	2.62849096456231	71.9549401548932	8.42525228819526	11.335367284675	0	0	0	0	1	1	2.56257449344458	1.31108462455304	5.53379873999659	62.5659799080538	8.79448322833305	19.2320790056189	3.84719222462203	0.458963282937365	2.65928725701944	60.5291576673866	9.27375809935205	23.2316414686825	0	0.345622119815668	99.6543778801843	0	0	0	0	0	0	0	0	2.88454042254619	1.83986902627271	5.21556092617136	63.8652841662119	10.127075699696	16.0676697591019	2.70373774509804	2.16758578431373	6.10447303921569	60.8072916666667	10.8072916666667	17.4096200980392	2.38207177558376	4.19996865695032	11.8006582040433	49.5847045917568	12.9916940918351	19.0409026798307
"ISO6_CS_76_3"	12	16.6666666667	41.7603509734028	29.8190293391829	28.4206196874143	27.0879751536021	0.155289987171697	6.32637904260347	0.101276078590237	0.00675173857268247	10.3099048004861	4.10505705219094	0.0405104314360948	51.8668557153467	17.8136495644	17.4966604824	16.5846547315	17.5497288718	17.3308867141	16.287856072	17.4771196817	17.8519151012	17.0405998929	17.5004349717	17.6682986536	1.56725300886	1.56435349941	2.24887556222	1.66054484236	1.58575262259	1.89608998393	1.5731477454	1.77478580171	0	0.0069	0.0386	0	2.4369	0	0	0.1527	0	0	0	0	0	0.0218	0	0	0.1246	0	0.0457	0	0.004	0	0	0.158	0	0	0	0	8.79396551724138	7.79111338100102	8.75339110776187	7.67700258397933	0.352376886010388	0.358573896764527	0.356598998017157	0.357929490042465	6.35	5.49489274770174	6.3483421250942	5.43669250645995	11.6720443349754	10.0153217568948	11.5111152976639	9.87545219638243	18.0220443349754	-2	23.40625	15.5102145045965	18.4728682170543	-2	17.8594574227581	21.7347740667976	-2	15.3121447028424	7.24969766406	10.9716268626	34.4753747323	23.9334341906	5.14806530231	12.2271020304	17.7485201061	37.8517397882	9.54161519714	32.0985296926	67.6550680787	26.4380863353	3.87542813649626	2.74433789022648	3.05505142165759	1.40809336547	2.05060191797592	1.24016938898972	1.16072561207662	1.14262395429504	1.02843315184513	1.01826894279724	1.14347842387433	1.88618096967	2.19730360384	0.000324477399639	0.000904429597032	0	0.3332	0.2586	0	0.3202	0.1752	0	0	0.2008	0	0.3922	0.2306	1.3942	2.186	0	0	0.2842	4.33261448687	4.30014282799	4.39125799574	4.45341802783	3.74950403385796	5.32336992461315	12.3991535511176	46.4621081867478	10.0978706520302	21.9679936516334	3.80338078291815	5.56791221826809	11.5435943060498	47.5311387900356	10.2164887307236	21.3374851720047	0	0	0	0	0	0	19.9400299850075	4.94752623688156	6.29685157421289	20.8395802098951	16.9415292353823	31.0344827586207	1.98019801980198	4.95049504950495	20.1320132013201	47.8547854785479	8.25082508250825	16.8316831683168	0	0	0	1	1	1	6.54205607476636	3.83669454008854	11.3625184456468	39.8425971470733	6.59124446630595	31.824889326119	0	0	0	0	0	0	3.92561983471074	3.86440159167432	12.0293847566575	47.2681359044995	10.4300581573309	22.482399755127	5.00121980970968	0.487923883874116	13.1983410587948	47.2066357648207	9.51451573554525	24.5913637472554	0	0	0	0	0	0	0	0	0	0	0	4.62774504552758	1.5532940546331	9.84467059453669	52.0299946438136	11.9121585431173	20.0321371183717	3.88574742641728	5.28490648107873	12.6214296070755	46.7884587501812	9.95360301580397	21.4658547194432	2.26438188494492	5.56915544675643	11.9339045287638	43.9412484700122	11.015911872705	25.2753977968176
"ISO5_32_E1"	29.25	43.3774834437	26.9790759809072	15.3342739635556	57.6866500555372	11.4859437751004	0.0505726610144281	10.3584709207199	0.0654469730774952	0.00297486241261342	13.205414249591	2.13000148743121	0.0118994496504537	62.6892756210025	16.721153128	17.4178639198	16.8587545126	16.4301458998	16.5962675998	16.3881384315	16.6091386368	16.2780313794	15.5341400723	16.6940245992	13.1028695362	4.49300765438	4.06426171235	3.88780351661	3.9063890372	3.02911212552	7.19448261821	3.69140864031	14.7847847848	0	0.0289	0.0034	0	0.8553	0.1323	0	0.0211	0	3e-04	0	0	0	0.01	1e-04	1e-04	0.0242	0	1e-04	0	0	4e-04	0	0.011	0	1e-04	0	0	7.94491949772745	6.11714981190529	7.39401155664507	5.9154616240267	0.369131829124202	0.384219656416346	0.388068478640122	0.378126037653949	6.58423850242662	5.58371321088736	6.56781649448433	5.39452725250278	10.8160131474206	8.5821641956185	10.2011556645071	8.29761957730812	17.4002516498472	-2	12.6115859449193	14.1658774065059	17.9266409266409	-2	16.7689721589914	15.9532786885246	-2	13.6921468298109	12.6156088264	12.1261512988	28.4039087948	2.92375310529	7.05362858878	21.3654453392	19.7557694298	5.61054844258	12.8203023687	43.2596550887	17.007452704	28.8809730954	2.30991158678455	3.45512918513989	4.22524449877751	1.90228013029316	3.59781888600112	4.57289119804401	1.29920893438809	2.35692809458289	3.33511613691932	3.49262019582055	1.74820379181921	2.63693385638	2.92957687386	2.56067019643e-05	0.000179549726145	0	0.0968	0.0626	0	0.1632	0.112	0	0	0.0322	0	0.0646	0.0282	0.7578	0.0438	0	0	0.0558	4.27545835272	4.38063447573	4.36416938111	4.37328086797	2.66705337889812	6.25338898626751	17.784138913759	45.3600837316049	13.8522843343716	14.0830506550989	2.65905745785776	6.6011274959038	17.6580854786303	45.4650226332306	13.7451748174068	13.8715321169708	2	0	0	0	0	1	2.8467764443204	8.58777560703321	13.3547306726207	46.8518001674574	13.2179737650014	15.1409433435668	2.81366249577274	4.57220155563071	16.7805207981062	50.118363205952	10.7000338180588	15.0152181264795	1.2779552715655	3.43450479233227	31.8690095846645	36.5814696485623	15.6549520766773	11.1821086261981	3.20589747985599	6.79753128750214	24.5242585290588	37.8664495114007	14.6536944968284	12.952168695354	0	0.549450549450549	42.032967032967	54.6703296703297	0.824175824175824	1.92307692307692	2.69324316307765	6.29263807320401	18.2683751557217	44.9427537521504	13.802871210773	14.0001186450733	3.25886514102603	6.3544847184014	22.5550953777321	38.0180779346413	13.1805677317936	16.6329090964056	0	0	0	2	0	0	0	2.94117647058824	88.2352941176471	8.82352941176471	0	2.73578663409172	6.27576729271644	18.1847101338627	45.9192243090548	13.0147096248791	13.8698020053952	2.70927671031697	6.70205605189083	18.1021294823155	45.5314526985681	13.5739199608371	13.3811650960715	2.58925592258926	4.32766099432766	17.1838505171838	46.966966966967	12.9796463129796	15.9526192859526
"ISO6_CS_124_3"	2	9.11161731207	94.3025179195001	3.92391104576365	1.77357103473626	71.1133040279896	0.233246613438593	0.574145510002691	2.23378487485422	0	19.3863819861846	1.05858078406746	0.385754014533058	5.01480218892976	16.8641360714	17.5483418963	17.3868613139	18.6642205287	19.5614078572	19.4718217562	18.875626758	19.9668755595	14.2545074211	19.9097222222	8.78250303767	9.64342835638	7.38629322097	15.9021406728	8.14479638009	7.37093404954	28.2896702859	5.10912698413	48.6634264885	0	0.1111	0.0771	0	1.4461	0	0.0019	0.2358	0	0	0	0.0055	0	0.0785	0	0.0156	0.2602	1e-04	0.0064	0.0028	0	0	0.0155	0.2309	0	0	4e-04	0	10.5339425587467	6.50601995184039	9.71446229913473	5.23410576351753	0.327097171600306	0.336781067515378	0.331365711329722	0.326731332880078	6.66296779808529	4.72377020983832	6.46823238566131	3.76500297088532	13.934725848564	8.78775369797042	12.6803461063041	7.03267973856209	20.5976936466493	-2	13.7518796992481	13.5115239078087	19.2572614107884	-2	19.1485784919654	20.3169811320755	-2	10.7976827094474	9.05167098286	7.59712230216	24.9787595582	2.59316173646	4.13516918647	15.538290788	13.5971223022	4.62927391471	7.18142548596	39.4623258108	11.6788321168	21.2922966163	1.3193588162762	2.17203682393556	4.51228878648234	0.702836004932182	1.86996547756041	4.70430107526882	0.542540073982737	1.28020713463751	4.03225806451613	4.13016270337922	1.59302675082657	0.798743855816	1.43364281813	0.000122836425347	0.000808140249617	0	0.2226	0.2806	0	0.3056	0.1902	0	0	0.1522	0	0.1694	0.125	1.0642	0.1462	0	0	0.2556	4.23748458693	4.23147748525	4.26383319968	4.33486943164	2.69075171700066	3.076488851256	12.9551227773074	54.7088155047512	12.503528083545	14.0652930661398	2.54058743338704	3.12306357665138	11.5131986615442	57.0702689304747	12.5913991820548	13.161482215888	0	0	0	0	0	0	4.01922236784622	2.97072957623416	6.90257754477938	62.6911314984709	14.4604630843163	8.95587592835299	3.16282702069504	4.80281140179617	10.0351425224522	53.2604451386177	10.7770402186646	17.9617336977743	1.09739368998628	6.03566529492455	24.1426611796982	42.6611796982167	12.8257887517147	13.2373113854595	4.23963133640553	3.59447004608295	14.7004608294931	56.7741935483871	12.3963133640553	8.29493087557604	0	5	0	0	0	11	2.31136113489055	2.47034364681424	12.5473890179773	56.4632505808976	12.2049651461416	14.0026904732787	1.76066845717696	1.85019397194867	5.1327961802447	58.4004774694121	15.1596538346762	17.6962100865413	0	0	0	0	0	0	0	0	0	0	0	2.67954975595179	3.20749078593485	12.969419264867	55.7426038450045	12.2920609622472	13.1088753859946	2.55456349206349	3.45982142857143	13.8144841269841	54.1666666666667	12.7480158730159	13.2564484126984	2.68833535844471	3.93377885783718	13.2442284325638	52.1415552855407	11.6038882138518	16.3882138517618
"ISO5_4_G1"	1.25	2.13675213675	61.945090739879	31.3230960136498	6.73181324647123	31.028196402528	0.054691298006806	1.15763247447739	1.47666504618376	0.00607681088964511	27.2757656781721	2.75887214389888	0.027345649003403	36.2147544968401	16.6606193306	18.2675093953	18	16.3316078597	16.2587884148	20.9615384615	16.0620194772	15.9454225352	16.2396351575	16.34437011	15.7172312224	1.41559264737	1.4370992704	0	1.05074320861	0.117370892019	2.40464344942	1.47409003288	2.65095729013	0.0108	0.0046	0.0127	0	1.9494	0	0.0068	1e-04	0	0	8e-04	0	0	0	0	0	0.1868	0	5e-04	0	0	0	0	0.028	0	0	0	0	7.10641307764854	4.31683168316832	6.94117647058824	4.02870813397129	0.406645016421616	0.394604046154137	0.380054733705775	0.425209318095052	6.59666771455517	4.1039603960396	6.08911588587531	3.94258373205742	10.3847846589123	6.57425742574257	9.9940119760479	6.18181818181818	16.9814523734675	-2	-2	10.6782178217822	17	-2	16.0831278619232	15.3033707865169	-2	10.1244019138756	33.0727327751	40.6486362595	72.8813559322	78.8793103448	26.0020519836	45.1881367901	61.8038047215	88.5775862069	37.5102599179	80.7979420962	99.7844827586	74.3809849521	0	0	0	0	0.0114600045840018	0	0	0	0	0	0	7.8753421773	12.371025479	0.000841332643042	0.00393315886051	0	0.9252	0	0	0.4042	0.0354	0	0	0	0	0.2376	0	0	0	0	0	0.398	4.48191859585	4.98590419436	3.13989637306	4.94827586207	1.57405451088105	2.03887597718149	20.2091696598352	35.6433551658568	11.8318191421931	28.7027255440524	1.48131770948486	2.04510280787088	20.4289188591643	35.5405704178643	12.2485076276807	28.255582577935	0	0	0	0	0	100	0	0	0	3.84615384615385	92.3076923076923	3.84615384615385	3.57142857142857	0	35.7142857142857	39.2857142857143	14.2857142857143	7.14285714285714	0	0	0	3	0	1	0	5.54621848739496	38.7394957983193	15.1680672268908	0.546218487394958	40	0	0	0	0	0	0	1.38390568939006	2.33213736545361	23.6417221937468	33.7519220912353	7.752434648898	31.1378780112763	0.880281690140845	0	29.1079812206573	45.8920187793427	3.9906103286385	20.1291079812207	0	0	0	0	0	0	0	0	0	0	0	0.0276395798783858	0.0276395798783858	11.0834715312327	43.4770591487009	6.79933665008292	38.5848535102266	1.54212495747817	2.04104773783876	20.5805646898741	35.3101258646105	11.8040594171675	28.722077333031	2.06185567010309	1.91458026509573	15.9057437407953	40.3534609720177	12.2238586156112	27.540500736377
"ISO5_17_B4"	4.25	6.54338549075	29.9946077109733	13.8110002696145	56.1943920194122	12.9570747217806	0.0529941706412295	8.14122946475888	0.152358240593535	0.0264970853206147	12.8245892951775	3.85532591414944	0	61.9899311075782	16.5895983522	17.2444168734	16.7992742118	13.805834684	14.5097583643	3.99570815451	12.2140468227	12.1866666667	4.55176105342	11.8831168831	5.95440338297	15.5591572123	15.3810408922	64.5922746781	14.8272017837	20	58.7624451344	29.6536796537	51.9672733958	0	0.0163	0	0	0.006	0	0	0	0	0	0	0	0	0.0032	0	5e-04	0	0	0	0	0	0	0	8e-04	0	0	0	0	7.21792807300054	3.33345914323457	6.24062095730918	2.73544120019358	0.378413583046747	0.38028007235609	0.361091146565225	0.350222081276118	6.23295759527644	3.04680128326099	4.84476067270375	2.4276496209066	9.9898013955985	4.75146254010191	8.80077619663648	3.8727214066785	16.2227589908749	-2	6.16639477977161	7.7982638233629	-2	-2	13.6455368693402	13.5932203389831	-2	6.30037102758509	17.6748582231	4.21146953405	21.978021978	0.904415676538	3.59510301583	21.6761184625	8.06451612903	1.31228941302	4.50880859958	33.0497794581	3.86593367618	7.13645864437	0.283464566929134	0.985663082437276	2.99645390070922	0.220472440944882	0.537634408602151	3.34219858156028	0.125984251968504	0.537634408602151	2.83687943262411	2.82316777220514	0.228206298493838	0.644161774299	0.70123939987	0.000119451319341	0.000255325597791	0	0.017	0	0	0.0086	0	0	0	0	0	0.0168	0.0046	0	0	0	0	0.0454	4.40125984252	4.47580645161	4.76923076923	4.60842198582	4.21393841166937	4.11669367909238	15.3322528363047	61.0696920583468	7.03403565640194	8.23338735818477	5.11152416356877	4.64684014869888	13.1970260223048	62.2676579925651	6.83085501858736	7.94609665427509	0	0	0	100	0	0	1.64520743919886	2.71816881258941	14.9499284692418	55.3648068669528	10.9442060085837	14.3776824034335	3.46171838453142	4.03867144861999	12.396694214876	59.9407453609855	9.90176204584438	10.2604085451427	2.24150397686189	6.50759219088937	31.3087490961678	44.468546637744	8.67678958785249	6.79681851048445	0	0	0	1	0	0	0	0	0	0	0	0	2.22965440356745	3.12151616499443	19.0635451505017	58.3054626532887	8.13823857302118	9.14158305462653	0	8	24	60	1.33333333333333	6.66666666666667	0	0	0	0	0	0	0	0	0	0	0	3.10459265603254	4.73182742747029	18.1136923241623	56.4714698640403	9.26025050851087	8.31816721978375	4.97835497835498	4.54545454545455	16.8109668109668	56.7099567099567	7.43145743145743	9.52380952380952	3.1715388858246	4.62401176686891	17.4756389042103	56.7383710240853	9.09174480603052	8.89869461298033
"ISO5_31_H1"	5	8.0971659919	39.2002598433722	12.1909848785593	48.6087552780685	13.0751465624445	0.049742405400604	6.98880795878486	0.138568129330254	0.003553028957186	22.6150293124889	3.55658198614319	0.014212115828744	53.5583585006218	16.8489018627	17.1824817518	17.4532592218	17.413721909	17.8281087334	8.47257383966	17.5328704388	19.7766323024	12.4532352039	17.9701726845	14.4652545522	3.39871357103	2.75303643725	43.8818565401	3.48648249372	2.23367697595	27.1389144434	2.32339089482	15.1492629753	0.0024	0.0025	9e-04	0	0.5183	0.0056	0	0.0115	0	0	0	0	0	0.0053	0	0	0.041	0	3e-04	0	0	0.0066	0	0.0266	0	0	0	0	8.19325496781416	4.97214285714286	8.0031968031968	4.34669211195929	0.382012683060013	0.3856702561171	0.376221472048363	0.378078126147115	6.93800727679821	4.60857142857143	6.47472527472527	4.02162849872774	11.2530086761825	7.05142857142857	10.9308691308691	6.15839694656489	18.1910159529807	-2	7.57333333333333	11.66	18.5294117647059	-2	17.4055944055944	19.2062780269058	-2	10.1800254452926	5.25766347158	8.28546987657	19.2567567568	3.88007054674	3.92757660167	7.95292777831	13.7113528046	6.0405643739	6.87558031569	20.5940969916	16.7989417989	17.7483751161	0.161336243712632	0.121080033902409	0.881834215167548	0.199297712821486	0.25426807119506	1.01410934744268	0.123374774603777	0.0363240101707228	0.837742504409171	0.873544093178037	0.0837301794965723	1.6409333241	1.0593367029	0.000140676044308	0.000514089870526	0	0.0162	0	0	0.0468	0.0274	0	0	0	0	0.0174	0.0104	0	0	0	0	0.118	4.50460282813	4.35415909916	4.63513513514	4.51940035273	2.08052092432304	2.08052092432304	12.5545938219646	60.2795203684587	9.6561581831176	13.3486857778131	2.47541931752458	2.10526315789474	12.5853094274147	61.2492770387507	10.0636205899364	11.5211104684789	0	0	6	11	0	0	1.26582278481013	0.843881856540084	7.59493670886076	52.3206751054852	15.6118143459916	22.3628691983122	3.11835577604536	4.32317505315379	8.64635010630758	51.8072289156626	12.6151665485471	19.4897236002835	1.13895216400911	3.87243735763098	22.3234624145786	48.74715261959	12.5284738041002	11.3895216400911	0.267379679144385	0	13.3689839572193	84.7593582887701	0	1.60427807486631	0	0	0	5	0	6	1.65460186142709	1.37391047422071	12.675432117004	62.9191904269464	9.27758900871621	12.0992761116856	1.20274914089347	3.78006872852234	4.46735395189003	70.1030927835052	6.18556701030928	14.2611683848797	0	0	0	0	0	0	0	0	14	0	0	1.44127568230604	2.6065624041705	10.5182459368292	62.7108249003373	10.7635694572217	11.9595216191352	1.75824175824176	2.33908948194662	13.8461538461538	62.9042386185243	9.04238618524333	10.1098901098901	2.4650068128329	2.36591106156324	11.3836244271027	56.1005821875387	10.8138238573021	16.8710516536603
"ISO4_27_D1"	6	9.01898734177	52.1356157553598	30.9955127139771	16.8688715306631	26.31837536849	0.671470684572552	3.78316410088438	0.278414674091058	0.0327546675401245	24.3367179823125	0.999017359973796	0	43.5800851621356	16.3541577521	15.1814613527	16.7058823529	20.1502216227	20.0580962801	20.2457627119	19.717973697	18.1749369218	17.1006993007	20.0950989209	20.1360799001	1.37791481981	1.26914660832	3.38983050847	1.4612761812	3.28006728343	8.39160839161	1.3714028777	2.80898876404	0.0105	2e-04	8e-04	0	1.2012	0	0	0.0277	0	0	4e-04	0	0	0.0094	0	0	0.0723	0	0	0	0	0	0	0.0615	0	0	0	0	8.72085057799343	8.5	9.12666263603386	7.23076923076923	0.409840311482048	0.365215114198444	0.394765523773253	0.353364909541619	8.27543884686742	7.46527777777778	8.22974607013301	6.58041958041958	12.1444270015699	13.3402777777778	12.6726118500605	11.6573426573427	20.4198658484373	22.1875	30.7692307692308	20.8055555555556	19.7272727272727	-2	20.9023579201935	10.0326086956522	-2	18.2377622377622	11.0445828951	20.249878306	89.7727272727	53.1531531532	9.4338632667	17.420503277	32.9709557034	67.5675675676	15.6461514245	41.0470102759	90.5405405405	40.2906763209	0.290322580645161	0.367823444746522	1.8018018018018	0.137096774193548	0.0799616184231569	1.8018018018018	0.0645161290322581	0.0479769710538941	1.8018018018018	1.69491525423729	0.0583183119499523	4.48656887026	3.61021146885	0.000443775358087	0.00195533737692	0	0.036	0	0	0.1388	0.0986	0	0	0	0	0.1218	0	0	0	0	0	0.6206	4.7025	4.67503598273	3.69886363636	4.90990990991	1.64771632299094	5.81036808633648	10.7053382154558	61.6303719406437	8.37348236654461	11.8327230680285	1.80525164113786	5.74398249452954	11.0503282275711	60.8971553610503	8.94967177242888	11.5536105032823	0	1.69491525423729	0.847457627118644	89.8305084745763	4.23728813559322	3.38983050847458	0	0	0	71.1864406779661	1.69491525423729	27.1186440677966	6.36363636363636	0.909090909090909	10.9090909090909	29.0909090909091	6.36363636363636	46.3636363636364	0	0	0	6	1	3	0	5.79268292682927	14.0243902439024	45.4268292682927	17.3780487804878	17.3780487804878	0	0	0	0	0	0	1.07160253287871	6.34843318720571	8.65400227309628	68.7124533203442	6.26725117713915	8.94625750933593	0	15.2228763666947	9.08326324642557	70.8158116063919	4.79394449116905	0.0841042893187553	0	0	1	0	0	0	0	0	1	0	0	0.979020979020979	0.13986013986014	1.67832167832168	82.2377622377622	4.05594405594406	10.9090909090909	1.6636690647482	6.00269784172662	10.8812949640288	62.1065647482014	7.85746402877698	11.488309352518	1.87265917602996	4.36953807740325	9.67540574282147	56.7415730337079	11.1111111111111	16.2297128589263
"ISO4_29_G2"	0.5	1.23456790123	22.4887825306611	14.7711636254861	62.7400538438528	5.24840913071399	0.0758946815342402	9.77289976063985	0.0992468912370833	0	16.2414618483274	0.420339774651176	0.0291902621285539	68.1125576507677	17.5363196126	17.5725359911	16.8477850951	11.100751292	15.7575192973	7.69507546086	12.6436289796	16.0702070207	3.28831511496	18.0251141553	2.50581320932	38.13783819	27.7526395173	64.1547861507	33.1351076945	33.1833183318	80.5930393265	20.5153294194	81.0372045396	0	0.0337	0	0	0.0182	0	0	0.0083	0	0	0	0	0	0.0123	0	0.0013	0.0048	0	0	0	0	7e-04	0	0.0022	0	1e-04	0	0	9.84957414829659	2.94804805928809	4.74835828736538	1.87712916308222	0.299222463644175	0.251459384631913	0.315350490823546	0.223346926656226	5.5811623246493	1.61324250477224	3.24310480693459	0.938306501167506	13.6048346693387	3.76453194595202	6.34423430522721	2.36522059727172	19.185996993988	-2	4.43055350553506	5.37777445072426	8.27586206896552	-2	9.58733911216181	7.58957795004307	-2	3.30352709843923	37.2312103215	9.07547169811	7.59647523549	0.213170711963	5.02454393539	42.7947300157	13.7547169811	0.346739702371	5.92796964211	62.8234009147	0.820302486542	9.53906141206	1.82947641477234	6.59908007134141	11.8301764610652	1.8840876510342	5.46324978879189	12.3738600183476	1.6110314697249	4.43067680465597	11.4902056014246	11.487269860409	3.0039470467009	0.2564351627	1.99805730937	1.16470942218e-05	5.36055882106e-05	0	0.016	0	0	0.0236	0.0352	0	0	0	0	0.0088	0.0012	0	0	0	0	0.01	4.55157348624	4.2121468131	4.43147979338	4.43222751373	2.67946323880662	3.21796152342902	11.1390975811004	52.5470100317019	10.5484865592565	19.8679810657055	2.20033714843403	1.54378493478839	6.28160766569071	59.4534646437761	10.6113033448674	19.9095022624434	0	0	0	99.8936735778841	0.106326422115896	0	1.86954932372448	2.9035458770693	9.54096819677268	53.5223771476317	9.99530001566661	22.1682594391352	3.39670738183749	3.72172065852363	8.03186404673393	48.9240573552841	10.2665958576739	25.6590546999469	2.03969800292255	6.38090599123234	27.2254018509498	43.4090355577204	11.3248904042864	9.62006819288846	0	0.303490136570561	31.4112291350531	56.752655538695	1.06221547799697	10.4704097116844	0	50	3.33333333333333	6.66666666666667	40	0	2.7340633838567	3.15468851983465	10.5156283994488	53.6079483646385	9.60185655232432	20.385814779897	1.36513651365137	2.97029702970297	9.07590759075908	62.6162616261626	5.52055205520552	18.4518451845185	0	0	0	0	0	0	0	2	4	1	3	2.78552581982661	4.53574569669556	15.2770448548813	48.2372157306194	10.5138836537253	18.6505842442518	1.60904544466188	3.15285931724288	9.75212002609263	56.3057186344858	8.53446401391607	20.6457925636008	2.92047102995136	4.58550217595358	15.3511391756976	47.1573939755952	10.87656796655	19.1089256762522
"MERGE_ISO_39_H7"	1	3.01075268817	74.3711570709894	18.8408328675238	6.78801006148686	27.2596351666438	0.0480043889727061	2.44136606775477	0.226306405157043	0	29.6118502263064	17.5764641338637	0.024002194486353	22.8123714168153	16.3335739204	17.2245233206	17.2240533172	9.22710769128	9.94771981442	7.18915200943	8.458271332	7.5418495535	7.31093653839	9.2406236466	7.05161707633	29.5359914726	26.3324657689	40.6111820772	32.3200544195	36.2645678825	39.5865764037	28.6790818536	43.6826218197	0	0.003	0	0	0.0703	0	0	0.0017	0	0	0	0	0	0.0112	0	7e-04	0	0	0	0	0	0	0	0.0502	0	0	0	0	6.58816425120773	4.36352289570169	4.36559064491282	3.83607473650591	0.330902120705211	0.342422611425532	0.330713547212943	0.335429854821976	4.75563607085346	3.51751306654185	3.29192633569078	3.11769402746726	8.59178743961353	6.05593260004681	5.91940340312303	5.33655381667199	13.347423510467	-2	8.16897746967071	9.57344566658866	-2	14.7142857142857	9.21132973881381	9.00174672489083	-2	8.45424784413925	4.03171007928	11.9318181818	7.79220779221	1.77085177971	5.21361626161	6.81766704417	15.8983704974	3.02225370403	7.05156814217	18.006795017	7.26639513606	13.3931107234	3.58759619737438	5.23075275725452	5.37063267233239	3.45178813942961	5.63229467823107	5.84277620396601	2.77274784970575	4.16532819359674	4.50897072710104	4.79263126785538	3.71468975269893	0.831892826275	3.46153846154	3.50492503052e-05	0.00017064078336	0	0.004	0	0	0.0258	0.0102	0	0	0	0	0.0334	0.0134	0	0	0	0	0.0938	4.24207786329	4.09375669308	4.15915300546	4.21957265966	1.86536091402685	3.08117650977649	13.0775124079811	43.4729023017221	10.5459511675161	27.9570966989774	2.26886952585719	3.41179133189997	13.4604503790879	45.8979291614801	10.4843272603825	24.4766323412923	0	0	0	2	0	0	1.18895548786479	2.04382430971799	10.6318168418984	39.500835216665	9.89486096099047	36.7397071828633	2.59276509858718	3.36904207421208	8.59338612016768	47.9894426331315	12.5213476168297	24.9340164570719	1.48060408646728	5.0044418122594	20.1954397394137	42.1083802191294	15.6055670713651	15.6055670713651	0	1.81818181818182	0	70.9090909090909	27.2727272727273	0	0	0	63.4615384615385	9.61538461538461	0	26.9230769230769	1.56030781004209	2.51264827175715	13.1924663067046	41.469325283789	9.97831724841631	31.2869350792908	1.1351596791282	1.10488875435145	14.6359921295596	30.1801120024217	7.53746026941123	45.4063871651279	0	0	0	0	0	0	0	0	2	0	0	2.10331969735365	2.84907504615719	11.9538066104333	46.019621330051	11.8162400897803	25.2579372262245	1.89259419662191	3.20918146383716	13.1312256388047	42.932005197055	9.78778692074491	29.0472065829363	2.1862871927555	3.39370418283743	11.5696420871065	46.3216903837861	13.134971970677	23.3937041828374
"MERGE_ISO_41_A4"	1	1.47783251232	69.9726123186294	23.8913816211176	6.1360060602529	40.5185736363116	0.0744090206628127	0.578100852841852	0.0858565623032454	0	28.6188541010818	1.09324022666132	0.0114475416404327	29.0195180584969	17.2237960067	17.4267355435	16.8456790123	14.1695696075	14.0528610882	12.5488619806	13.9907972505	13.4228933997	12.495487488	14.094453945	13.8728163445	8.23046825697	8.20231115849	10.8124403356	8.26774107634	8.50377859741	12.2567117918	7.99318148292	11.7212482082	0	2e-04	1e-04	0	0.0119	4e-04	0	0.0064	0	0	0	0	0	0	0	3e-04	1e-04	0	0	0	0	0	0	0.0025	0	0	0	0	7.26365446565403	6.06883523774419	7.15346946233612	5.37523125476113	0.344995917314364	0.368309815588762	0.348273086562259	0.367529348160836	5.22807310182338	5.10836712126797	5.27649719062628	4.68255522907825	9.6978346764525	8.49889421304829	9.57627335434653	7.59734465121341	14.9259077782759	17.4230769230769	14.8699289000418	13.6072613343163	16.04	17.2666666666667	14.8527705449728	14.3575312122433	-2	12.2798998802917	1.64943919068	1.37561973715	18.5634174501	1.33037694013	1.93034069003	2.70771937541	2.2247580074	2.44789356984	2.66936623526	6.80976468001	7.56541019956	5.39130694169	2.60614109927612	2.37238833979732	4.33549073499424	2.51202800524219	2.19332540973352	4.53054348789786	1.6043204067093	1.41295508569999	3.28043266247008	3.32558303388995	1.53689855996976	0.33426093447	1.34150595909	1.18064383108e-05	2.53910129681e-05	0	8e-04	0.001	0	4e-04	0.004	0	0	0.0138	0	6e-04	0.0026	0.003	0	0	0	0.0016	4.18616576802	4.22819295763	4.29161513727	4.30641014274	2.18730278934747	4.43434725903488	11.7918296941394	46.2989608313349	11.0517901468299	24.2357692793134	1.95806482872232	4.10933184747323	11.2765880129851	47.9026357866176	11.4013518096807	23.3520277145211	1.51515151515152	13.6363636363636	21.2121212121212	58.3333333333333	2.27272727272727	3.03030303030303	1.76857760136663	4.84349093101542	4.87866150831533	53.725569009697	8.64191327940511	26.1417876702005	3.18822023047375	4.62227912932138	11.7029449423816	44.2893725992318	10.1024327784891	26.0947503201024	1.77514792899408	5.52268244575937	26.1341222879684	43.5897435897436	12.1301775147929	10.8481262327416	3.68271954674221	0.84985835694051	21.2464589235127	68.1775259678942	2.54957507082153	3.49386213408876	2.91777188328912	12.3342175066313	10.3448275862069	32.6259946949602	36.0742705570292	5.70291777188329	2.15278604174104	4.28630524341386	11.572570819804	46.5532189789708	10.9707654035553	24.4643535125149	2.00407521085347	4.74839441850868	7.86154600087694	51.7809703128627	10.4330556343659	23.1719584225323	0	0	1	0	0	0.602409638554217	0	17.1084337349398	52.7710843373494	16.3855421686747	13.1325301204819	1.54519349104335	4.06126076849446	9.8021787684033	55.524408587447	10.3764984730389	18.690459911573	2.17613409750261	4.52218476651496	11.5898399724637	46.6800705891352	10.9740972840666	24.0576732903169	2.33605847234693	4.22160263377597	12.5923475576138	44.9096608540869	11.1762204054629	24.7641100767135
"MERGE_ISO_42_H7"	0.75	5.41871921182	84.3474832435274	13.5103167301879	2.14220002628466	56.3721050588692	0.116444559451417	0.750420494242463	0.375210247121232	0.0129382843834907	27.1574589209471	0.491654806572648	0.0388148531504722	14.684952775262	16.9630701713	16.5399901212	17.3060513888	17.1050991018	17.3331815998	14.9727611847	16.8730084117	16.6510956026	13.7141735849	17.8834934541	11.6142312961	11.6354644332	10.4797309258	16.5761209724	11.2506185057	11.4475461504	21.9230188679	9.0509731694	31.3542624458	0	0.0027	0	0	0.0164	0	0	0.0026	0	0	0	0	0	0.0049	0	6e-04	0	0	0	0	0	0	0	0.0021	0	0	0	0	9.83665421336654	5.75389830508475	8.84234885133296	5.03807344221367	0.306096089169888	0.362538916059608	0.315852566853577	0.345455226413533	6.24024491490245	5.19498305084746	5.95269209021801	4.53271611359617	12.9649491490245	8.33762711864407	11.728089464095	7.28976386143764	19.2051940639269	22.85	12.4777777777778	13.5326101694915	31.8823529411765	16.0714285714286	17.680781554313	18.0209366391185	-2	11.8224799750338	2.36069402736	2.54000855798	9.41034534761	0.649891024371	1.35402725808	3.89764764765	4.7000427899	1.16901129384	2.43561030235	12.1871871872	3.09887061621	7.30478245432	2.66986244268445	2.537517053206	2.8958523154934	2.46977907461442	2.47442019099591	3.20881036326903	1.6548561900792	1.62858117326057	2.31747415124985	2.46309879561713	1.68373331922137	0.523767836165	0.718310175313	1.43305170792e-05	8.19425256946e-05	0	0.0012	0	4e-04	0.0026	0.0032	0	0	0	0	0.0038	0.002	0	0	2e-04	0	0.0026	3.98703545449	3.986578898	4.16528427085	4.15280088741	1.75844165687649	2.81199075302232	13.8221472694888	50.6054117557888	15.4886876113238	15.5133209534998	1.51354221986192	2.53268593682826	13.4954353488607	51.2113395544091	15.9042055483904	15.3427913916496	0	0	0	63.3757961783439	36.6242038216561	0	0.993916330771349	2.73639936910097	10.1770022281751	50.1564729739879	16.3107428085021	19.6254662894625	2.35655737704918	2.69511760513186	11.7293300071276	49.215965787598	13.9611546685674	20.041874554526	1.30950274287737	3.2383648911697	26.2785347726066	42.2933993983366	14.6876658998407	12.192532295169	9.19540229885057	7.18390804597701	4.02298850574713	19.2528735632184	49.4252873563218	10.9195402298851	0	21.9066937119675	30.6288032454361	10.9533468559838	32.0486815415821	4.46247464503043	1.65017318159327	2.39609104403761	13.419099455715	52.1622958931222	16.5202869866403	13.8520534388916	1.22692480864475	3.20801440792436	8.68977937865826	53.0766921806994	17.5559057481615	16.2426834759118	0	0	100	0	0	1.25	0	1.25	73.75	22.5	1.25	1.72981132075472	2.37584905660377	13.4007547169811	50.9871698113208	16.8362264150943	14.6701886792453	1.67131265866892	2.95435312857783	13.5621484394445	50.5960973667181	15.2894618945692	15.9266265120215	2.09416224127902	2.59330843857312	14.6535062205626	49.1527650072245	15.0607044341446	16.4455536582162
"ISO5_51_H2"	0.25	2.50626566416	62.9716634855381	29.7313169872265	7.29701952723535	16.5654374548084	0.0433839479392625	1.22198120028923	0.231381055676067	0	42.6753434562545	3.90455531453362	0.0144613159797542	35.3434562545192	17.5752155172	17.8304479743	17.7546334894	11.8484713034	13.369266055	5.28214349937	12.0007381163	10.687960688	3.44168491414	14.7682793743	4.85184774165	21.5269086358	18.1001529052	71.2102139903	21.5529967523	27.2727272727	77.6939034228	12.9865405602	65.3645544335	0	0.0465	0	0	0.0434	0	0	7e-04	0	0	0	0	0	0.0317	0	0.0014	0	0	0	0	0	0	0	0.0082	0	0	0	0	7.06074005119851	3.52945229073372	5.85243974132863	2.2735730450088	0.348174555710336	0.310723423029251	0.33823027465115	0.269517130417122	5.5613218524552	2.62521529452291	4.27101704879483	1.60007543374403	9.64975564347219	4.88735790561488	7.76327650401725	3.13603218506412	15.2110774959274	-2	4.95650048875855	7.51257320013779	12.6428571428571	-2	12.0342935528121	12.4772727272727	-2	4.73610761880815	23.1093092157	2.73857761632	11.4864864865	0.489296636086	4.44078472162	25.3391548417	4.41525778958	0.697247706422	5.25266533761	30.8903789178	1.7125382263	7.34737511196	0.514579759862779	0.944444444444444	4.03008806262231	0.483393107749883	0.680555555555556	4.3603228962818	0.405426477467644	0.5	3.86497064579256	3.72192721781069	0.454771548355006	0.510375394534	1.34309314351	4.17764775822e-05	0.000141642294157	0	0.0324	0	0	0.0236	0.006	0	0	0	0	0.0092	0.004	0	0	0	0	0.0434	4.43380633089	4.29208333333	4.20945945946	4.58078522505	2.34221348113714	4.25531914893617	11.2104416234579	49.8927230466655	15.4747005185053	16.8246021812981	2.80963302752294	3.72706422018349	8.75382262996942	50.7454128440367	18.2148318042813	15.7492354740061	0	0	1	3	0	0	2.93112749505485	2.57147994964934	9.51267757597554	47.7611940298507	17.9643948930049	19.2591260564647	2.93144208037825	3.13002364066194	6.26004728132388	52.9739952718676	10.0425531914894	24.661938534279	2.06956738561277	5.19885301084653	23.7127540206957	45.2188006482982	12.3550679466401	11.4449569879067	0	0	38.0952380952381	52.3809523809524	0	9.52380952380952	0	0	0	2	3	0	2.12577502214349	5.06347800413345	11.5736640094479	48.2432831414231	17.4047829937998	15.5890168290523	1.22850122850123	4.17690417690418	10.5651105651106	47.9115479115479	15.7248157248157	20.3931203931204	0	0	0	0	0	0	2	0	0	0	0	2.59306211824363	4.13737466866429	13.4896853751297	49.8905151550075	12.8154892243863	17.0738734585686	2.36449618042925	7.67551837031648	11.9316114950891	46.1986176791561	22.0807566387777	9.74899963623136	2.4895498094921	3.7472718529205	12.9101468575445	50.0869307882958	11.7523027410942	19.0137979506529
"ISO5_31_A4"	0.5	0.751879699248	82.3764787752262	14.1440501043841	3.4794711203897	50.9032038173142	0.102249488752556	1.19291070211316	0.357873210633947	0	27.1472392638037	3.97068847989093	0.102249488752556	16.2235855487389	17.2086767896	17.4261106074	18.2363078376	13.4493569132	14.3762823143	5.4116575592	12.3034379671	12.6153846154	3.05305947796	14.8936708861	6.68628176659	16.4523043944	13.459171112	66.3023679417	19.1330343797	21.6783216783	79.2896876337	8.35443037975	57.6116456945	0	0.0453	0	0	0.1521	0	0	0.002	0	0	0	0.0013	0	0.0189	0	0.0021	0.0205	0	0	0	0	0	0	0	0	0	0	0	7.08487084870849	3.68509984639017	6.10194174757282	2.16553067185979	0.37140055212606	0.338724768757873	0.358698490690157	0.309518034612429	5.97232472324723	3.27803379416283	5.00873786407767	1.80671859785784	9.69741697416974	5.34869431643625	8.36601941747573	3.10856864654333	15.669741697417	-2	6.0079575596817	8.62672811059908	10.75	-2	13.3747572815534	11.9354838709677	-2	4.91528724440117	14.5310435931	2.0325203252	44.4	0.616332819723	5.31591737546	18.0317040951	3.9837398374	1.07858243451	6.8347509113	25.0990752972	3.83006823685	9.29526123937	1.12285336856011	2.03252032520325	3.94012766894123	0.858652575957728	1.78861788617886	4.35835351089588	0.627476882430647	1.30081300813008	3.65397314549857	3.7771129394166	1.03867403314917	1.32925538172	1.03517233267	0.000140853881182	0.000428663427433	0	0.0556	0	0	0.1196	0.0024	0	0	0	0	0.0188	0.0066	0	0	0	0	0	4.45607661823	4.31707317073	4.4	4.51397754788	2.70632368703108	3.72454448017149	16.4255091103966	50.1875669882101	13.8263665594855	13.1296891747053	2.87238407878539	3.65203118588428	16.9060320065655	52.4415264669676	11.7767747230201	12.3512515387772	0	0	0	0	0	0	1.36612021857923	2.9143897996357	10.1092896174863	52.0036429872495	14.1165755919854	19.4899817850638	2.47965904688105	2.78961642774119	5.42425416505231	45.989926385122	11.4684230918249	31.8481208833785	1.3254113345521	5.02742230347349	24.6800731261426	38.254113345521	15.036563071298	15.6764168190128	0	3	4	9	2	2	0	3	0	0	0	0	2.3168908819133	3.1390134529148	14.5739910313901	52.7653213751868	15.2466367713004	11.9581464872945	0.34965034965035	1.3986013986014	13.986013986014	46.8531468531469	27.6223776223776	9.79020979020979	0	0	0	0	0	0	0	0	0	0	0	1.90415062045357	3.50877192982456	15.1262302096705	43.474540008558	13.0937098844673	22.8925973470261	0	1.0126582278481	20.506329113924	52.9113924050633	16.4556962025316	9.11392405063291	2.39328892178633	3.9106834443622	14.9518874907476	45.4971625956082	13.2741179373304	19.9728596101653
"ISO5_32_G4"	20.25	41.6502946955	73.6021331609567	9.8093083387201	16.5885585003232	33.5021991831605	0.0785422557335847	1.39412503927113	0.325950361294376	0.00392711278667923	33.8124410933082	6.53078856424757	0.0392711278667923	24.3127552623311	17.1628865085	17.2259471957	17.369590696	17.301668438	17.6233959955	17.100389758	17.6356364588	17.9065810326	15.0658621785	17.7969616779	9.03343708315	7.4531437151	6.23625480484	9.0104476804	6.0197731138	5.00458753858	16.9577643696	5.48074095854	42.690084482	0	0.1351	0.0053	0.0011	1.5669	2e-04	0	0.0365	0	9e-04	0	1e-04	0	0.1266	0	0.004	0.0589	0	1e-04	0	0	5e-04	0	0.0729	0.0019	0	0	0	8.88850064955427	6.05889408660189	8.38252434629246	5.39863976681717	0.359725450241001	0.384652791345901	0.378821921851372	0.364566450078533	6.80795591990324	5.59925632721602	7.17395138409631	4.98942675887295	11.8810195762218	8.3744752308984	11.2384403036577	7.45922158084243	18.6889754961251	-2	10.96699875467	13.9737315581144	18.0789473684211	20.6890756302521	18.412391687754	18.4825479930192	-2	12.4486483397154	19.3872620083	14.3469987891	68.4409052808	5.67250571211	9.71840218412	28.7716246255	20.7697630168	10.866717441	14.4576522027	59.1649753552	29.7730388423	33.2605742784	0.738418937368998	1.70160211328004	3.52022840481108	0.655731400111532	1.1235376856839	3.54148949094885	0.549968271061285	0.499159490891626	3.15575264244928	3.25869595831573	0.536859328704727	1.79715665601	3.23787497449	3.2499506499e-05	0.000415569303632	0	0.3604	0.272	0.001	0.2986	0.129	0	0	0.1502	0.0012	0.1988	0.058	2.9068	0.1176	4e-04	0	0.2078	4.32740418822	4.2290644619	4.30372852953	4.3648706111	5.05761087774348	3.3925468562849	12.6963240379911	49.5166759451389	10.202945493193	19.1338967896486	5.27815494062076	3.3217953376298	12.2047771126963	50.1979308102733	10.1145512612113	18.8827905375686	0	0	0	2.73972602739726	1.36986301369863	95.8904109589041	6.31732799220484	2.61462675255779	8.73707573214962	52.5875602230282	9.8765766253451	19.8668326747144	2.65078755282366	4.21628889742605	12.8121398386477	44.6407990779869	11.7844794467922	23.8955051863235	1.38888888888889	4.69077568134172	25.7075471698113	36.0587002096436	14.2557651991614	17.898322851153	0.0783760482796457	3.20558037463751	19.5156360216318	51.5792773728349	9.53052747080492	16.0906027118113	4.46075663466968	28.2891022021457	0.0564652738565782	61.7730095990966	0.0564652738565782	5.36420101637493	5.24230474517353	3.14912067579943	12.83383482535	49.6402339880763	9.95944455865588	19.1750612069449	8.29510384519143	0.508799733088665	9.22095253982818	55.1547251647343	9.64634248060722	17.1740762365502	0.0567214974475326	12.3085649461146	87.6347135564379	0	0	0	0	0	64.4736842105263	6.25	29.2763157894737	4.66179739599873	3.59955541441728	13.161321054303	48.8694823753573	10.5430295331851	19.1648142267386	5.32980495932569	3.54405566990101	13.2019994119377	49.4991669116926	9.72263059884348	18.7023424482995	2.70342374388617	3.65051133837261	13.8105824811027	45.0155624722099	12.712316585149	22.1076033792797
"ISO5_48_H9"	5.75	18.3720930233	84.1985952655245	15.4000520272028	0.40135270727266	37.1728129891878	0.0728093487203757	0.597036659507081	0.276675525137428	0.141978230004733	45.7206305289599	1.0666569587535	0.00728093487203757	14.9441188248571	16.7531197302	16.6480055983	18.1168224299	15.4568759505	15.6858278146	11.0822864322	14.859225163	13.6733668342	9.07610350076	15.453596615	7.8653907496	6.32196393656	5.05960264901	24.4974874372	5.4085155351	9.54773869347	39.3302891933	4.65444287729	52.0574162679	0	0.2289	0	0	1.8157	0	0	0.035	0	0	0	0	0	0.1553	0	0	0.0094	0	0.0024	0	0	0	0.0198	5e-04	0	0	0	0	7.6023311621529	5.4517453798768	6.13938527519657	4.47974217311234	0.382169262205706	0.358858337218634	0.403822252084363	0.34536276700856	6.29310935893041	4.35215605749487	5.91493924231594	3.5451197053407	10.5714775454234	7.58213552361396	8.75196568977841	6.17587476979742	16.8645869043538	-2	6.92462311557789	11.9342915811088	-2	-2	14.6669049320944	15.7325581395349	-2	9.72099447513812	19.4401023163	24.4207317073	32.4561403509	11.0933119744	12.1825515387	27.8101463692	37.2865853659	17.1405686824	18.053480729	52.2665908768	32.8394072887	37.9892440992	0.0568424044337075	0.0304878048780488	1.56062424969988	0.0710530055421344	0.0304878048780488	1.72068827531012	0.0426318033252807	0.0304878048780488	1.4405762304922	1.76271186440678	0.134176729921411	3.33832335329	3.47305389222	0.000286057136305	0.00218906449396	0	0.2796	0	0	0.4948	0.1634	0	0	0	0	0.185	0.007	0	0	0	0	0.1998	4.47065510871	4.71036585366	4.49572649573	4.3737494998	2.52009558983272	2.19422116011297	6.60438844232023	51.3578101238323	12.5353030632196	24.7881816206822	2.78145695364238	1.85430463576159	6.09271523178808	52.5033112582781	12.9006622516556	23.8675496688742	0	0	0	15	0	0	0.125628140703518	0.376884422110553	2.57537688442211	52.8266331658291	9.42211055276382	34.6733668341709	1.73913043478261	1.50197628458498	6.16600790513834	44.9802371541502	12.5691699604743	33.0434782608696	0.862068965517241	2.46305418719212	11.576354679803	39.4088669950739	17.6108374384236	28.0788177339901	0	0	1	0	0	17	0	0	0	0	0	0	2.45492903720752	2.33985423858842	3.37552742616034	52.0138089758343	11.2389719984657	28.5769083237438	0	0	5.52763819095477	36.6834170854271	11.5577889447236	46.2311557788945	0	0	0	0	0	0	0	0	0	0	0	2.80060882800609	1.00456621004566	5.99695585996956	48.9802130898021	11.4764079147641	29.7412480974125	2.73624823695346	2.45416078984485	5.69816643159379	52.9760225669958	12.4964739069111	23.638928067701	1.5311004784689	1.69059011164274	8.74003189792663	43.859649122807	13.9074960127592	30.2711323763955
"ISO4_51_A3"	0.75	2.00501253133	72.1914383214515	17.3007399398588	10.5078217386897	32.6251283691645	0.00673412010303204	4.28795097560565	0.109429451674271	0.0151517702318221	37.9720197309719	1.45793700230644	0	23.5256485799424	16.0489846154	17.2996135485	17.4277008012	11.014483804	11.7451083618	6.83262963722	11.2443583314	12.5622055971	6.31542530336	7.8805567096	6.01519277061	30.814573626	29.4024743354	52.3180979709	27.2053795304	21.3909670269	54.3997155261	45.3642154826	56.3099325204	0	0.0169	0	0	0.0021	0	0	0.0011	0	0	0	0	0	0.0015	0	0	0	0	0	0	0	0	0	0	0	0	0	0	9.1076667589261	5.06169707438195	7.54988338947914	4.10983779539152	0.244053585585027	0.279891616867979	0.258014092100946	0.254933741665202	3.97910323830612	2.69407859224873	3.77973568281938	2.14473264459768	11.1948519236092	6.56930799956817	9.2853070743716	5.32973423965056	15.1739551619153	-2	6.49150343754054	9.26338659181691	-2	-2	13.065042757191	11.1897654584222	-2	7.47446688424824	25.8526068209	11.8893212278	9.10730387737	0.368617683686	3.15016229144	39.9059192474	15.8019887592	0.591116645911	4.88582654746	69.129753038	1.73349937733	9.17829280793	5.17190714075815	5.13373597929249	6.15277339664304	3.91811147027133	4.6160483175151	6.36030083176996	3.37937114310902	3.88265746333046	5.38907243537596	5.67500243532473	3.65425598595963	0.516552296207	1.5069250685	2.26881173604e-05	4.96509460009e-05	0	0.012	0	0	0.0048	0.0086	0	0	0	0	0.0022	8e-04	0	0	0	0	0	3.90449603291	3.86531405137	4.08205590622	3.98072421178	7.2138325941728	2.12765957446809	13.8494358053107	48.5151293998765	17.8914276090496	10.4025150171223	9.53759761340704	1.39510397473019	12.985873475476	50.6975519873651	18.1802228656664	7.20365008335527	0	0	0	0	0	0	4.98462799754048	1.80364828858373	9.20270547243287	46.2430825988932	18.1963517114163	19.5695839311334	2.66685367368611	2.72896671942936	10.5291630767998	46.49462020878	15.7987537317919	21.7816425895129	1.46065518405944	3.9935832489024	28.5714285714286	34.0087808172915	17.2492401215805	14.7163120567376	0	0	0	2	0	0	0	0	0	1	0	0	10.8160474128106	1.481650330522	14.0072942785503	43.2869842717119	20.3100068383861	10.0980168680191	24.1618176780272	2.57689110556941	6.15128844555278	31.0612357993904	21.6126350789692	14.436131892491	0	0	0	0	0	0	0	0	0	3	0	3.58111211533048	2.82103329234143	14.2429585290326	45.3172921636318	16.5365297141926	17.5010741854711	5.47708073674006	2.71430549785348	13.616535105941	47.6180584406592	17.9441905553247	12.6298296634815	2.38151612012154	2.82151454165187	14.1529537113768	43.6466595635531	15.6505268142536	21.3468292490431
"MERGE_ISO_46_A4"	0.25	1.25313283208	61.0123247718506	27.2368049675416	11.7508702606078	31.9136960600375	0.0281425891181989	5.15009380863039	0.150093808630394	0	27.5328330206379	1.38836772983114	0	33.8367729831144	16.5448243993	16.5373908297	17.901924732	11.9299372146	13.1767719898	4.09855207847	11.3909626719	10.9578005115	4.11285974499	11.8124215809	4.58336222762	26.8122146119	26.2169086251	71.0135450724	26.8909626719	26.9820971867	70.2732240437	28.3877038896	67.5406075801	0	0.0073	0	0	0	0	0	0	0	0	0	0	0	0.0025	1e-04	0.0029	1e-04	0	0	0	0	0	0	3e-04	0	0	0	0	8.42818863879957	4.72668879907621	7.47543581616482	3.60001348799568	0.294743093867167	0.284985537181867	0.286216669117956	0.262060411246932	4.9978563772776	2.65379618937644	4.20633914421553	1.98442136498516	10.7245444801715	6.13394919168591	9.33153724247227	4.64937955219854	15.7224008574491	-2	5.83799880881477	8.78774538106235	-2	-2	13.5378763866878	12.8238172920065	-2	6.63380091718371	15.3433064825	7.28560586896	16.9975186104	0.252059741921	1.0260202431	26.5439202148	12.2944599039	0.387494827132	1.8417525535	46.8738013042	1.15496031	4.45995285853	4.8331415420023	7.3766364551863	7.65845401542223	4.44955887993863	6.82275931520645	7.96689862704533	4.06597621787495	6.04229607250755	7.21459469625729	8.20096973750209	5.37576167907921	0.28022909958	0.417885499373	3.08488266164e-05	6.63209687025e-05	0	0.004	0	0	0	0	0	0	0	0	0.0012	0.0018	0	0	0	0	0.0052	4.07748369774	4.28708133971	4.27419354839	4.31357207343	2.53995433789954	2.66837899543379	14.6974885844749	47.4743150684931	16.0530821917808	16.5667808219178	3.54397950469684	3.84286934244236	16.2254483347566	44.3210930828352	16.6951323654996	15.3714773697694	0	0	0	0	0	0	2.2232601588043	2.55021018215787	9.47220924801495	45.3713218122373	15.5815039701074	24.8014946286782	3.0829621135271	2.33317161381379	8.36677987033035	48.3041503109425	14.0122612799365	23.9006748114497	1.66363636363636	4.17272727272727	24.4181818181818	38.4090909090909	17.6	13.7363636363636	0	0	0	2	1	0	14	2	0	1	0	2	1.81728880157171	1.96463654223969	14.8084479371316	50.24557956778	15.2996070726916	15.8644400785855	2.55754475703325	1.91815856777494	12.5319693094629	41.4322250639386	15.4731457800512	26.0869565217391	0	0	1	0	0	0	0	0	100	0	0	2.77595628415301	2.86703096539162	14.6994535519126	46	15.4061930783242	18.2513661202186	2.32120451693852	3.70138017565872	13.4253450439147	48.7452948557089	16.6875784190715	15.1191969887077	2.62982423385699	2.81919291601099	13.8292481263169	45.2084389085963	15.2188408502921	20.2944549649268
"MERGE_ISO_56_B3"	0.25	1.5037593985	80.3855358489329	11.3038061829984	8.31065796806871	30.1599713289675	0	2.18942429870003	0.00651614374613104	0.0390968624767862	46.6197504316945	3.64252435408725	0.0195484312383931	17.3231681490894	16.3945968801	17.2316482379	17.3108068501	14.5361849024	14.8052583101	13.256710511	14.4357200472	13.5856679446	12.5111158672	15.0066960378	9.06728573146	15.8238576608	14.6289924959	18.7219182866	14.6289632066	15.8950162194	22.782845983	13.3162163739	40.4375525905	0	0.0164	0	0	0.1325	0	0	0.0053	0	2e-04	1e-04	0	0	0.0157	0	0.0011	0	0	0	0	0	2e-04	0	0.0075	0	0	0	0	8.15979176995538	5.13644889027821	7.28371314220371	4.63812823050698	0.335878256601484	0.378649116334044	0.336929724907674	0.366966013641035	5.81536936043629	4.80702302802959	5.42665196438781	4.29423732541515	10.8559246405553	7.38079608210899	9.74516049987748	6.62977015286484	16.6712940009916	18.4451219512195	10.1655965757089	12.1878191101386	-2	14.5294117647059	15.1718124642653	12.1236240474174	-2	10.92400747828	5.1043956044	10.2541712147	68.8259109312	2.73721171495	3.76514992661	9.05677655678	15.9207859036	4.91979889873	6.03816313693	24.5567765568	13.3548798979	17.4166491927	3.37053979871912	2.43955497544906	3.95550061804697	2.62214089661482	2.63844862949842	4.23860600502412	1.78591033851784	1.66884206600783	3.01846166115076	3.16928033665384	1.7905778017872	1.30715744815	1.63222815839	2.19744318636e-05	0.000139088638988	0.0016	0.0098	0	0	0.0192	0.0092	0.0038	0.0012	0	0	0.015	0.01	0	0	0	0	0.0182	4.16330862842	4.27178642466	4.32494279176	4.22859763148	1.9945311243365	2.09722720580047	7.75169819725071	51.7068583660187	16.0490466586654	20.4006384479281	2.05076802210603	2.10765854847886	7.61113970687834	52.2106033104868	15.9957196651586	20.0241107468913	0	0	0	58.4821428571429	0	41.5178571428571	1.27575369572809	1.13607263415202	5.62681876382261	52.361773949482	15.4720055872425	24.1275753695728	2.13231904103273	2.92761641309359	7.15767634854772	46.6459197786999	11.7508068234209	29.3856615952052	1.615995617639	3.97151465351958	16.8447000821693	43.9605587510271	15.4204327581485	18.1867981374966	0	0	0	67.5555555555556	0	32.4444444444444	0	0	0	93.6708860759494	0	6.32911392405063	1.86138859589254	1.55736179189676	7.11360675063597	52.8044921511448	16.4174474157722	20.2457032946578	1.30345030964317	0.0117959304040106	3.50928929519316	45.8979652020053	15.4467708640519	33.8307283987024	0	0	0	0	0	0	0	13.7521713954835	71.7139548349739	7.23798494499131	7.29588882455124	1.67339950239439	2.00781187297681	7.34369565798978	52.1335509243158	14.8251692126595	22.0163728296637	1.94170508256988	2.20137713718854	7.81496177860769	51.843963354146	15.7758067339674	20.4221859135205	2.13366991224907	2.52133669912249	8.3092919822094	47.9354489722322	14.3015987498497	24.7986536843371
"MERGE_ISO_56_H3"	0.25	1.00250626566	77.4843602163445	16.200415178004	6.3152246056515	34.0812400836832	0.01684896308673	3.54530264949945	0.110922340320973	0.0154448828295025	37.8315384507378	5.4829334044734	0.0014040802572275	18.9143651451117	17.275643423579	17.51581776578	18.07530808888	14.4090579482948	14.8685014886633	13.8921694031675	14.894509860907	15.9311653264182	11.9608346527299	14.726434788471	11.0079796058702	11.3915418638848	10.5336201315597	17.9065080239818	11.4804739074013	10.6031948462604	24.6237032915796	12.2989411845589	33.1701149442015	0.012529	0.100877	0.098081	0.001905	1.80802	0.003319	0.010712	0.27037	0.011757	0.000116	0.001447	0.000528	0.000163	0.094976	0.001271	0.013432	0.172321	0.001523	0.062649	0.001778	0.000423	0.013609	0.019347	0.212766	0.007978	0.000283	0.005856	0.000596	7.64088973202982	5.80804345079948	7.38744299408703	6.32306059169102	0.354982436141681	0.367834475488516	0.360182163845908	0.359966435467473	5.64689653714371	4.98447891984858	5.29842161103839	4.41861098154373	10.415519371509	8.52517790669618	9.85483883943163	7.76716920415882	-2	-2	-2	-2	-2	-2	-2	-2	-2	-2	38.7009574080401	50.6362730730785	50.3135362683709	65.084495921706	65.5318346219177	41.6954769081696	57.787333388755	62.4850036182474	69.9634471841848	66.165290601942	68.7369102572868	67.950334827878	3.25396002592131	3.67908300407217	5.20031563324343	2.75019879025628	3.58534921662051	6.20690956743907	1.57515498771923	2.62516828078411	4.94569119928003	5.24068482088489	2.71953474078057	36.4037956054481	42.6236661749868	0.000545593756746058	0.0183560171854185	0.006552	0.882868	0.665764	0.034376	0.839112	0.43914	0.001924	0.001256	0.19441	0.00184	0.928222	0.287728	1.648098	1.419922	0.005726	0.01364	0.461792	4.431565929894	4.5677768082633	4.4078270616101	4.8508888337675	0	0	0	0	0	0	0	0	0	0	0	0	0	0	0	0	0	0	0	0	0	0	0	0	0	0	0	0	0	0	0	0	0	0	0	0	0	0	0	0	0	0	0	0	0	0	0	0	0	0	0	0	0	0	0	0	0	0	0	0	0	0	0	0	0	0	0	0	0	0	0	0	0	0	0	0	0	0	0	0	0	0	0	0	0	0	0	0	0
"ISO5_16_A7"	0.5	2.50626566416	46.0356788899901	25.2179105994765	28.7464105105334	10.0765661841138	0	6.88968891818574	0.0063382602743199	0.0126765205486398	34.5929569251832	1.36399361103364	0	47.0577795806607	17.2173410908	17.0451427384	16.5307045121	18.8791736805	18.9982777535	17.8065105306	19.0867171279	17.4461348684	17.6209791417	18.7641543069	15.856385779	3.99522703544	3.71934460264	4.94663343544	3.42453152514	3.20266812865	5.54854164643	4.1868701274	8.70389218405	0	0.0176	3e-04	0	0.1341	3e-04	0	0.0032	0	0	0	0	0	0.0066	0	1e-04	0	0	0	0	0	1e-04	0	0.0015	0	0	0	0	10.1683393736642	6.9270734169912	10.0748497606967	6.70175494473994	0.330193817815707	0.355808567287723	0.337834200341992	0.355694367184678	6.86374407582938	5.50171642867446	7.05484184389507	5.34786763066535	13.6118390484156	9.70719746141641	13.4476591457051	9.4288626301876	20.475583124245	-2	15.9449564134496	15.2089138900909	33.8666666666667	-2	20.5025009896002	17.8572834645669	-2	14.7767302608529	5.93996553913	9.15616715813	50.259965338	5.53658939486	3.36553871514	10.1877210483	17.2221725792	9.89482957987	6.27928629211	29.7215924549	22.1683827983	20.1459163271	2.0966370592811	2.1798929279186	2.14855570839065	1.54127245427739	1.77171758999083	2.03576341127923	1.07816711590296	1.11508769854181	1.45529573590096	1.55150508209539	1.09022014912971	0.952617701111	1.53857080711	2.47644016763e-05	0.000126264443006	0	0.024	0	0	0.023	0.017	0	0	0	0	0.0156	0.0106	0	0	0	0	0.0132	3.90568120138	4.02185873166	3.97227036395	4.01364586772	3.08005369585136	2.23200017046302	8.05331230956084	53.6106198461571	15.3075792120347	17.716434765933	3.08706781640381	2.0879289396388	7.61209347315773	54.5102803958808	15.4778054333337	17.2248239415852	0	0	0.220264317180617	33.920704845815	13.215859030837	52.6431718061674	2.11563706930994	2.0338273624931	7.2220848157379	51.7132474648504	15.8748882251099	21.0403150624988	2.87785469014008	4.74737014225759	9.88717501498883	52.3246307298196	13.2174197416471	16.9455496811468	1.4018691588785	5.14018691588785	18.4579439252336	47.4299065420561	14.9532710280374	12.6168224299065	0	0	14.9854510184287	58.9233753637245	26.0911736178467	0	0	6.22906898861353	34.4943067649029	32.2170127260549	0.133958472873409	26.9256530475553	3.1945649031512	1.92120686483219	8.08168414412994	53.3706536308444	15.293437409656	18.1384530473863	0.406615497076023	3.25292397660819	6.7936769005848	47.4186769005848	11.8238304093567	30.3042763157895	0	0	0	0	0	0	0	0	0	88.7622149837133	11.2377850162866	2.96094871213838	2.65665296256731	8.21274804959373	54.2067268783788	15.4349163186689	16.5280070786529	3.16956645750143	2.47432972047918	7.91381441338658	53.6033466438486	15.0943620460164	17.7445807187678	2.66030253044607	3.17972835433264	9.80240760888639	52.7111922226512	14.5860386761661	17.0603306075176
"ISO5_19_B4"	1	2.98507462687	68.9084181313599	20.8140610545791	10.2775208140611	24.4628861226372	0.00922083909635777	3.82664822498847	0.00922083909635777	0	43.1627478100507	1.35546334716459	0	27.1738128169663	15.8406754772	17.9881087203	17.3166156202	20.5412031314	21.3416349253	24.5224646983	22.2642835319	15.5467128028	14.7250823723	21.8056526807	10.4423699278	2.74000824063	2.34397890419	16.3671373556	2.23036969141	5.53633217993	26.6062602965	2.24358974359	36.1214836943	0	0.1098	2e-04	0	0.5477	0	0	0.0158	0	0	0	0	0	0.1505	0	0.0015	0.0395	0	0	0	0	0	0	0.0607	0	0	0	0	8.14628740302918	5.40023543260742	9.64806378132118	4.61947368421053	0.426926684166005	0.388579028757956	0.381952470894497	0.368576150768983	9.24713705208718	5.34255444379046	7.87414578587699	4.54736842105263	12.2641300332471	7.82107121836374	13.0074031890661	6.65105263157895	21.5112670853343	-2	9.05625	13.1636256621542	-2	-2	20.8815489749431	16.0246913580247	-2	11.1984210526316	43.3606806442	28.0319735391	31.5555555556	9.28655660377	22.3509465951	54.4363415375	47.7398015436	17.6002358491	29.0194970331	82.2698268004	30.5424528302	54.8177451257	0.226312613156307	0	0.442216981132075	0	0.0548546352166758	0.501179245283019	0	0	0.383254716981132	0.405624661979448	0	8.35011410928	3.19505973956	0.000240668775249	0.00265195139816	0	0.2022	0	0	0.198	0.0362	0	0	0	0	0.1864	0.0122	0	0	0	0	0.2108	4.10410380205	4.5447065277	4.45777777778	4.59758254717	0.556242274412855	1.21549237742068	12.6081582200247	68.4590028842192	8.89987639060569	8.26122785331685	0.439496044535599	1.11338997949018	14.44476999707	73.3665397011427	5.68414884266042	4.95165543510108	0	0	0	0	0	0	0.898587933247754	0.320924261874198	8.72913992297818	78.9473684210526	6.1617458279846	4.94223363286264	3.4206306787814	4.32923570283271	10.2618920363442	56.7076429716729	11.7049706039551	13.5756280064137	1.24309392265193	4.83425414364641	27.0718232044199	44.1988950276243	12.8453038674033	9.80662983425414	0	0	0	62.7906976744186	37.2093023255814	0	0	0	0	0	0	0	0.305530094714329	0.458295142071494	11.1212954476016	70.6691109074244	8.52428964252979	8.92147876565842	1.3840830449827	2.07612456747405	8.65051903114187	77.1626297577855	6.9204152249135	3.80622837370242	0	0	0	0	0	0	0	0	0	0	0	1.29736408566722	2.5329489291598	13.3237232289951	67.2570016474465	8.81383855024712	6.77512355848435	0.553613053613054	1.74825174825175	11.6258741258741	72.027972027972	8.36247086247086	5.68181818181818	2.01643017176998	2.86283295992034	14.9614139905402	55.5638536221061	11.3766492407269	13.2188200149365
"ISO5_20_A1"	0.25	2.00501253133	47.7147944798932	26.4690606914973	25.8161448286096	26.8997720829396	0.00741193692441677	9.13706524357478	0.0222358107732503	0.0185298423110419	19.5823373543091	1.17479200252006	0	43.1578557266478	17.3418483156	17.0900817523	17.1783390053	16.5908651782	16.4756147674	15.4731818566	16.4042663251	15.5728770596	15.2679200078	16.7656679914	14.36172927	3.76592242737	3.61398879685	5.7183883774	3.67268517378	4.36357052327	6.61548992764	3.2471502817	10.7205291755	0	0.0018	0	0	0.033	0	0	0.0021	0	0	0	0	0	0.0018	0	2e-04	0	0	5e-04	0	0	0	2e-04	0.0043	0	0	0	0	8.28308908156219	6.77417572296924	8.46153846153846	6.53834517232307	0.34738402898988	0.36903359523258	0.349192485714387	0.369684540512357	6.09437581523824	5.57401608644932	6.30606142973634	5.43468823993686	11.1900943758152	9.51028427580279	11.432073933134	9.19692186266772	17.2844701910535	-2	15.59195781147	15.0843003622521	12.3846153846154	22.75	17.7381353628703	15.5328741390106	-2	14.6316101026046	2.70079548371	4.07630241127	18.6703601108	2.1363115693	1.52466732681	4.51308698999	7.7375122429	4.22680412371	2.97608551159	13.4719014627	14.049255441	9.30671043529	0.823849975957685	0.774037116478597	0.967538787427721	0.76614842122135	0.820665858435139	1.07631533749356	0.410322167013945	0.373029935652336	0.56105799507643	0.675570337265499	0.394488174528908	0.67503994982	0.700428620499	3.52717771764e-05	0.000138232138449	0	0.004	0	0	0.0052	0.0042	0	0	0	0	0.0052	0.0034	0	0	0	0	0.0098	4.07087674307	4.03096292842	3.92307692308	4.09784164424	2.53685415772148	2.65671962215543	11.6680978960927	50.168169457564	13.7344353799914	19.2357234864749	2.63641672253823	2.48718558730021	11.4756580227956	50.5374483638644	13.7444038324286	19.1188874710729	0	0	0	7	0	0	1.68088520989948	1.57107863839851	9.57851169862319	47.081679195878	15.5080665596756	24.5797786975251	2.4885145482389	3.35949464012251	9.15007656967841	47.5689127105666	13.0455589586524	24.3874425727412	1.30081300813008	3.2520325203252	15.4471544715447	42.2764227642276	15.7723577235772	21.9512195121951	0	0.315457413249211	0	72.2397476340694	12.6182965299685	14.8264984227129	0	13	0	0	0	0	2.75143483508634	2.01246397517058	11.394930659901	51.2156070645614	14.4961450353474	18.1294184299332	2.62538475466232	1.26742712294043	6.83505341300018	56.5272496831432	12.529422415354	20.2154626108999	0	0	0	0	0	0	0	0	0	100	0	2.68188930177978	2.38118521415998	11.3216311363192	51.3201642871113	14.4680226872677	17.827107373362	2.5483687819365	2.67720662095471	11.7504476568983	50.4039830545486	13.2899506485566	19.3300432371053	2.45216158752658	2.97661233167966	10.3567210016537	48.1455232695488	14.4153082919915	21.6536735175998
"ISO4_18_A7"	1.75	3.9119804401	66.6160741570745	17.748803096669	15.6351227462565	35.3738597505911	0.00405872982050267	4.90700435298773	0.0456607104806551	0.0974095156920642	29.22894280235	1.92282325246314	0	28.4202408856148	17.0497593444	16.9591865162	16.8409345151	18.6130991355	18.6036201379	16.5124519833	18.2047730777	17.1601538773	16.6990270759	18.8044809492	15.2605846774	3.34120951595	3.11887037016	6.43532306099	3.26205001006	3.72038874266	7.11516705634	2.85171743503	13.2686491935	0	0.0026	3e-04	0	0.0169	0	0	0.0019	0	0	0	0	0	0.0013	0	3e-04	0	0	0	0	0	5e-04	0	7e-04	0	0	0	0	9.53400026525702	7.16852663443727	9.30225955282148	6.86741252082837	0.351903441851147	0.374815484966123	0.339004589914624	0.370266335732205	6.97804050853559	6.09799846383229	6.52957529871052	5.85689121637705	12.7348756134068	10.0445488636877	12.3518277534603	9.62718400380862	19.7129161219424	-2	14.3934142114385	16.14254732752	15.5357142857143	23.075	18.8814030521708	18.2193767355754	-2	15.4840752201857	2.46495049505	4.4776119403	15.1364764268	2.06368899917	1.71354476852	3.98257425743	6.86411691542	4.12324234905	2.88354981945	9.7900990099	14.7063688999	7.63066438496	1.09597719353817	1.10397482524698	1.20716027946587	0.928096293949953	0.768655368980371	1.14101451072802	0.505226480836237	0.461709097474787	0.719335235024185	0.781075652756081	0.493467697717948	0.532536047638	1.01703618429	2.23325916977e-05	8.21253834017e-05	0	0.0028	0.0042	0	0.0018	0.0042	0	0	0.001	0	0.0016	6e-04	0	0.0048	0	0	4e-04	4.01601305119	3.92351742461	3.78632478632	4.01889444743	1.9899222820053	3.57749499435382	9.70858124329813	53.3369392964576	13.8288685816229	17.5581936022623	1.98098165842691	3.4549604836027	9.7041718762546	54.4752750088898	14.2373736794412	16.1472372933849	0	0	5.61797752808989	0	92.1348314606742	2.24719101123596	1.91203763649704	1.04018300315076	9.58608485476283	49.7259268850619	13.0217100435927	24.7140575769347	2.26263480651301	4.23627264396983	9.12102629167548	51.5612885035596	12.5044054416015	20.3143723126806	1.4468085106383	3.40425531914894	21.9574468085106	42.2127659574468	15.2340425531915	15.7446808510638	4.35103244837758	0.0737463126843658	0.294985250737463	81.2684365781711	12.4631268436578	1.54867256637168	0	10.9259259259259	0.925925925925926	37.7777777777778	20.9259259259259	29.4444444444444	1.76308909298116	3.10652275926795	9.53408862371791	53.6890795736408	14.0309713749413	17.8762485754508	0.966794897752582	2.62198825673213	11.7280826078153	47.4691233043126	13.560437335493	23.6535735978943	0	0	0	1	0	0	0	0	75.975975975976	4.2042042042042	19.8198198198198	2.08914699449431	3.1797269779018	9.42755863941474	56.1641149407949	14.032732483596	15.1067199637982	1.97530309329318	3.63599591006641	9.72258115259722	53.8826278946954	13.760828773357	17.0226631759907	2.13268649193548	3.70148689516129	9.8601310483871	50.6016885080645	13.4797127016129	20.2242943548387
"ISO5_30_E7"	0.75	3.47394540943	74.3371659229802	18.7601827407117	6.90265133630808	31.9780503807384	0.00994095075252997	2.20821652716199	0.0212073616053973	0.0391010729599512	37.2904944628904	5.06988488379029	0.000662730050168665	23.3824416300508	17.4788536173	18.4842574105	16.9716795396	15.255844497	15.4122657581	13.6732467532	14.6292953548	15.6260346125	13.0816294799	14.9607922393	13.2482468443	6.70344102968	6.23771458524	12.7792207792	7.02989152935	2.25733634312	12.2677446941	6.14389652385	17.8503123805	4e-04	0.0355	0.0028	0	1.0498	0	0.0026	0.0161	0	0	0	0	0	0.0345	0	0	0.033	0	0.0037	0	0	0	0.0022	0.0319	0	0	0	0	7.38659160696008	5.70501524906811	7.11825233496913	5.45291777188329	0.374126699749141	0.393435133560433	0.3635588566831	0.388715024473898	5.9899692937564	5.21179261267367	5.51622605667247	4.98076923076923	10.2533265097236	8.08488647915961	9.93303783441507	7.7282824933687	16.24329580348	-2	11.4064171122995	13.2966790918333	14.5813953488372	-2	15.4492638910875	16.6034482758621	-2	12.7090517241379	6.57370517928	13.8372373823	22.5519287834	7.21872541306	5.22153429428	9.85502434706	19.7858810271	10.5920535012	9.06936248428	21.8459495352	23.4756097561	18.7046531876	1.07152720243027	0.780119028470323	2.11391661773341	0.856117094725214	0.514717709506193	1.81053043648463	0.651753659210163	0.386038282129645	1.48757095321981	1.58351616903558	0.555735056542811	1.37964473046	1.80720236259	0.000114777209288	0.000364919882814	0	0.1194	0	0	0.1834	0.0888	0	0	0	0	0.2054	0.0464	0	0	0	0	0.319	4.18039215686	4.01246581953	4.20708446866	4.3601487571	1.9437877593906	2.53743104806935	13.51195166798	45.3007617546625	13.6958234830575	23.01024428684	2.06394967894116	2.30638186345171	12.9340846546979	46.6125016380553	14.1855589044686	21.8975232603853	0	0	0	6	2	3	1.92207792207792	0.675324675324675	5.2987012987013	39.0649350649351	26.8051948051948	26.2337662337662	2.10890777463015	2.64400377714825	13.7551148882594	53.3207428391564	11.2055398174378	16.965690903368	1.05263157894737	4.21052631578947	23.5789473684211	36.6315789473684	20	14.5263157894737	0	0.119617224880383	5.26315789473684	45.3349282296651	2.51196172248804	46.7703349282297	0	0	0	0	0	0	1.73056222571831	1.92100687256769	12.5113852778008	43.934752007949	14.48207336259	25.4202202533742	2.70880361173815	1.50489089541008	1.65537998495109	40.8577878103837	19.6388261851016	33.6343115124154	0	0	0	0	0	0	0	0	0	0	0	2.30117390966338	1.09616730156262	11.5136437844982	49.7473373241079	14.4756277695716	20.8660499105963	1.98733495014821	2.60711398544867	14.2549178119105	45.0687146321746	13.7698733495015	22.3120452708165	1.874282799949	2.55004462578095	12.8139742445493	48.463598112967	12.9287262527094	21.3693739640444
"MERGE_ISO_44_B7"	0.25	0.751879699248	61.7334994455321	22.8276494667525	15.4388510877155	35.4499090747501	0.0328151277739038	6.35793100619385	0.0150402668963726	0.0560591766137523	23.8511287036657	2.33534325990948	0	31.9017733841968	16.7386687831	16.9650808531	16.517669232	18.3533040621	18.323050468	16.5902369096	18.0550389645	17.594370229	16.7727847985	18.5010487799	15.4696716477	3.42111344432	3.18064836294	4.5043005885	3.20829480914	3.12404580153	5.34106124246	2.96455123873	11.7528509634	0	0.0051	0	0	0.1735	0.0039	0	0.2376	0	0	0	0	0	0.0055	0	0.0222	0	0	0	0	0	0.0128	0	0.2152	0	0	0	0	9.22070238651276	6.80953872660349	9.29742638111463	6.63087986463621	0.363484288557045	0.385867853943474	0.347872435904572	0.383162527595733	7.05607081693023	6.0077531521654	6.74224263811146	5.86624365482233	12.4429394364004	9.53716031012609	12.5792771963982	9.26861252115059	19.4990102533307	18.1363636363636	14.3309506790565	15.5449134622915	26.1578947368421	16.1940298507463	19.3215198345096	16.3658453695837	-2	15.1348561759729	5.55663665151	8.34747951878	81.7466454401	11.8424734191	17.3442193298	9.43442956463	13.1645631904	15.5847789591	20.402408858	22.2973092504	28.4695019586	29.0329230226	1.81641315882561	1.67439151641632	3.78083723530645	1.29112133003184	1.21332718580893	4.02543853518764	0.932083480721613	0.876022228154044	3.06799916136697	3.67514458056091	1.14822721056669	1.19915597506	10.0388100755	2.75755650021e-05	0.00016025924542	0	0.0394	0	0	0.049	0.1386	0	0	0	0	0.0454	0.1832	0	0	0	0	0.1936	4.27309066469	4.16059988352	4.0110299124	4.26446743081	3.54670498045796	3.08452812748043	9.29578313858272	56.06607119533	13.5437912568196	14.4631213013293	3.80500640515182	2.85519740562499	9.11839721173932	57.1812715668963	13.7624208011633	13.2777066094242	0	0.0104843782763682	0.901656531767666	98.8467183895995	0.241140700356469	0	5.30405915195413	0.8978421608571	2.86328655500226	67.424928323525	12.7395503244304	10.7703334842312	3.25596927700785	4.30789781265654	9.55084321255635	53.7652362664886	11.688094840541	17.4319585907497	2.65625	4.84375	16.5625	48.75	11.40625	15.78125	0	0	6.41139804096171	5.78806767586821	76.6696349065004	11.1308993766696	0	0.628803245436105	2.57606490872211	95.2434077079107	1.54158215010142	0.0101419878296146	3.74851406683397	2.3840972130498	8.6052040681548	57.3028661999736	13.6045436534143	14.3547747985735	4.67175572519084	1.67557251908397	4.77099236641221	64.4847328244275	14.4236641221374	9.97328244274809	100	0	0	0	0	0	0.50510365147848	0	98.2637061980427	1.2311901504788	0	4.59455989435263	1.94787329652794	6.08206012362209	63.6837182003265	14.3559362447497	9.33585224042112	3.603141678514	3.0834129629198	9.08359941268325	56.8322185191228	13.4476891882443	13.9499382385159	3.19504522217853	3.50471883602045	10.4944946913095	51.9268580416831	13.3356272119544	17.5432559968541
"MERGE_ISO_45_H1"	0.75	5.21091811414	56.8465925456536	31.146187376385	12.0072200779615	43.1638114604715	0.00575517486139621	1.45605923993324	0.0153471329637232	0.00959195810232701	13.1333090337061	0.512210562664262	0.0038367832409308	41.7000786540564	17.7986713208	17.9708063753	17.8400749324	16.1109381494	16.4752732547	15.8270128028	16.3638672508	17.649003403	14.2870792012	16.8198120728	9.07508471234	9.51297842596	8.09317424412	11.0820798029	8.27466889393	4.49927078269	17.8649733522	6.74405897581	40.8447926565	0	0.0631	0	1e-04	0.4752	3e-04	0	6e-04	0	0	0	0	0	0.189	0	9e-04	5e-04	0	0	0	0	0.0055	0	0.0102	0	0	0	0	8.66652360515021	6.15775947049711	8.15581933719684	4.37024608501119	0.33594523315613	0.356918810788878	0.335672752459356	0.343127228706073	6.18886163907623	5.15540064779609	5.92944704255551	3.95683343502135	11.2266911914981	8.56618786086467	10.8140701956093	6.23642464917633	17.4155528305743	15.1833333333333	14.4654285074961	13.7215885086608	-2	14.8823529411765	16.7435172381648	17.7689189189189	-2	10.1932580841977	22.4941986676	31.0274669379	37.7049180328	1.61149239672	20.2756816486	27.931731417	38.1557913094	2.7452563585	25.7534259513	42.0241036006	6.34504104427	37.8035189785	1.46770598004159	1.27458384630505	2.53943695133026	1.23730157542752	1.04594502322598	2.83206081194713	0.840826463591616	0.701434941391904	2.21654165685648	2.21678513425155	0.762263692176767	0.870287188799	10.4255268314	1.00064730907e-05	0.000129146930153	0	0.0388	0	0	0.117	0.0228	0	0.001	0	0	0.1144	0.034	0	0	0	0	0.2074	4.00200484754	3.29448462088	4.35332606325	4.21879519693	1.80677825216307	3.30600370272415	11.0129595345147	43.7866021838516	10.9434389995088	29.1442173272377	1.73018147911522	3.30236734411963	11.0830038160689	43.0939512717352	10.5882962374596	30.2021998515014	0	0	0	98.4615384615385	0	1.53846153846154	1.36799671531484	3.23149565152477	10.9477063192863	40.6573102907693	10.8002687469673	32.9952222761375	2.18339024921892	3.39678849088135	8.82801714742425	47.2789362784277	12.5844655961636	25.7284022378842	1.32362673726009	5.10919920582396	19.933818663137	39.7617471872932	16.1085373924553	17.7630708140304	0.358834505526051	0.0478446007368069	0.593273049136405	0.569350748768002	0.0334912205157648	98.397205875317	1.33999545764252	0.227117874176698	2.77083806495571	20.2816261639791	0.0908471496706791	75.2895752895753	1.70112669814376	3.2377656945131	11.3982306918711	42.5622581689877	10.5749399151141	30.5256788313703	0.121536217792902	3.32036947010209	12.3359261059796	23.5318424890617	7.51336898395722	53.1769567331065	0	0	0	0	0	0	0.0759878419452888	0	17.1732522796353	44.3009118541033	38.4498480243161	1.71776968225056	3.37144977399987	11.1220738042232	42.7334210348782	11.1760439856979	29.8792417189503	1.68758229650928	3.32141993389407	11.3678911491504	42.574727469791	10.2079022563799	30.8404768942753	2.16576725173459	3.56419312619897	10.4326155942414	47.3905014611758	13.9250945730319	22.5218279936174
"MERGE_ISO_46_D4"	1	5.31400966184	74.9515695067265	15.2152466367713	9.83318385650224	30.5318028455647	0.00714068943356481	3.10709248977989	0.0258849991966724	0.575718085581163	39.3710837781388	4.53612296267205	0	21.8451541496331	17.0844437361	17.1672873529	18.0135921857	12.9924724957	13.9104721564	9.43012792927	13.7869474584	14.2366600791	6.7768934304	15.151399085	4.08307506334	25.9339193908	22.3163516656	43.5722389578	21.5644876797	18.6141304348	59.4881942086	15.9937227365	71.5950154962	0	0.0852	3e-04	0	0.1164	0.0017	0	0.0053	0	0	0	0	0	0.0835	0	0.0072	7e-04	0	0	0	0	4e-04	0	0.0129	0	0	0	0	8.66378959066494	3.84363653510633	8.16873621910178	2.29939851866581	0.286859217563725	0.305435543507141	0.295039056623906	0.297153210014677	4.92654195221337	2.67784222190786	4.59910641754671	1.55594770592037	11.0049268383034	5.12274249068704	10.2402808401996	3.01849182283641	15.9314687905168	-2	6.30893473313266	7.8005847125949	-2	-2	14.8393872577463	15.9764035801465	-2	4.57443952875677	9.03557387144	14.0821200216	38.7343153301	0.522708793123	3.75987084803	13.2087537303	22.0784223095	0.961784179347	6.12960487388	33.1699114206	2.27901033802	15.0723557815	3.34080982174478	2.89101338432122	6.45033912477934	3.19915004131744	2.73804971319312	6.71978073027966	2.68681383543856	2.32887189292543	6.19947969896869	6.40442035278967	2.55192709592118	0.79752420746	1.26563624227	1.19634870802e-05	7.31160685814e-05	0	0.0204	0	0	0.0404	0.0092	0	0	0	0	0.0194	0.0074	0	0	0	0	0.0502	3.91889403098	4.11400053539	3.75736095965	4.31461952987	3.57424856556298	2.78640487094454	10.0893123475637	56.5212051025601	12.8809812075591	14.1478479058097	3.71555514629711	2.49775547319229	9.13464858767467	58.8802688828012	12.6015792260411	13.1701926839936	0	0	0	0	0	0	3.09064590587223	2.14780329408083	7.54860920934236	54.5890223387191	12.9826689096671	19.6412503423184	2.87023839467874	2.36997289064028	5.78798803834437	50.0097817277326	11.2769346860065	27.6850842625975	1.74894841709099	4.60039849457605	20.5844587115342	44.8793446978083	13.7259242860306	14.4609253929599	0	0	0	100	0	0	0	0.288184438040346	0	99.135446685879	0	0.576368876080692	3.59719920893688	1.81997968891977	8.66160671334652	59.7065583409054	12.5982147629483	13.6164412849431	7.57164031620553	0.827569169960474	5.29891304347826	64.7233201581028	11.5489130434783	10.0296442687747	0	0	0	0	0	6.49350649350649	0	0.649350649350649	92.8571428571429	0	0	3.24271643950916	2.64172117954549	10.7677086871133	54.5739135570945	12.405310022002	16.3686301147355	3.85945313331205	2.96042132141717	9.61538461538461	57.2108734971806	11.7858282796042	14.5680391531014	2.58227131852728	3.03751237767004	11.3874564370314	49.8103162253572	12.9177865510989	20.2646570903152
"MERGE_ISO_56_H7"	3	6.95443645084	73.5264165546458	17.4141512892582	9.05943215609597	37.3418493958749	0.0040681827427688	3.90545543305805	0.0528863756559945	0.00813636548553761	31.7135185712542	4.43025100687523	0	22.5438346690533	16.9924681872	17.0724529781	17.9942474202	14.2116134191	14.3987264099	13.0821009401	14.2231013249	13.40916016	12.0074138144	14.6193430258	9.41043534118	10.1253733995	8.92467546635	13.383319832	9.60751383965	9.18396495906	18.5144569381	8.21081110625	33.9163187246	0	0.0391	7e-04	0	0.3363	0.0022	0	0.0039	0	0	0	1e-04	0	0.0409	0.0022	9e-04	0.0055	0	0	0	0	0.0305	0	0.01	0	0.0014	0	0	7.81392944824913	5.01022880215343	7.22820512820513	4.36399936112442	0.346053294174269	0.373229020856623	0.345062263208826	0.365065735275805	5.58315027781367	4.32523553162853	5.24239040529363	3.7721609966459	10.1990567256752	6.93337819650067	9.61683209263854	6.01988500239578	15.7822070034888	-2	10.0528003420265	11.2586137281292	12.3961038961039	16	14.8592224979322	13.8052362707535	-2	9.79204599904169	6.55510313661	5.61983717532	25.1972386588	3.64507618586	3.20013169855	10.8752069444	9.48021352101	6.31023528778	5.6344076786	29.4621683297	16.8793409788	16.2447302685	2.11234548583946	1.7461650678573	4.91953280585607	1.8821110043141	1.84931405920752	5.14021206738791	1.49987705925744	1.27315326466558	4.37590828354594	4.71947989405249	1.44373525134752	0.662738637104	1.50977818734	2.07059253975e-05	0.000137202193211	0	0.033	0.014	0	0.0408	0.016	0	0	0.0102	0	0.0216	0.0074	0.1338	0.0204	0	0	0.024	4.21920196714	4.2801797819	4.20946278955	4.37105022339	1.35922976979711	3.77452776759836	7.9799224883677	50.4702890584225	13.2669265194168	23.1491043963976	1.27768081160685	4.02121741027599	7.90198538234973	51.5572161012327	13.4326933566052	21.8092069379295	0	0	0	0.980392156862745	0	99.0196078431373	0.821386183380117	3.3213390855485	6.41660857934101	50.8675420583636	13.2891241687233	25.2839999246435	2.06780651760924	2.49159725266696	6.76603828730089	43.9134882361537	12.5895075259389	32.1715621803303	0.892857142857143	4.03138528138528	14.6645021645022	39.4751082251082	15.5573593073593	25.3787878787879	0	2.00877785280216	7.4611748818366	62.879810938555	8.59216745442269	19.0580688723835	0	0.571428571428571	0	97.1428571428571	0.571428571428571	1.71428571428571	1.23032904148784	3.62754245194999	7.83852708838714	51.4275051315544	13.2014679355601	22.6746283510605	1.49019234431537	5.92744239192535	4.49914302037707	57.631879641973	15.5303751666349	14.9209674347743	0	0	0	100	0	0.377358490566038	0	0	81.1320754716981	0	18.4905660377358	1.32213023600643	3.28370196466082	7.8478314592858	52.712220437415	13.0174224638577	21.8166934387742	1.31859422824661	3.96261477918671	7.86237428946218	51.1723874070835	12.9454525579362	22.7385767380848	1.67888113521563	2.88767555257088	8.46740050804403	45.1633624339397	13.9303337323717	27.872346637858
"ISO6_CS_145_12"	0.75	1.24378109453	73.7672084350108	15.6061512961002	10.626640268889	36.0781529158459	0.00458106189014614	3.8778688900087	0.0183242475605845	0.0389390260662422	34.9466306289798	2.77612350542856	0	22.2593797242201	17.8904428904	17.3829188175	17.1690563521	18.0799505715	18.045448592	13.3858046381	18.1420675697	16.8001213838	17.2485972188	18.0845577847	15.5859979805	2.80506641952	2.6064178127	1.1243851019	2.49883232135	2.26583046733	4.09856062454	2.37355185081	12.5883540895	0	0.0223	0.0533	0	2.5598	0	0	0.1176	0.0033	0	0	3e-04	0	0.0034	0	0	0.0858	0	0.0397	0	0	0	0	0.0358	3e-04	0	0	0	9.18099861303745	7.66027007818053	10.2406508013599	7.48206751054852	0.341056830755777	0.358865713097464	0.325563161141879	0.35503969897703	6.14840499306519	5.5138592750533	6.35089849441476	5.37834036568214	12.0751931840697	10.1680881307747	13.4834871296746	9.92264416315049	18.2235981771349	-2	14.1224489795918	15.681947405828	21.6754385964912	-2	19.8343856240894	18.2006269592476	-2	15.3009845288326	17.0064978714	7.27218759276	23.0215827338	14.7807637907	11.7419486205	21.6726417208	14.9005639656	23.6209335219	15.4952998269	41.0990365225	47.3361621876	31.9781450436	0.743931088488645	2.62650244843449	2.54536884279991	1.75634858485289	5.34203887817184	3.15814282347396	0.458664280120819	2.44843448582876	2.0740042422814	2.09399720800372	1.00027785495971	7.36264377883	1.4771997431	0.000228284449167	0.000741532599577	0	0.6202	0.5724	0	0.5948	0.366	0	0	0.2416	0	0.3106	0.3828	1.274	2.5722	0	0	0.247	4.329678935	4.23297225108	4.21933962264	4.26090030639	2.83595922150139	2.92863762743281	10.0710534445474	50.7630522088353	12.4065492740192	20.9947482236639	2.84217419777341	2.88801571709234	9.99345121152587	51.2573673870334	12.1872953503602	20.8316961362148	0	0	0	0	0	0	0.983836964160225	0.210822206605762	0.28109627547435	27.8285312719606	3.79479971890372	66.9009135628953	2.96296296296296	11.4814814814815	18.0246913580247	45.679012345679	9.62962962962963	12.2222222222222	0	6.81818181818182	18.1818181818182	50.7575757575758	13.6363636363636	10.6060606060606	0.768961901433065	3.04089479203076	3.98462076197134	32.5061167423978	5.66235581964348	54.0370499825236	0	3	0	0	0	0	2.58446208936634	2.1096061030671	8.99112564222326	50.7239607659972	12.6498520940371	22.940993305309	2.42767550070807	1.29476026704431	6.95933643536314	45.7819138175197	9.58931822779688	33.9469957515679	0	0.1085776330076	3.69163952225841	0	96.199782844734	0	0	0	0	0	0	2.78929820281369	2.82995852646987	9.04285598113361	51.6874034317313	12.2387574205091	21.4117264373424	2.98106809833286	3.34840350381464	10.433738344165	50.3249505510031	12.1079400960723	20.803899406612	2.05318074722316	3.43318747896331	10.8717603500505	51.4641534836755	13.1268933019185	19.050824638169
"ISO6_CS_76_12"	0.5	6.01503759398	65.6096471639125	23.3102575554563	11.0800952806312	49.0448937119072	0.0185818343986918	4.31098558049651	0	0.0260145681581686	15.3857588821168	1.14092463207968	0.0148654675189535	30.0579753233239	17.5932071558	17.2151141935	17.4493720565	18.3492174474	18.4330254042	18.1593596059	18.5206053405	19.5361837136	15.3519606591	18.7966351468	8.47153766053	6.23352874738	5.33743905568	8.5960591133	5.52810956163	4.54751473032	20.5709541448	4.08326169716	54.8941339813	0.0015	0.062	0.0409	0.0057	1.8322	0	0.0057	0.1633	0	0	0	0.0015	0	0.051	0	0.01	0.199	0.0257	0.1117	0	0	0	0.0069	0.162	0	0	0.0025	0	9.03781174577635	7.58763586956522	9.39952865293972	6.01274623406721	0.333946715083894	0.339473311376182	0.352241799198921	0.308617847957813	6.09211584875302	5.62466032608696	6.75564376085339	4.41077636152955	12.1989809600429	10.2201086956522	12.5394443066237	8.05793742757822	18.2910968087959	-2	16.0109489051095	15.8447690217391	20.9816753926702	21.2837837837838	19.2950880674771	23.4517184942717	-2	12.4687137891078	6.13765605595	8.71654501217	17.1372930867	6.50988942532	3.95841373987	11.4059742467	13.6739659367	11.1820588693	6.81445387881	33.956467743	27.5657997197	20.2335005789	4.67882114618049	2.3173772884861	6.29185485126927	1.38534927791936	0.620400218964783	2.92789285158075	0.849506632686401	0.504835472294873	2.52297149976639	2.57498171177762	0.638248714838561	1.22460087083	1.47405660377	0.000123504962693	0.000667997839256	0	0.2148	0.1682	0.0032	0.2478	0.1524	0	0	0.1716	0	0.215	0.1034	0.7848	2.4444	0	0.0388	0.1382	4.26877082925	4.21233501612	4.27659574468	4.39853605357	1.49518636045824	4.70607217770129	12.7574893777228	48.6580971333297	12.3057064486635	20.0774485021245	1.59738260200154	4.06723120348986	12.3107518604054	49.8460354118553	13.1768026687195	19.0017962535284	0	14	0	0	0	0	2.19211822660099	0.295566502463054	10.5172413793103	51.256157635468	9.80295566502463	25.935960591133	2.63157894736842	3.35397316821465	10.3199174406605	49.3292053663571	10.9907120743034	23.374613003096	2.2412656558998	6.98747528015821	29.7956493078444	35.9920896506262	11.7336849044166	13.2498352010547	1.1588785046729	3.1588785046729	16.018691588785	44.6915887850467	10.7663551401869	24.2056074766355	0	70.5357142857143	0.892857142857143	28.5714285714286	0	0	1.18816834469389	4.07729347758114	12.2256269151398	50.3283096741917	12.2631480207617	19.9174535676318	0.63453693911467	4.3208943949237	8.38495240972957	44.1909654026288	11.7691494183411	30.6995014352621	0	0	0	0	0	0	0	0	0	100	0	1.74990420232469	3.39762421765232	12.5431089538894	51.2262102439647	12.3579001149572	18.7252522672116	1.50435957263908	4.65430431045069	12.5690777354783	49.4105366572516	12.3050472798723	19.556674444308	2.04790003471017	4.99826449149601	16.9559180839986	43.4224227698716	11.7146824019438	20.8608122179799
"ISO5_40_H7"	0.5	1.00250626566	83.5276000318615	13.5690199930967	2.90337997504182	37.7953381249255	0.0119127983163245	2.10724165773207	0.023825596632649	0.0264728851473878	40.627936835696	5.07882301552635	0.00132364425736939	14.3271254417663	16.8043165468	17.1510397665	16.5624417521	16.6107552259	17.8529585799	13.0943060498	15.2585730088	15.7443708609	12.2586206897	16.6065801668	12.801961824	5.74848280512	3.43195266272	14.0569395018	7.68805309735	4.37086092715	15.4858934169	5.44485634847	17.0731707317	0.023	0.121	0	0	0.9627	0.0039	0	0.0805	0	0	8e-04	0	0	0.018	0	0.001	0.0599	0	0.0259	0	0	0.0083	0	0.1069	0	0	0.0145	0	8.72332730560579	5.29788306451613	6.91281861839675	4.99487179487179	0.368919192732565	0.379593425943464	0.369222451431877	0.374601418863785	6.98842676311031	4.89163306451613	5.62135205024012	4.60923076923077	11.8676311030741	7.48689516129032	9.65053564831917	7.05128205128205	18.8560578661844	-2	11.3294797687861	12.3785282258065	16.3333333333333	-2	15.2718876985593	16.6784660766962	-2	11.6605128205128	9.21685587839	7.92648969742	47.280334728	8.38735818476	4.40014239943	15.9130267462	14.4421756079	11.1831442464	8.25204699181	43.7560130845	19.6515397083	25.4610181559	0.577256109293823	0.258445634114824	0.526742301458671	0.442563017125265	0.387668451172236	0.607779578606159	0.307869924956706	0.184604024367731	0.445705024311183	0.483630952380952	0.23794835639376	1.71859545005	0.964391691395	0.000254062731287	0.00116880975931	0	0.1708	0	0	0.1538	0.0856	0	0	0	0	0.0572	0.0376	0	0	0	0	0.061	4.23359630556	4.34207125715	4.20833333333	4.36952998379	3.05124747134187	2.7478084962913	13.5873229939312	50.6405933917734	13.5198921105866	16.4531355360755	2.66272189349112	2.57396449704142	12.0118343195266	49.5266272189349	15.7988165680473	17.4260355029586	0	0	0	31.2	68.8	0	0.177935943060498	0.711743772241993	5.87188612099644	41.2811387900356	28.6476868327402	23.3096085409253	2.26793248945148	2.58438818565401	14.0295358649789	57.4894514767932	11.1814345991561	12.4472573839662	2.69230769230769	5.76923076923077	33.8461538461538	35.3846153846154	14.2307692307692	8.07692307692308	7.10059171597633	0	30.7692307692308	49.7041420118343	0	12.4260355029586	0	0	0	20	0	0	3.95464601769911	2.62721238938053	12.6935840707965	53.0143805309735	15.0719026548673	12.6382743362832	0.132450331125828	0.132450331125828	5.03311258278146	46.4900662251656	27.2847682119205	20.9271523178808	0	0	0	0	0	0	0	0	0	0	0	1.78683385579937	2.13166144200627	10.7210031347962	57.6489028213166	14.4514106583072	13.2601880877743	3.40593141797961	2.38646895273401	12.1640407784986	52.2474513438369	14.2724745134384	15.5236329935125	2.22693531283139	3.28738069989396	16.8345705196182	51.1930010604454	11.5323435843054	14.9257688229056
"ISO6_CS_124_12"	0.75	3.48258706468	75.7430667147651	19.8111041878464	4.44582909738847	25.9754543771575	0.00108898060525542	1.70534362782999	0.00108898060525542	0.11652092476233	47.2682921517168	2.45891820666674	0	22.4732927506561	16.7078763709	17.1973870056	16.8829972184	16.4175532843	16.815030386	16.94653535	16.5424804885	16.7556399132	15.310670869	16.7678266074	11.8225750777	9.34175184009	7.93460583754	9.60253253605	8.58910590804	8.0694143167	14.5530041523	7.43416552668	30.4222759176	0	0.023	0.0329	0	0.7392	0	7e-04	0.0731	2e-04	0	0	5e-04	0	0.0109	0	7e-04	0.2241	1e-04	0.004	0	0	0	0.0019	0.1008	0.0025	0	0	0	8.87532048238534	6.64605351922645	8.35009956486467	6.01957894736842	0.340401289892387	0.366265147014126	0.345921553565969	0.362899345922009	5.96078245180894	5.14436698898134	5.74658898148831	4.6538947368421	11.8888044820055	9.09062289183719	11.0741205103621	8.21263157894737	17.8495869338145	-2	11.5508474576271	14.2349898808185	16.3264705882353	16.1428571428571	16.8207094918504	15.9018315018315	-2	12.8665263157895	5.16120644826	5.16803584765	9.83161325367	3.0784030784	3.19113646918	8.48283931357	7.61762509335	5.49943883277	5.19471903403	21.5938637546	13.9650472984	13.7486454809	2.11244718882028	2.13051918960625	4.00833734167067	1.70295742606435	1.91149385235701	3.94420394420394	0.922976925576861	1.38881975210314	3.38303671637005	3.56979405034325	1.25429953190059	0.919490072624	1.81404482124	8.37519571739e-05	0.000328970904294	0	0.074	0.0488	0	0.0818	0.0894	0	0	0.0622	0	0.0758	0.064	0.2772	0.0354	0	0	0.0888	4.23628445138	4.41644681169	4.45090715048	4.38303671637	2.88833850769177	5.05808071999163	11.6754456343531	53.1970558481878	11.6963756235393	15.4847036662364	2.89309252760421	4.94735941111016	10.8020200291021	55.122828040743	12.0773773859454	14.1573226054952	0	0	0	0	0	0	3.16567006683081	11.6426310235667	5.59268378473444	57.052409426662	11.6778051354203	10.8688005627858	3.52281825460368	6.40512409927942	14.2914331465172	50.3602882305845	9.56765412329864	15.8526821457166	1.30718954248366	8.71459694989107	23.6383442265795	41.6122004357298	12.5272331154684	12.2004357298475	2.34863684645344	7.50619615248436	11.5661513041426	56.2728667532161	9.51256933789685	12.7935796058067	0.917431192660551	99.0825688073395	0	0	0	0	2.83472845646811	5.01839945003842	11.5855877714424	53.4918516721258	11.5330179141898	15.5364147357354	2.13665943600868	5.49891540130152	7.58134490238612	56.5943600867679	11.7787418655098	16.409978308026	75.4237288135593	0	0	24.5762711864407	0	0	0	0	0	0	0	2.72149682325279	5.62309270098554	10.7359047476112	55.8707289008955	11.1011056080844	13.9476712191705	2.90270177838577	5.39928180574555	11.6749316005472	53.9329685362517	11.546682626539	14.5434336525308	2.86503279254401	4.91312852376021	13.6923253940858	49.1773098607755	11.5751927281095	17.7770107007249
"MERGE_ISO_10_A1"	2.25	14.3552311436	81.512527916297	10.8697647382752	7.61770734542785	22.562699498404	0.0151998784009728	4.14044687642499	0.0881592947256422	0.0851193190454476	56.7928256573947	2.06110351117191	0	14.2544459644323	16.5348813209	15.9730053191	16.4939534884	18.4488582303	18.482243291	15.8866698069	18.309313771	18.2196875775	13.5418911936	18.7190256673	12.582207065	5.17256292708	4.58299855375	12.6895902025	4.80391246479	4.5871559633	19.8641765705	4.08343292926	26.3315228832	0	0.0052	2e-04	1e-04	0.2152	1e-04	0	0.002	0	0	0	0	0	0.0269	0	5e-04	0.0048	0	0	0	0	0.0015	0	0.0067	0	0	0	0	10.0228652699524	6.12184161438019	9.55941516111008	5.39327249955269	0.331387034776833	0.353143202626401	0.338026596928492	0.348247400728799	6.6184563207702	4.80710530778362	6.50800894021233	4.28189300411523	13.2200645478913	8.56367644565033	12.6409480350158	7.57935229915906	19.8385208686615	-2	13.6192684183411	13.3707817534339	17.2142857142857	-2	19.1489569752282	19.9127764127764	-2	11.8612453032743	4.17527581771	6.94379312655	10.5698529412	6.21618139655	3.24508512026	6.47148259327	11.4490520533	9.16645194537	5.90317986397	15.9253050563	16.136305076	13.1853212475	1.63545033293096	2.66959589907463	4.20557738133574	1.35508741871422	1.44131549164503	3.9608424035551	0.96180055293797	0.97862991811464	3.31036259419076	3.6669423766198	0.984476908742507	1.28877795324	1.22934813985	3.47415748685e-05	0.000137815728318	0	0.0186	0.0232	0	0.0286	0.0076	0	0	0.028	0	0.0396	0.003	0.2404	0	0	0	0.0214	4.22745327103	4.29663415121	4.19852941176	4.34606466572	2.03053369085719	3.22420205864545	16.3502292189257	49.7729435169968	14.9662658939538	13.6558256206211	2.0986662381488	3.19138679093685	16.8439659328298	50.8115057046441	15.4619958219508	11.5924795114896	0	0	0	9.67741935483871	88.7096774193548	1.61290322580645	1.19642016015073	4.44653791804051	15.7136128120584	47.329251059821	16.6745171926519	14.6396608572774	2.26155358898722	3.87413962635202	10.8259587020649	49.4985250737463	12.8515240904621	20.6882989183874	0.968132311415894	4.43727309398951	20.7745058491327	41.9524001613554	16.7002823719242	15.1674062121823	0	8.84353741496599	16.6666666666667	52.891156462585	17.687074829932	3.91156462585034	0	13.7931034482759	0	65.5172413793103	17.2413793103448	3.44827586206897	1.95623239545609	2.94363450645371	16.4732101402173	49.9891664345188	16.1234407403968	12.5143157829573	0.322340689313166	8.43044879742127	23.3820976940243	42.7721299280932	19.6627820481031	5.43020084304488	0	0	0	0	0	0	0.613496932515337	70.5521472392638	24.5398773006135	4.29447852760736	0	2.06687827563298	3.54691075514874	16.5054993725548	50.53886469329	16.2951206909279	11.0467262124456	2.00614649137784	3.169996016163	16.8573217232941	49.9345512492175	15.2922429002333	12.7397416197143	2.0546503305124	3.70931750242095	13.6962654204034	48.6000589448865	13.7594206559724	18.1802871458044
"MERGE_ISO_10_B4"	1.25	2.44498777506	71.3463414634146	21.0033376123235	7.65032092426187	30.8876793058994	0.0092082915549735	1.78896642043013	0.00153471525916225	0.0148355808385684	38.8681986535431	1.62833288997115	0	26.8012441425034	16.1366039953	16.196592845	15.8100914888	15.8220730172	16.1831271091	10.7986960065	15.181066867	17.0859375	10.3094864319	15.5962870601	12.4217696831	6.32256259617	5.26434195726	17.9299103504	6.96218382169	6.25	21.0809598565	4.73815461347	18.7150437401	0	0.014	0	0	0.0648	0	0	0	0	0	0	0	0	0.012	0	0	0	0	0	0	0	0	0	0	0	0	0	0	8.81863047501542	5.1984505363528	8.01417151162791	4.89334606813117	0.342875700116255	0.377884626075188	0.34060590317527	0.37814150506929	6.11536088834053	4.18384982121573	5.59011627906977	3.94969754855142	11.7430598396052	6.99255065554231	10.6580668604651	6.57847819165871	17.8584207279457	-2	10.6438356164384	11.176400476758	13.2727272727273	-2	16.2481831395349	16.5285714285714	-2	10.5281757402101	5.83038869258	4.74703310431	14.5695364238	13.3382642998	6.3127090301	8.75820292781	8.58838226109	15.1627218935	8.06856187291	21.3780918728	22.5098619329	15.1421404682	2.59838546922301	2.82784338098198	3.30293320187331	2.34611503531786	2.67246737103791	2.88390436282968	1.71543895055499	1.89558732131759	2.48952427902391	2.60134402774767	1.82337733024901	3.73275373275	0.774900774901	0.00014009185043	0.000465777145619	0	0.0152	0	0	0.0158	0	0	0	0	0	0.0204	0.03	0	0	0	0	0	4.25201816347	4.29611197512	4.19867549669	4.24556213018	2.95146174290111	3.30116100153868	11.7359071198769	55.5742061826829	13.3445237096097	13.0927402433907	3.05961754780652	3.41957255343082	11.5860517435321	58.9201349831271	12.0584926884139	10.9561304836895	0	0	0	5	12	0	1.3039934800326	2.03748981255094	6.43846780766096	65.3626731866341	9.04645476772616	15.8109209453953	3.1900604432505	3.22364002686367	8.59637340496978	60.8462055070517	10.4096709200806	13.7340496977837	1.53846153846154	4.17582417582418	19.7802197802198	47.9120879120879	11.4285714285714	15.1648351648352	0	0	0	0	1	15	0	0	0	0	0	0	2.57951414976208	2.17881292261458	10.4182319058352	60.0801402454295	13.0478337089907	11.6954670673679	0.78125	2.734375	10.546875	58.59375	11.71875	15.625	0	0	0	0	0	0	0	0	1	12	0	3.2967032967033	2.57905359946176	9.53128504148912	63.1980264633326	11.9533527696793	9.44157882933393	3.26960376835689	3.46356331393738	11.6929897478526	57.799944582987	12.9121640343585	10.8617345525076	2.79650078875663	3.24107270902051	10.9422056503657	56.1738132797935	12.1898752330417	14.6565323390219
"MERGE_ISO_12_B4"	0.5	1.25313283208	83.1176961602671	10.5627434613244	6.31956037840846	32.9652833062199	0.00346128552144266	3.29168253089197	0.294209269322626	0.0138451420857707	40.0678411962203	9.81966702433284	0.0173064276072133	13.5267038177979	16.5896759608	15.2193507048	16.1411126187	16.5616935989	17.1335726431	19.3244258873	17.1228857439	23.0994897959	13.7635582602	17.0358352648	11.6303547199	7.66629086809	6.87700736822	9.68684759916	7.07628581291	3.44387755102	17.200644353	6.13300053485	22.8920333398	0	0.0294	0	0	0.2279	0.001	0	0.0056	0	0	0	0	0	0.1077	0	0	0	0	0	0	0	0.003	0	0.0036	0	8e-04	0	0	8.52539618041447	5.41777084957132	9.27264492753623	4.82762786951269	0.309556880137824	0.353578159644924	0.337228509267639	0.353505724833913	5.09833401056481	4.1153546375682	6.42708333333333	3.73419250906162	11.041852905323	7.40724863600935	12.1834239130435	6.64881192106323	16.1401869158879	-2	12.5358255451713	11.5226032735776	-2	-2	18.6105072463768	18.0534351145038	-2	10.3830044301248	8.9422407794	40.6919831224	27.5	3.71100164204	20.5064308682	14.335421016	44.0168776371	5.64860426929	22.8215434084	30.2366040362	14.8111658456	31.961414791	1.42509558567953	0.808080808080808	2.00262639527249	1.56412930135558	0.976430976430976	2.10111621799081	1.04275286757039	0.572390572390572	1.57583716349311	1.47271152180191	0.735212208978501	1.46731054978	12.852897474	0.000149386319227	0.000952533500552	0	0.0168	0	0	0.0846	0.031	0	0	0	0	0.061	0	0	0	0	0	0.011	4.18852173913	4.1436026936	4.1875	4.45173998687	1.55330076412376	2.24226481272704	30.6150569961167	42.2773393461105	12.8523111612176	10.4597269197044	1.28471566219535	1.81371622898167	35.896467031929	38.1258265633856	13.4517286982807	9.42754581522766	1	0	0	0	0	0	1.50313152400835	1.33611691022965	56.5344467640919	22.2964509394572	11.2734864300626	7.05636743215031	2.90474156343443	5.21144809910295	13.0713370354549	52.9260999572832	11.2772319521572	14.6091413925673	1.8018018018018	5.18018018018018	25.9009009009009	47.0720720720721	12.6126126126126	7.43243243243243	0	0	0	1	0	0	0	0	0	0	0	0	1.41525716258198	1.91577493959268	36.2443907490507	38.3500172592337	12.4784259578875	9.59613393165344	0	0.191326530612245	82.1428571428571	6.18622448979592	9.94897959183673	1.53061224489796	0	0	0	0	0	0	0	0	4	0	0	1.64667979237516	2.45212099516735	34.6876678002506	39.4308215500268	12.2069088956506	9.57580096652944	1.28365127473703	1.94330540203245	35.7104653235871	38.5630237118916	12.8543412372972	9.64521305045463	2.48110098856368	4.16747431672805	16.7086644698585	51.5603799185889	12.1147509207211	12.9676293855398
"MERGE_ISO_18_E7"	1.75	6.84596577017	68.7555386757818	21.1672363590328	10.0772249651855	36.0874126316056	0.00252783781392586	3.10544875440792	0.00252783781392586	0.072043377696887	31.2769372717046	1.34733755482248	0	28.1057647341347	16.5417365069	16.6723864836	16.386405959	16.174140008	16.3788167939	13.5791481246	15.8419642857	14.8635170604	12.8941438309	16.0401618029	13.9070220275	5.62842992906	5.37531806616	11.3159567705	5.58531746032	8.39895013123	14.633467798	5.1237599923	14.8107581843	0	0.0026	0	0.0011	0.0406	0	0	5e-04	0	0	0	0	0	0.0032	0	0	0	0	0	0	0	0	0	0.0051	0.0022	0	0	0	9.16221475322837	6.41604010025063	8.56145948945616	6.12981530343008	0.310027258490802	0.3427394213432	0.321901295337555	0.340730193069789	5.50893330974704	4.75413533834586	5.47738623751387	4.52110817941953	11.9642667610119	8.8203007518797	11.1913152053274	8.4221635883905	17.4732000707589	-2	12.7956730769231	13.5744360902256	-2	22.0441176470588	16.6687014428413	16.1106719367589	-2	12.94327176781	2.36044657097	3.47782884114	21.2014134276	1.85646366312	1.68767791785	4.60925039872	6.49608744255	3.441249717	3.12118747458	15.1674641148	11.1840615803	10.3446522977	1.99266698549338	1.47040652415668	2.60239873274497	1.46660290132313	1.23563573458544	1.99140076940484	0.813008130081301	0.729025083405412	1.56143923964698	1.60569105691057	0.759734093067426	0.763440860215	0.688172043011	0.000107297439723	0.000307658853347	0	0.0038	0	0.0078	0.0054	0.003	0	0	0	0	0.004	0.0048	0	0	0	0	0.0138	4.16757015306	4.2111962432	4.3074204947	4.29192124915	2.24200240931602	5.1398741801633	10.4002141614242	51.6262883148173	12.7492972828269	17.8423236514523	2.14164546225615	3.9440203562341	10.6340118744699	52.2264631043257	13.6874469889737	17.3664122137405	0	0	0	17	0	0	1.84361093452003	6.48442466624285	9.91735537190083	51.6846789574062	7.05657978385251	23.0133502860776	2.46685168054271	3.0527289546716	8.32562442183164	54.3940795559667	11.5016959605304	20.259019426457	1.44578313253012	4.09638554216868	16.3855421686747	41.9277108433735	21.2048192771084	14.9397590361446	0	0	4	0	0	1	0	95.8904109589041	4.10958904109589	0	0	0	2.05357142857143	5.33730158730159	10.4464285714286	51.7063492063492	13.2638888888889	17.1924603174603	0.393700787401575	11.5485564304462	17.7165354330709	39.7637795275591	20.4724409448819	10.1049868766404	0	19	0	0	0	0	0	3	0	5	0	2.62901655306719	3.39407428015023	9.63972736124635	55.1397969119488	13.6736681040479	15.5237167895396	2.38851969565636	5.43195608205721	10.7001829914283	51.6421072907637	12.7901377251276	17.0470962149668	2.10539126201777	3.89436534014847	9.50468540829987	52.2088353413655	12.6323475721066	19.6543750760618
"MERGE_ISO_17_G4"	0.5	0.751879699248	74.3135993135993	19.5409695409695	6.14543114543115	31.917397817248	0.0320992938155361	2.68029103359726	0.0106997646051787	0.369141878878665	40.5307083244169	1.43911833939653	0.0481489407233041	22.9723946073186	16.6760980868	16.1998501392	16.7149253731	17.8173410405	17.7140013271	15.1686998571	17.3481498195	16.3682016297	13.5463515374	17.6763055457	14.2971088302	4.02095375723	3.26959039633	7.42938784482	3.81768953069	2.8046238393	16.4525011473	2.82594408776	22.0402726632	0	0.0084	0	0.0014	0.6672	3e-04	0	0.0094	0	0	0	0	0	0.0532	0	5e-04	0.0026	0	0	0	0	0.0043	0	0.0641	0	0	0	0	10.0844679077522	6.30409213428081	8.90187479443044	5.50071530758226	0.328772622937179	0.360353434390869	0.332198899516975	0.356504099530143	6.54501250347319	5.18206321979907	6.12624712202609	4.57424892703863	13.2089469297027	8.78020093114433	11.7825348097796	7.67668097281831	19.7539594331759	-2	13.4217749313815	13.9622641509434	17.9642857142857	22.1071428571429	17.9087819318057	21.7647951441578	-2	12.2509298998569	7.3546856465	17.7821122354	39.798206278	2.32124352332	12.4782759819	11.0557532622	26.2749400626	3.60621761658	18.2208649883	21.2574139976	10.2383419689	27.7471572571	0.604910449531491	0.295690213869086	1.6369664318276	0.581188471118491	0.388852883992223	1.96850393700787	0.166053848890998	0.153920933246922	1.47119767923746	1.48506860371267	0.155557512253823	5.11615044248	4.40634218289	6.62232032024e-05	0.000295767827089	0	0.0156	0	0	0.1152	0.0156	0	0	0	0	0.0358	0.0124	0	0	0	0	0.0442	4.40327363302	4.472213221	4.33370660694	4.47347699959	1.54263005780347	2.30130057803468	7.91546242774566	61.5462427745665	9.6278901734104	17.0664739884393	1.30301019484828	2.24407311334982	6.53314833805876	65.1203474693853	7.90854798817639	16.8908728961815	0	0	0	7	10	0	0.549510935267612	1.94526871084735	4.03341026486427	65.7434882954171	6.22046378722937	21.5078580063743	3.02620913266685	2.81005133747636	7.02512834369089	52.9856795460686	12.9424479870305	21.2104836530667	1.63370593293207	4.90111779879622	20.0343938091144	46.3456577815993	13.9294926913156	13.1556319862425	1.91256830601093	0	0.136612021857924	15.5737704918033	1.77595628415301	80.6010928961749	0	5.09209100758397	0.325027085590466	2.60021668472373	0.650054171180932	91.3326110509209	1.29512635379061	1.77797833935018	7.48194945848375	63.0685920577617	9.21480144404332	17.1615523465704	0.814856926283873	0.43585370475649	1.64866401364412	78.283115406481	3.20257722190639	15.6149327269282	0	0	0	0	0	0	0	0	8	0	3	1.1167202080465	2.26403549028606	6.03487838458008	65.7029218295854	7.77879761358421	17.1026464739177	1.28911581820939	2.07775137758455	7.00672362367929	64.2485213083262	8.36155907183661	17.016328800364	2.37404998824728	3.03220246023662	10.1700227219306	53.4905586460863	12.9436652824571	17.9895009010421
"MERGE_ISO_18_H2"	0.5	0.751879699248	69.1720753522242	22.2763970239038	8.55152762387209	29.2813841879262	0.0189441778226825	4.79603435210912	0.037888355645365	0.0536751704976004	38.601919676686	1.22505683253347	0.0157868148522354	25.9693104319273	16.9866350507	18.926889107	16.6729460379	16.7213261649	16.7645174482	15.265799597	16.8131358661	17.0497925311	13.3715088039	17.0241099594	13.5319148936	5.55982249531	5.21401308615	10.038468584	5.04829362524	4.21321417172	16.3706739526	4.23614240649	16.4055198197	0	0.0022	0	0	0.3622	0	0	0.0013	0	0	0	0	0	0.0199	0	0	0	0	0	0	0	0	0	0.009	0	0	0	0	9.04441939120631	6.22106058697569	9.18405686722518	5.85614525139665	0.317898461135119	0.348175110755694	0.302218642702982	0.344667819073934	5.58861330326945	4.66985766469329	5.43902851823644	4.40335195530726	11.8914317925592	8.57664693286308	12.1981044258272	8.05223463687151	17.4800450958286	-2	12.6856264411991	13.2465045975564	16.3333333333333	15.1176470588235	17.6371329440636	16.1013698630137	-2	12.4555865921788	3.88496468214	19.4406499389	10.1265822785	2.8732925106	8.60817076371	5.8526740666	24.9263067079	4.00376825247	11.7283410609	13.8143289606	8.17239755064	16.4085965066	1.66414523449319	1.57525418874409	1.9891713747646	1.69440242057489	1.32464556780753	2.23634651600753	0.827029752899647	0.587140197622798	1.48305084745763	1.51726891595129	0.691187361145396	0.850712630543	3.74567501508	5.01652175032e-05	0.000209171310971	0	0.0048	0	0	0.115	0.0078	0	0	0	0	0.0176	0.0034	0	0	0	0	0.0652	4.26225539641	4.17888857061	4.35443037975	4.34985285462	3.85731353473289	2.96125618706264	10.9318996415771	54.778972520908	10.1297149684246	17.3408431472948	3.65321701199564	2.81488549618321	8.78544165757906	57.6199563794984	10.0327153762268	17.0937840785169	0	0	0	7	0	1	5.75196922513281	1.48378823960432	5.2940098919216	56.1824509983513	8.88441106429749	22.4033705806924	2.57614574437802	3.84286934244236	9.73526900085397	55.3942499288358	11.4289780814119	17.022487902078	1.72910662824207	6.9164265129683	20.5571565802113	44.956772334294	12.3919308357349	13.4486071085495	0	0	0	100	0	0	0	51.7241379310345	0	34.4827586206897	13.7931034482759	0	4.62330972311655	2.1249195106246	10.4507405022537	54.6233097231165	9.90985189954926	18.2678686413393	8.33067347590169	0.638365783593999	4.0217044366422	60.0063836578359	6.06447494414299	20.9383977018832	0	0	5	0	0	0	0	0	0	0	1	3.7037037037037	2.66393442622951	9.30479659987857	61.0883424408015	10.4735883424408	12.765634486946	4.00330479194832	2.35841970857744	10.7706173952231	55.7458314556106	9.00555805918582	18.1162685894547	3.13376216394524	3.96943207433064	11.1386002529001	53.7467700258398	11.5839243498818	16.4275111331024
"MERGE_ISO_20_E9"	0.25	0.501253132832	86.3792809677969	10.2658033736582	3.3549156585449	46.3147883975273	0.00339650838937572	1.40275796481217	0.0084912709734393	0.0254738129203179	37.0049589022485	3.05685755043815	0	12.1832755926907	17.118281105	16.8710180731	17.2032033256	15.1453259032	15.4799880078	12.9914441276	14.856657865	15.7427219796	10.607477314	15.4047597212	11.0179576384	8.23367353328	7.03542697247	17.8636245787	8.40720482837	6.29548762737	29.7277676951	6.32795304475	29.648009823	0	0.0063	2e-04	2e-04	0.0565	0	0	0.0027	0	0	0	0	0	0.0112	1e-04	0	0.0014	0	0	0	0	0.0027	0	0.0024	0	0	0	0	8.45874439461883	5.73191196698762	7.96839495971907	4.63701363485201	0.334391373092189	0.361782853809895	0.324607671385804	0.362357164135259	5.60127055306427	4.56162310866575	5.19513874543827	3.83322248087795	11.0423766816143	7.88514442916094	10.4113475177305	6.42101762554041	16.6436472346786	-2	12.5519698239732	12.4467675378267	16.04	14.875	15.6064862631688	16.4483944954128	-2	10.2542401064184	1.74203555662	2.58150597517	12.9909365559	1.92443919717	1.12294784484	3.23947023028	4.55969369997	2.98701298701	2.09431907944	10.4581792149	7.55608028335	6.6245383318	0.924104215107613	1.44752018454441	2.57227138643068	1.24008823704764	1.6320645905421	3.13864306784661	0.626006081201932	0.922722029988466	2.30088495575221	2.37494562853415	0.772386476163531	0.493301736229	0.435266237849	4.40933618409e-05	0.000146223022346	0	0.005	0.005	0	0.0054	0.0062	0	0	0.0016	0	0.0068	0.0012	0.0132	0	0	0	0.0064	4.40805008945	4.3108201638	4.44612286002	4.519235308	2.26973890175944	4.03543923361092	12.1376244443053	57.9299981215954	9.63934631519629	13.9878529835327	1.88377554589517	3.67261280167891	11.6624194273722	61.1752360965372	8.74431619447359	12.8616399340429	0	0	0	5	0	2	2.13896810993	3.3316048742546	7.85584651283381	60.5911330049261	9.26886180969666	16.8135856883588	3.05633802816901	4.05633802816901	9.33802816901408	56.4225352112676	10.1267605633803	17	1.98961937716263	5.62283737024221	23.4429065743945	52.5951557093426	7.91522491349481	8.43425605536332	0.222965440356745	13.1549609810479	3.79041248606466	53.4002229654404	14.9386845039019	14.4927536231884	0	51.219512195122	0	48.780487804878	0	0	2.14541682384006	3.70143342135043	12.1180686533384	58.7844209732177	9.6708789136175	13.579781214636	3.38427947598253	5.02183406113537	13.2096069868996	57.8602620087336	10.4803493449782	10.0436681222707	0	0	4	0	0	0	44.7058823529412	0	36.4705882352941	18.8235294117647	0	2.30852994555354	3.13611615245009	12.529945553539	61.989110707804	8.67513611615245	11.3611615245009	2.18727072633896	4.37912692589875	12.1606749816581	57.9833088774762	9.57905355832722	13.7105649303008	2.61434564616801	3.84733449299089	12.4322111941062	56.6919062723831	9.67972986800368	14.7344725263481
"MERGE_ISO_25_D1"	1	2.23325062035	84.0415895775516	9.72671908726488	6.23169133518347	32.2656510354677	0.0247560104736967	2.857414901214	0.213282551773387	0.206617472030469	44.0875981909069	7.36872173292073	0.00190430849797667	12.9740537967151	16.7027529762	16.8792721413	16.5525763005	14.1313470922	13.9863594027	11.9103154501	13.955613577	13.2909276249	11.1727635455	13.928706084	12.065908276	8.33117812376	8.35261244479	15.0356896155	8.23324630113	10.5198776758	18.5777678338	7.71453054229	19.1433879853	0	0.0019	0	0	0.0184	0	0	9e-04	0	0	0	0	0	0.0018	0	2e-04	0	0	0	0	0	0	0	9e-04	0	0	0	0	7.66827956989247	5.62852031011861	7.63746796334656	5.25739897552647	0.333176352070402	0.361624265803789	0.331842598175805	0.362332577610095	5.04990224828934	4.37360015903519	4.95951971351332	4.11596471257826	10.0816226783969	7.64555032801007	9.94572200961977	7.13773477518497	15.1315249266862	-2	11.4596507786692	12.0191504870453	-2	18.4677419354839	14.9052417231331	14.7684210526316	-2	11.2536994877632	2.24551536069	1.8475820642	4.6192893401	2.89981403998	1.1125287063	3.50249264988	2.91244463321	4.2480241748	2.03113039041	8.76901444459	8.70525337053	5.23602959939	1.22704614204763	0.910631088521813	1.45264381173736	1.78092113672191	1.08610153082834	1.609529343405	0.847854799539858	0.496157802383978	1.02847181871005	1.11751618122977	0.640248587184784	0.485151837146	0.520105139534	2.84892164527e-05	7.41944603461e-05	0	0.0028	0	0	0.0018	0.001	0	0	0	0.002	0.0012	0.002	0	0	0	0	6e-04	4.37399343871	4.39745839637	4.39035532995	4.47893544076	2.42073139192055	2.71383989379127	14.4123174537492	49.8525836652356	12.0812427800479	18.5192848152554	2.04308505843824	2.37658864885978	13.1538623321215	51.1552444190728	12.3576600667007	18.913559474807	0	0	0	100	0	0	2.68247755008059	1.41607183974211	12.3877504029473	46.0280911812111	11.8466497812572	25.6389592447617	2.42424242424242	3.06493506493507	11.4458874458874	53.4805194805195	11.8008658008658	17.7835497835498	1.31645569620253	4.30379746835443	20.4556962025316	45.0126582278481	15.5949367088608	13.3164556962025	0	0	0	1	0	0	0	22.4299065420561	4.67289719626168	62.6168224299065	0	10.2803738317757	2.57615317667537	2.45182145965436	14.79298769116	49.8868581375109	12.2093746114634	18.082804923536	2.28338430173293	3.30275229357798	17.1253822629969	39.5514780835882	13.9653414882773	23.7716615698267	0	0	3	0	0	0	3.03030303030303	0	21.2121212121212	75.7575757575758	0	2.65876123354589	2.45366744975202	13.7263676026401	52.9402990640265	12.7792072193012	15.4416974307342	2.44828008324152	2.77634961439589	15.0911984331007	49.8592238952136	11.7835720406414	18.0413759334068	2.31428664558819	2.86515205841129	12.7807294892272	50.8980084096613	12.5981942045047	18.5436291926073
"MERGE_ISO_22_D7"	0.75	2.50626566416	78.8468664311652	11.1879647241916	9.96516884464317	34.3931203931204	0	2.97542997542998	0.00737100737100737	0.00491400491400491	42.2432432432432	2.24815724815725	0	18.1277641277641	16.8188193202	16.5966179214	16.5858198215	16.0879181402	16.0350215278	13.4417811215	15.7528311772	15.0004087472	12.5215715716	16.2295823572	12.4656232812	4.97130268421	4.41652980603	10.5327617881	4.82408414944	4.1896586961	15.2352352352	3.85329994345	19.3959697985	0	0.0084	0	0	0.1329	3e-04	0	0.002	0	0	0	0	0	0.0213	0	2e-04	0	0	0	0	0	0.0035	0	8e-04	0	4e-04	0	0	8.66979945237919	5.87879065506184	8.31975942864303	5.51019087673892	0.343272932008446	0.374894827099989	0.33902086873787	0.37314649272638	5.84733219862355	4.74466330737517	5.57862423255231	4.39825299255904	11.3526974025013	7.98240952817224	10.8908031574991	7.43135986196484	17.2000296011248	-2	12.2334012219959	12.7270728355474	14.8848920863309	30.2777777777778	16.4694273900514	18.3381924198251	-2	11.8296128545239	6.46271040668	10.3494407877	11.8629908104	3.28382247674	5.9814008706	10.0012286522	13.0732594852	5.16284896206	7.79382667194	21.3662612115	10.8894058697	13.9928769292	0.472827755603316	0.718314355645419	0.769230769230769	0.454405894995395	0.728956049803129	0.778175313059034	0.233343567700338	0.404384377992976	0.500894454382826	0.525642846995312	0.32365122466332	1.24002949259	4.05299729651	4.09537399039e-05	0.000206054677058	0	0.0094	0	0	0.0198	0.005	0	0	0	0	0.0156	0.0066	0	0	0	0	0.0026	4.29039985259	4.33326238493	3.93316624896	4.44502102532	2.44361991999536	3.02336367325642	11.8557597541886	47.730303205983	14.4791002376949	20.4678532088817	2.48124639353722	2.33032979715034	11.2876736650539	48.3199431843402	16.1747081539349	19.4060988059834	0	0	0	3	0	0	2.16953897296824	1.88085031930715	8.98434082757414	45.5690665733532	19.5520951797743	21.844108127023	2.1919964028777	3.28237410071942	11.0386690647482	51.5512589928058	10.6564748201439	21.279226618705	0.807043286867205	4.18195157740279	19.2956713132795	49.0829053558327	12.6192223037417	14.013206162876	1.77849636216653	0.161681487469685	1.77849636216653	34.9232012934519	52.5464834276475	8.81164106709782	0	34.8837209302326	2.32558139534884	62.7906976744186	0	0	2.51884093015758	2.86140329665901	11.4214323137065	47.7370733083464	15.9231048240841	19.5381453270463	3.04516656447987	2.24810954424688	5.49764970365829	37.8704271408134	35.152258328224	16.1863887185776	0	0	0	0	1	2.99051787016776	0.291757840991977	0.802334062727936	0.437636761487965	93.3625091174325	2.11524434719183	2.23723723723724	1.88188188188188	10.7607607607608	52.2072072072072	17.8728728728729	15.04004004004	2.58098392438808	2.96065918087083	11.6851118830277	47.346312303094	15.5909201066322	19.8360126019872	2.05010250512526	3.29516475823791	12.2106105305265	49.9974998749937	11.2755637781889	21.1710585529276
"MERGE_ISO_44_E1"	0.5	0.751879699248	76.0434542551445	16.8049482936147	7.1515974512408	20.7767683226027	0.00148692251646767	1.69657859128961	0.053529210592836	0.00520422880763683	52.1486030362958	3.11658959451623	0.000743461258233833	22.2004966321205	16.5444862542	16.2842486322	16.2767306588	15.279586136	15.3838487651	13.826952127	15.1675854518	15.1725038484	12.3634170236	15.6477429877	9.82419820273	7.3233679379	6.16130472246	10.9220268179	6.95423924113	5.15950952811	18.2800237626	5.48635683017	33.1265110878	1e-04	0.0201	0	0	0.2432	0	0	0.0173	0	0	0	0	0	0.004	0	7e-04	1e-04	0	0	0	3e-04	7e-04	0	0.0104	0	0	0	0	8.37688453041651	5.6039532686453	8.37442339518997	5.05621464056795	0.337827095905237	0.356735844043792	0.325980677677314	0.356991738391632	5.57952475887709	4.33725760734264	5.35076059016163	3.9192590386936	10.9123444151086	7.63028839664662	10.8953484277615	6.86838847184566	16.4918691739857	18.1090909090909	10.9445789865872	11.9675460039893	14.3098591549296	17.7844827586207	16.2461090179232	17.4978070175439	-2	10.7876475105393	22.9967989066	6.96935062205	21.3104777361	8.34323644345	11.1004534149	24.6138905873	10.3633783944	9.80247310101	13.8399838151	29.821242312	13.8333065682	18.3486653417	0.800822388521066	1.43566620924002	1.93513860644333	0.75122028366653	1.24746781676795	2.1288665310928	0.45001329911507	0.779585702149905	1.57551107781227	1.71848972792893	0.634873858059887	0.30452262234	5.15412228275	6.05659040475e-06	4.52491272178e-05	2e-04	0.0412	8e-04	0	0.06	0.0308	0	0	0	6e-04	0.0146	0.0144	0.0018	0	0	0	0.0094	4.46431652814	4.37196687993	4.37186311787	4.51549922932	1.83364306163529	2.8439626162447	11.9870648188572	52.7603166569434	14.4079681952177	16.1670446511017	1.70357220716933	2.37576172827971	11.8300165062755	54.365338897713	15.2672667061156	14.4580439544468	0.369490630773291	0.184745315386646	1.09087710037829	39.9137855194862	58.1068003870854	0.334301046890121	1.06674623748158	1.72040804908525	9.29113593554764	55.3663676544637	16.6846944294213	15.8706476940005	2.49412753279988	3.34396424956553	8.32649007887249	50.8355136260337	12.0161182514371	22.9837862612914	1.34464658085856	4.68109585101028	19.4722082404544	43.9490903861365	13.7197094988135	16.8332494427267	0.0178731009830206	0.142984807864164	32.9043789097408	65.8981233243968	0.32171581769437	0.714924039320822	0.10169060633024	0.381339773738401	1.28384390491928	92.5257404347273	4.75403584593873	0.953349434346002	1.68632532165448	2.52972704192625	11.7258657537783	53.9810569296161	14.9479089470388	15.129116005986	1.38011571739477	2.14236424438664	10.5642550029195	56.9860395987048	17.8852380699613	11.041987366633	0	0	0	0	100	1.02432778489117	0.192061459667093	12.6440460947503	50.9282970550576	28.6811779769526	6.53008962868118	1.77959124118021	2.44035894068724	11.6223201909348	55.2637338586124	15.0715484267684	13.822447341817	1.76107047143089	2.85977243898485	12.2516714194428	53.1315867278328	14.488178462771	15.5077204795376	2.20629652417307	3.26351638257494	10.7472464622131	50.1503505290432	13.0939279184034	20.5386621835923
"MERGE_ISO_45_E1"	0.25	0.501253132832	73.140615221682	14.5019977855871	12.3573869927309	33.5987910479983	0.00719614286742306	7.16975701024251	0.501331286430473	0.0383794286262563	36.8802321955432	2.18283000311833	0.00239871428914102	19.6190841708844	16.2061334727	15.9280683031	15.8524167987	14.5536027093	14.1719792439	12.3689974726	14.4831804281	14.1366093366	11.1564910734	14.5062935942	11.8618003783	7.35139553895	7.24610822832	13.3951137321	6.81408296087	7.76412776413	17.0266696055	6.12523049788	19.939913208	0	0.0022	0	0	0.0229	0	0	0.0012	0	0	0	0	0	0.0041	0	0	0	0	0	0	0	0.0041	0	0.003	0	0	0	0	7.8884846279789	5.39637360320472	7.99812651531849	5.07439328645951	0.32855012818881	0.366303647571839	0.333253997316283	0.366892874478912	5.06276150627615	4.26839553025511	5.25523473661009	3.99977319119982	10.3027105694015	7.41661395741092	10.4366321357725	6.97096847357678	15.3654720756776	-2	11.6465927099842	11.685009487666	-2	-2	15.6918668723826	14.6699029126214	-2	10.9707416647766	2.61575954509	2.99342428109	18.1686046512	1.63498098859	1.457675505	4.85783915516	5.69241338699	3.21292775665	2.76828582551	16.311941511	11.4828897338	9.90959816601	0.941864241636895	0.565302144249513	1.69072948328267	1.65638194218902	0.857699805068226	2.18465045592705	0.503410198116272	0.321637426900585	1.34878419452888	1.42975893599335	0.403320084171148	0.76421248835	0.535880708295	9.27307165113e-05	0.000316910447511	0	0.0036	0	0	0.0026	0.003	0	0	0	0	0.005	8e-04	0	0	0	0	0.0038	4.5047108512	4.5552844735	4.6511627907	4.4788973384	4.01144458717739	3.9180193857293	12.0460119117132	53.8479504846432	10.8723578185215	15.3042158122153	3.2060785767235	3.65085248332098	11.6938472942921	56.9032616753151	8.94180874722016	15.6041512231282	0	4	0	1	0	0	4.92839090143218	3.1592249368155	8.55096882898062	56.7818028643639	10.9519797809604	15.6276326874473	2.96791443850267	4.19786096256685	9.70588235294118	55.5614973262032	11.4705882352941	16.096256684492	2.02020202020202	6.22895622895623	22.5589225589226	45.2861952861953	12.4579124579125	11.4478114478114	0	0	0	0	0	1	86.1111111111111	11.1111111111111	0	2.77777777777778	0	0	4.2264565200345	4.12451972085	11.4718105543794	54.3479965498314	11.0954285266212	14.7337881282835	0.491400491400491	6.33906633906634	9.14004914004914	63.8329238329238	10.1228501228501	10.0737100737101	0	0	0	0	0	0	0	24.0506329113924	75.3164556962025	0	0.632911392405063	3.51553890235839	3.21798545294247	12.9490852986555	57.5380207185365	10.5466167070752	12.232752920432	4.32133408161629	4.04072797242043	11.6571795077367	54.8705203238996	10.0216467569951	15.0885913573318	3.01546678535663	4.0169133192389	12.3066651830422	52.5759430288194	12.4068098364304	15.6782018471125
"MERGE_ISO_45_G4"	1.25	6.87960687961	64.9646903419194	17.5887821978357	17.4465274602449	19.2612982052074	0.00112350082858186	4.33165744459737	0.0117967587001095	0.0550515406005112	42.5323708676235	3.14580232002921	0.000561750414290931	30.660337611999	16.7161005963	16.4194015239	16.3188995605	14.9925791444	14.8041499564	13.3666166702	15.1532267579	14.6036412982	11.5489670399	15.1679843055	10.5175335924	8.08805174175	7.66870095902	13.3276194558	7.71000471921	7.39568019903	21.0613467907	6.6584680253	28.9994849946	0	0.0109	0	0	0.0545	0	0	0.0173	0	0	0	0	0	0.0089	2e-04	9e-04	0	0	0	0	0	0.003	0	0.0072	0	0	0	0	8.13940620782726	5.27064930334214	8.58010976365407	4.70225170888621	0.313622175680604	0.350549662343344	0.308893366435847	0.344785568726853	4.98771929824561	4.07777069483654	5.21518987341772	3.60655408122236	10.7050607287449	7.32073581641016	11.1512348411083	6.51960193003619	15.6927800269906	-2	11.0468012022327	11.3985065112467	-2	16.6756756756757	16.366424714526	14.52331002331	-2	10.1261560112585	6.41397724634	7.23062200957	11.6279069767	2.26783517835	4.16348046792	10.5003482703	10.3732057416	3.79766297663	6.25742316516	20.1996749478	8.93296432964	13.6000520638	0.342346524312406	0.346033918929196	0.638068880688807	0.406173842404549	0.520952163662636	0.960947109471095	0.139259603110131	0.171115674195756	0.499692496924969	0.528036208197133	0.160242339099131	1.20696798833	2.46077354038	3.57131538015e-05	0.000162474511532	0	0.0056	0	0	0.006	0.0284	0	0	0	0	0.0042	0.007	0	0	0	0	0.0076	4.44510213556	4.45702441622	4.61223458038	4.52775215252	2.18767729490525	4.43435833427891	10.5344377623965	55.5247929195507	11.6872801543175	15.6314535345512	1.89363557105493	5.26591107236269	8.90671316477768	58.1586748038361	11.5571054925894	14.2179598953793	0	17.3913043478261	0	82.6086956521739	0	0	2.4926790943504	4.38540104278266	7.7423041211342	55.4031854867509	11.8134418970074	18.1629883579744	2.90730180029073	4.11495024041149	10.3432852510343	52.8122553952812	10.2985575310299	19.5236497819524	1.83779464642429	5.15381542149421	24.6104674390731	44.067119456652	11.2265281662006	13.1042748701558	0	0	0	0.272479564032698	99.7275204359673	0	0	57.9310344827586	0	29.6551724137931	10.3448275862069	2.06896551724138	2.38614912694667	3.6101934874941	10.1728409627183	56.5154554034922	12.2433931099575	15.0719679093912	4.05970824380866	7.94979079497908	6.25353386859663	61.5515096686645	9.52165554676015	10.663801877191	0	0	0	0	0	0	0	0	4	0	0	2.18025548020817	3.21321558113862	10.2152657309573	59.9156284497713	11.1772591073963	13.2983756505283	2.20484891075193	4.61759194190677	10.049191848208	56.9981260248302	11.2174982431483	14.9127430311548	2.42052530549183	4.09195187040592	12.8798164708086	50.6905754014701	11.8029870312281	18.1141439205955
"MERGE_ISO_48_B7"	0.5	1.00250626566	24.8143591871823	28.0024900324594	47.1831507803584	8.22312949321026	0.00147924617614863	11.7097127303926	0.106505724682702	0.00739623088074317	14.0809443507589	2.34312594301944	0.00147924617614863	63.5262270347031	16.5477949283	16.4713312938	16.3053784141	15.8795223859	16.0394971735	14.3712024644	15.7678074843	15.1473913306	13.2830224277	16.2301039654	11.2746836852	7.08902454306	6.15144302291	11.7325260251	6.74418095426	6.38413638837	16.0837676579	5.51798693532	26.8301732774	0	0.0059	0	0	0.1188	0	0	0.0126	0	0	0	0	0	0.0208	0	6e-04	0	0	0	0	0	6e-04	0	0.0172	0	0	0	0	8.8786741713571	5.9229088426084	8.38617240563647	5.43299778682088	0.332326644697695	0.358829821641198	0.344409672818744	0.348056938511151	5.80988117573483	4.61440764766132	5.88649342749975	4.19611622760049	11.4679060776622	8.0165244110618	10.8516541073903	7.33012065395874	17.277787253397	-2	11.2525750111957	12.6309320587231	-2	26.7777777777778	16.73814753489	17.0081821415866	-2	11.5262368815592	3.95835203303	6.52408727587	25.8374519495	2.1166354316	3.07193578265	7.36468898663	11.2173255563	4.32697607761	5.26040800817	23.9745085719	14.2872891633	15.9391550099	0.784964564456805	0.497900742814081	1.01962081128748	1.15277653180228	0.974270642695662	1.5597442680776	0.520319368439939	0.312197222521262	0.89836860670194	0.997529925897777	0.400430502358267	0.861885356468	1.75500873245	2.80766984428e-05	0.000204720426601	0	0.008	0	0	0.0222	0.0168	0	0	0	0	0.0124	0.0096	0	0	0	0	0.015	4.51256168686	4.58210642478	4.50686436024	4.58173500882	3.54451227153112	2.75147240471886	11.4999731476343	49.4011922450368	11.6378152915272	21.1650346395517	3.78359615193891	2.66289794703957	9.99454527422394	49.7942080729941	12.2086680551423	21.5560844986611	0	0	0.591715976331361	66.8639053254438	25.4437869822485	7.10059171597633	6.58062460165711	1.98640322923306	8.59889526237519	45.8253664754621	13.2302953048651	23.7784151264075	2.51691698300049	2.80574352203334	10.0264069978544	52.541673543489	10.892886614953	21.2163723386697	1.1437908496732	6.29084967320261	21.8137254901961	41.2173202614379	13.0718954248366	16.4624183006536	0	0	0	95.8333333333333	0	4.16666666666667	0	16.1054172767204	6.44216691068814	13.1771595900439	2.92825768667643	61.3469985358712	4.06183625654164	2.16339311130088	11.9928178852175	49.6157130657558	11.0074667717708	21.1587729094134	6.92219333776676	1.49930475787437	9.60038691735687	46.2668520645668	8.63913910888096	27.0721238135542	0	0	0	0	0	0	0	0.943396226415094	35.8490566037736	0.943396226415094	62.2641509433962	3.66955168266396	2.68141405089263	10.8836638917058	52.3194113624036	11.2963705398203	19.1495884725137	3.79749746986843	2.75324316864477	11.2659858312632	49.1259545496366	11.4108933664551	21.6464256141319	2.45630959890171	3.09450484212089	12.1516826833884	50.5138955882899	11.7991911246336	19.9844161626656
"MERGE_ISO_50_H1"	0.5	5.01253132832	67.5187254213821	22.566175975693	9.91509860292492	32.7230091883614	0.016271056661562	3.3197741194487	0.00382848392036753	0.0751339969372129	32.6014548238897	2.13677258805513	0	29.1237557427259	17.4216138962	16.7209441633	17.14316609	17.2818987488	17.3121489756	17.4762614694	17.1983970921	17.521487697	16.3924405741	17.3038661248	14.7022849256	2.68240205935	2.28734586301	2.46533754388	2.50789536408	1.65693389273	5.08804301542	2.34599864042	15.0130348106	0.0015	0.0105	0	0	0.233	5e-04	0	0.0055	0	0	0	0	0	0.0197	0	0	0.002	0	0	0	0	0.0085	0	0.0146	0	0	0	0	9.5165733278696	7.2905548065427	9.30892037786775	6.84309578045341	0.330965681517159	0.344569251019573	0.322635126788193	0.345019609461803	6.20903337431134	5.19862125104932	5.82488529014845	4.92935784792277	12.7654464326367	9.95937523848287	12.3084075573549	9.38602342987309	18.9744798069481	-2	18.8020097772949	15.1579964895322	18.1587301587302	17.929203539823	18.1332928475034	17.0727657004831	-2	14.3153812777959	22.5222151575	23.3153829802	12.6500666963	13.9104920257	11.544294124	26.5992587194	35.8038687735	23.1436639271	20.8632349019	36.5584727758	43.1165307378	37.9325030548	0.484610144299251	0.374054984326569	0.793275296492556	0.396358456679259	0.41620202481407	0.862667171334847	0.21211370533226	0.223906152589848	0.673416603583144	0.716872150469852	0.223797905033269	1.12240538848	6.43071575288	1.69109491405e-05	0.000136555745985	0	0.0388	0.0166	4e-04	0.0424	0.0146	0	0	0.2356	2e-04	0.0394	0.0254	0.2472	0.0168	0	0.086	0.0312	4.33842842099	4.33035620192	4.5432318293	4.13791580574	2.75988371348437	2.26873967444898	8.45702649744503	50.0589116709143	12.9784972401163	23.476941203591	2.82702143014025	1.68805497160428	7.45583759530608	50.2886636754416	12.9443694895046	24.7960528380032	0	0	0.946487076811067	6.84382963232617	0.618856934838005	91.5908263560247	0.84707859534039	1.00023040537793	5.46738408576501	47.3401732106312	12.8417115053603	32.5034221975252	2.07917753567592	2.53183980359061	9.05324535829369	46.677919288016	11.423968083474	28.2338499309498	1.30718954248366	4.45632798573975	16.2804515745692	46.3458110516934	13.6066547831254	18.0035650623886	0	1.07896454209267	6.0169675875571	64.0548183597999	21.3748096584729	7.47443985207744	9.42344715776674	1.61110548181173	13.9933123923397	72.7125341979937	1.77322930388084	0.486371466207316	2.76784650220474	2.09301632701704	8.08902395423668	50.9928792754141	12.9737218448338	23.0835120962936	2.40531806327248	0.670427486109536	6.65041387912462	49.6385644630911	13.2016101598821	27.4336659485202	0	0	0	0	0	7.13984962406015	0.156390977443609	3.44661654135338	41.184962406015	25.4315789473684	22.6406015037594	2.87465246178123	1.60556395120689	7.22462031710514	51.5049552896778	13.1868315368495	23.6033764433794	2.78279986693473	2.18906839844371	8.10468765819581	50.1764561246185	12.8075326516149	23.9394553001924	2.31559576752032	2.82472013494863	10.5934672596228	48.0171752798651	13.1145529826714	23.1344885753719
"MERGE_ISO_10_E4"	0.75	2.50626566416	70.4915480427046	20.8807829181495	8.62766903914591	30.9556510566656	0.00443046386956714	6.39758982765496	0.323423862478401	0.0398741748261043	36.7994329006247	2.39023525763147	0.00221523193478357	23.0871472243144	16.2705552809	16.2955034503	16.1304283275	14.9964126752	14.9391414141	13.3331508563	14.7912111216	14.29052342	12.5646051631	14.9862505826	12.4046665806	6.26951438252	6.08815426997	10.8078517244	6.09095193214	6.2549771954	13.7804515255	5.43197322147	19.9535063929	0	0.0123	1e-04	0	0.1257	2e-04	0	0.0269	0	0	0	0	0	0.0107	0	8e-04	1e-04	0	0	0	0	0.0011	0	0.017	0	0	0	0	8.12005946135012	5.95003535234504	7.76125382983738	5.61651789583153	0.340668552461641	0.372573498992322	0.348116749313198	0.368956859826344	5.48745190626093	4.78497918139681	5.46154450467437	4.52162232429153	10.6773347324239	8.09435148087045	10.1990729829523	7.62215096628824	16.1647866386849	27.0909090909091	12.312	12.8793306622673	14.4054054054054	-2	15.6606174876267	14.7792596624932	-2	12.1437732905798	1.96783538108	3.85282340701	7.48823277706	1.40482020879	1.6596628736	3.71924216695	5.81391682694	2.61631653564	2.83181453326	10.5450670929	9.08622245135	7.56763775438	2.89888837116421	2.83128554818842	3.83921669672765	2.21660121147574	2.01426641108632	3.69750064416388	1.4710776808893	1.34493919492191	2.78278794125225	3.14333148865523	1.46725676993474	0.968323607502	0.518237707828	3.42576675938e-05	0.000106104234999	0	0.0122	0.0062	0	0.0166	0.0218	0	0	0.028	0	0.0106	0.01	0.005	0	0	0	0.0114	4.29271540818	4.34651287048	4.17197860963	4.41301546392	3.4594433003388	3.09074603069156	15.9934896698333	53.3382050089683	12.6619278549126	11.4561881352554	3.4228650137741	2.95454545454545	15.4247015610652	54.880624426079	12.7662993572084	10.5509641873278	0	0	0	97.0588235294118	0	2.94117647058824	1.14178462500978	2.59638695550168	15.9771643074998	54.8213028857433	12.8724485805897	12.5909126456557	2.68014576231339	4.36111437639591	13.5182790643	52.3098624662043	10.544257670154	16.5863406606324	2.2196261682243	5.60747663551402	25.8177570093458	42.9906542056075	11.1565420560748	12.2079439252336	0	5.17711171662125	4.35967302452316	58.0381471389646	13.0790190735695	19.3460490463215	0	1.17647058823529	0	94.1176470588235	0	4.70588235294118	3.43072573044298	3.18331762488219	15.9967012252592	54.672478793591	12.7403393025448	9.97643732327992	2.47592847317744	2.16462752479548	18.6346195612829	54.1084485629479	13.4728154636936	9.14356041410266	0	0	1	0	0	0	17.351598173516	4.79452054794521	49.0867579908676	9.58904109589041	19.1780821917808	3.0872971275576	2.77658414041583	15.267907314977	57.9611939311804	12.0946682973589	8.81234918851023	3.54857845006568	3.12698614465489	16.2853268929283	53.7625524342189	12.5333672302021	10.7431888479302	2.90154548194068	3.66782900684489	15.2180464075079	51.3366912049593	12.0366782900684	14.8392096086788
"MERGE_ISO_1_H5"	1.5	1.49253731343	67.4539955207684	20.5859943201496	11.960010159082	32.1187241991652	0.0645741565000807	2.19321510112774	0.0207559788750259	0.00230621987500288	32.9720255529162	2.31083231475289	0	30.3175664767879	16.2918065576	16.6569733628	16.3411031305	13.728934724	13.7273396386	11.8512769705	13.2066099425	12.4601082608	11.1412838719	13.7335887424	10.5458143075	14.7076057659	13.9734295072	22.6221928666	16.4815252501	18.9927041657	26.8801622953	14.2893980697	31.902587519	0	0.006	0	0	0.1901	0.0021	0	0.0104	0	0	0	0	0	0.0544	0	1e-04	0	0	0	0	0	0	0	0.0087	0	0	0	0	8.08162501870417	5.3327239488117	6.91397063303479	4.60658692446338	0.329623215590079	0.341612079748361	0.318308631459535	0.332259725445464	5.33570252880443	3.97972411500748	4.62791689514409	3.39439619859086	10.4885530450397	7.22735582516204	9.06385182477305	6.2254628871047	15.8242555738441	-2	9.9340770791075	11.2070799401695	-2	-2	13.6917687199171	14.3172413793103	-2	9.61985908569556	4.17351098132	4.09252669039	27.2808586762	6.69893020886	2.22263344025	7.06333272495	7.72880737294	10.226693836	4.13274117937	20.0949078299	22.0708099847	14.8059050909	0.632680374741453	0.595481612800582	1.5404201145767	0.632680374741453	0.495477067139415	1.87141947803947	0.365007908504684	0.363652893313332	1.33672819859962	1.38827677390921	0.43230944254835	0.831554386139	0.913468698804	5.84468187316e-05	0.000302942249171	0	0.0188	0	0	0.028	0.017	0	0	0	0	0.0448	0.0198	0	0	0	0	0.0118	4.38009490206	4.52911495977	4.76118067979	4.59404049408	2.24715809211297	2.95031055900621	10.4535333411461	46.7625688503457	12.0502754013829	25.5361537560061	2.50616420711736	2.71961137894233	10.274905236816	48.4819489934862	12.011923600633	24.0054465830052	0	0	0	0	0	0	1.16688683399384	3.06032584764421	7.95904887714663	49.592690444738	9.61030383091149	28.6107441655658	2.94117647058824	4.06162464985994	9.4437775110044	51.8407362945178	11.4245698279312	20.2881152460984	1.3840830449827	4.67128027681661	24.3944636678201	44.2041522491349	12.4567474048443	12.8892733564014	0	65.1162790697674	0	0.581395348837209	34.3023255813954	0	0	1	0	10	0	0	2.3950208776491	2.84802647128338	10.3836760419129	46.0450642086189	11.7702670763413	26.5579453241944	1.31795716639209	1.10614262179336	10.2377029889386	54.1539185690751	11.9557542951283	21.2285243586726	0	0	0	0	0	0	0	0.613496932515337	62.5766871165644	0	36.8098159509202	2.27503260397044	2.35714630729846	10.1193063807178	51.5722359078394	12.3218857170458	21.354393083128	2.21395417372725	3.12384881750534	9.82465188241362	46.8761511824947	11.835997937081	26.1253960067782	2.50380517503805	3.16590563165906	12.5951293759513	48.234398782344	12.2907153729072	21.2100456621005
"MERGE_ISO_6_G1"	2.75	9.92736077482	73.8965618162307	18.3281535266818	7.77528465708751	29.8983550481805	0.0125144263526009	3.5652210186743	0.00139049181695566	0.0889914762851621	41.4074558171225	2.51679018868974	0.00278098363391131	22.5065005492443	17.0240027629	16.616362054	16.1989307195	17.4692034725	17.6062776099	16.1863247863	17.4941020653	16.1550951169	15.1113420633	17.4472992485	14.1932343636	3.73550472087	3.94326900721	8.47863247863	3.67534456355	5.46467951048	10.1642070256	3.57261856281	16.0988074957	0	0.0091	0	0	0.412	3e-04	0	0.0309	0	0	0	0	0	0.0461	0	0.0013	0	0	0	0	0	4e-04	0	0.0226	0	0	0	0	8.7742107130188	6.22398909586552	9.68380655226209	5.79082255308762	0.295990281307631	0.340268116549281	0.335930216953593	0.334952307588616	5.31429584959205	4.45161290322581	6.31344773790952	4.13400048816207	11.7350124157503	8.37119491140391	12.5703588143526	7.79106663412253	17.0493082653423	-2	12.1376146788991	12.8228078146297	-2	19.7179487179487	18.8838065522621	17.8468468468468	-2	11.9250671222846	18.4471078687	17.9592007008	15.7229246839	8.32204373911	11.958039	26.2441375717	23.6577531184	11.5734468744	16.6871113743	44.1701406983	27.3466227985	30.1277441733	0.462420216230298	0.462134143802823	1.31604412618541	0.827146020580956	0.832674132978059	1.8772982388233	0.175849941383353	0.112411007952038	0.987033094639056	1.15616621983914	0.140405238567867	5.73675097221	3.30125748673	8.76559336919e-05	0.000385161105331	0	0.042	0	0	0.0672	0.0524	0	0	0	0	0.0862	0.0076	0	0	0	0	0.0218	4.28676566367	4.23334443704	4.30917078528	4.30443197213	2.20518344845067	4.73670870033585	9.57797351245168	52.5283568848615	13.3641721056967	17.5876053482035	2.15298767728435	5.40339455940479	9.49546617065799	54.7965589397814	14.4989537316903	13.6526389211811	0	0	0	100	0	0	0.603988603988604	7.72649572649573	6.25641025641026	53.2079772079772	20.0911680911681	12.1139601139601	1.92793931731985	3.8558786346397	9.67130214917826	52.4968394437421	12.6422250316056	19.4058154235145	0.397614314115308	7.75347912524851	19.6819085487078	42.1471172962227	16.10337972167	13.9165009940358	0	0	0	14	0	0	33.5820895522388	34.3283582089552	0	32.089552238806	0	0	1.51897686354042	4.92529282728364	8.26538636645834	53.9505815156657	14.1177931377013	17.2219692893506	0.484672240397431	9.74191203198837	4.67708711983521	44.347509996365	21.5921483097056	19.1566703017085	0	0	0	0	0	0	0	0.794438927507448	0.297914597815293	98.9076464746773	0	0.720570913877919	5.17563916025774	8.00249428393265	54.8188179865586	16.6424166839881	14.640060971385	2.22501943652586	4.94983525230462	9.53685535522565	52.9895227870127	13.5130132168376	16.7857539520936	1.92260890727671	3.88172304697007	10.3674860063276	50.3650523241665	12.7646629350207	20.6984667802385
"MERGE_ISO_12_G7"	0.25	1.00250626566	74.3829654517359	18.5188335530699	7.09820099519415	35.5909638127611	0.00141633028822321	3.79859783301466	0.0127469725940089	0.0297429360526875	36.446427306848	2.28595708519227	0	21.8341477232491	16.7704629284	16.8600692902	16.001558736	13.748106574	13.6814130916	12.3650572793	13.4921257326	12.993177942	11.9374477588	13.6685149238	11.4344639546	7.27235039941	6.93498452012	12.2350540327	7.36387852957	7.87663445139	13.4286462817	6.80459725933	20.314101865	0	2e-04	0	0	0.0505	0	0	0.0043	0	0	1e-04	0	0	0.0018	0	2e-04	0	0	0	0	0	0.0011	0	0.005	0	0	0	0	7.80946256937864	5.60157243989169	7.34267567102217	5.31689558166474	0.315526564885395	0.347109583704699	0.314597690503886	0.34389437028052	4.79597039844772	4.15822268619711	4.52153201584052	3.94866788019196	10.2540273453364	7.73493622157701	9.65701823190679	7.33619063379116	15.0499977437841	10.5	10.0646045418951	11.8931589077741	19.7096774193548	13.2830188679245	14.1785502477473	13.3093906810036	-2	11.2848585139831	5.21885211099	3.15879163439	7.63532763533	2.25801273476	2.19127755392	8.15964850745	4.67389620449	3.45122799508	3.68452239867	16.2214550758	8.50500294291	8.74911116378	2.59088392692379	2.21952007880682	2.98136313805182	2.13877099095774	1.87474026073974	2.96264606005508	1.43568924155748	1.2421308624113	1.97064092622797	2.10358370152185	1.42053885201093	0.734455362325	1.16272088695	1.64506181575e-05	6.2829846504e-05	0	0.0038	0	0	0.0068	0.0052	0	0	0	0.0028	0.0032	0.0034	0	0	0	0	0.003	4.10119223387	4.10175778845	4.10541310541	4.19514412535	3.03506226382002	5.25535341295024	11.4562239903057	51.5003906436851	11.7488081381444	17.0041615510946	3.25298540468819	5.89451570101725	10.8867757629368	52.6360017691287	11.87527642636	15.4544449358691	0	0	1.5625	28.90625	0	69.53125	6.07578498214369	6.966281712351	8.56175502063912	49.3947405036872	11.9335837855387	17.0678539956403	2.82371734636347	4.72185679383575	9.9511370043225	54.073482428115	11.7928960721669	16.6369103551964	1.12888052681091	6.42834744433992	22.0758858576356	44.967074317968	13.1075572279712	12.2922546252744	0	0	20.1149425287356	40.2298850574713	5.17241379310345	34.4827586206897	0	25.4545454545455	0	45.4545454545455	17.2727272727273	11.8181818181818	3.1976558337773	4.74587107085775	11.4842834310069	51.1987213638785	11.8529568460309	17.5205114544486	5.16486640136441	4.86924388857305	10.793064241046	50.380898237635	12.2427515633883	16.5491756679932	0	0	5	0	0	0	0	4.46428571428571	71.4285714285714	11.6071428571429	12.5	3.60542435470389	5.0675549234627	10.0602567461357	55.3763239642202	12.2759085295108	13.6145314819666	3.13082585381792	5.40735330860449	11.3441986508043	51.953643020507	11.4460610020949	16.7179181641714	2.58697786018104	4.74424691896608	11.7504635183771	51.2116915694187	12.5509870214854	17.1556331115716
"MERGE_ISO_17_H7"	1	8.14814814815	63.7650310372112	19.7913764473816	16.4435925154072	29.3838335538826	0.00889610461819031	6.68875865980184	0.0144561700045593	0.00778409154091652	29.7485738432284	4.63931855838625	0.00111201307727379	29.50726700546	16.5896195949	17.3781927283	16.2373308393	13.4050624702	13.2904861361	11.1790057185	13.1763433922	11.9240714678	12.0704853703	13.4163725206	10.6370588095	10.4598439868	10.3442563918	17.7625380688	10.8597160823	15.9538178956	14.7050924337	10.020941443	24.7233971372	8e-04	0.0016	0	0	0.1793	1e-04	0	6e-04	0	0	0	0	0	0.0099	0	1e-04	0	0	0	0	0	0.0012	0	0.0281	0	1e-04	0	0	7.85597483189573	5.70677752367111	7.22618604715252	5.42360127665871	0.320626377433401	0.333555467148717	0.306443647079759	0.326323274664405	5.03474442965549	4.0811763951525	4.45968886500489	3.85398744478028	10.272337556827	7.75285870006626	9.43060091218497	7.34890406036651	15.3070819864825	13.6666666666667	9.89080882352941	11.8340350952188	-2	22.0384615384615	13.8902897771899	13.2965470548409	-2	11.2028915051468	4.20949317048	17.7749780314	11.6118330108	15.8923006344	11.4987101745	7.09261430246	21.7325018792	17.8159555788	13.6897383497	17.4732135554	24.7702213152	19.4880900533	1.13535689460126	1.16264375078984	1.45211806763896	1.31935831209366	1.59336956063861	1.92824828371666	0.637871580640325	0.784573907915245	1.11360688411528	1.21810526946646	0.733186424713208	0.729998606085	6.37742063717	1.50269741656e-05	9.25492119737e-05	0	0.0624	0	0	0.0614	0.0218	0	0	0	0	0.2378	0.1196	0	0	0	0	0.2594	4.29460354675	4.19420778263	4.34254907382	4.28043089675	1.7093059592809	2.81012494030106	9.43567549719636	46.9030253359355	22.0830065860461	17.0588616812401	1.63557796182931	2.85992077781779	8.47749369823551	48.3716240547353	24.1065898451566	14.5487936622254	0.0580720092915215	0	0.232288037166086	25.6678281068525	60.2787456445993	13.7630662020906	0.788764488069937	2.37943953901098	5.81932911198265	35.5469862623518	39.7142919743213	15.7511886242633	2.07607502505608	3.25967641865127	10.1035651219396	47.0052021190283	13.2964253328879	24.2590559824369	1.04928457869634	4.26073131955485	17.6788553259141	41.7488076311606	16.724960254372	18.5373608903021	0	0	1.92307692307692	96.1538461538462	0	1.92307692307692	0	6.54875717017208	0.382409177820268	91.0611854684512	0.0478011472275335	1.95984703632887	1.60630440154864	2.65314808204509	9.14495181086795	46.0727916746753	23.3559405804662	17.1668634503968	0.670308437298729	0.901696047327115	4.08387204503709	37.5181889744997	41.8072087975001	15.0187256983373	0	0	0	0	0	0.735228189724738	0.0268985923070026	3.90029588451538	16.0136286201022	75.8988612929257	3.425087420425	1.43387893346861	2.7185509019561	8.92556064517092	47.5112278241148	23.8589397353068	15.5518419599827	1.66016911203013	2.81985090746253	9.42364934278113	46.9114664278376	22.4218317835787	16.7630324263098	2.02165029751237	3.10894448825483	10.4332449160035	46.5361913637776	16.0513298444333	21.8486390900184
"MERGE_ISO_22_A7"	0.5	2.98507462687	67.7880051182565	17.8602385767945	14.351756304949	21.7113753054556	0.00549133741522748	5.24285439718844	0.122182257488811	0.00823700612284122	42.6608275445485	3.3181406331512	0	26.9308915186294	16.6681925533	16.9736449462	16.5612003737	9.79951314508	9.96126466939	8.55939915671	9.56917469542	9.32165138016	8.1012864367	9.94386044021	6.85848785809	23.3001273313	21.7117172087	28.0604356992	23.5348592207	23.4200906245	31.8578140705	21.5577412658	42.8712899707	0	0.002	0	0	0.0579	0	0	0.0017	0	0	0	0	0	0.0081	0	2e-04	0	0	0	0	0	0.0048	0	0.0091	0	0	0	0	7.14445222038427	4.47360573338785	5.2946686611383	3.97740963855422	0.289490357561046	0.323522295115839	0.302875112791172	0.325342482968878	3.80321923908894	2.97361775811068	3.03668472341229	2.62951807228916	9.08000381727955	6.04451552391717	6.90500602698346	5.35346856174699	12.8832230563685	-2	7.56510836467849	9.01813328202785	11.0526315789474	17.6626506024096	9.94169075039575	11.0471459185661	-2	7.98298663403614	6.28388309279	2.9041795311	9.37260315999	2.49551377732	2.13865835957	10.0402380551	4.67592542084	4.27826320291	3.35337772998	23.5910657061	10.7837053684	8.9920095673	1.07332803889009	1.22635241839746	1.49036043587594	0.996317955382283	1.22417417253885	1.60435875943001	0.579982191418189	0.831000795059738	1.15674769488684	1.18210673074071	0.767462447883945	0.734137686302	0.985663591199	1.15868712922e-05	8.04645919313e-05	0	0.005	0	0	0.0112	0.0038	0	0	0	0	0.0056	0.0044	0	0	0	0	0.0116	4.16641794637	4.26556219978	4.25453990539	4.26249161636	1.54070856115647	2.76683394502284	9.57006965770354	47.0196988989589	13.2252265747884	25.8774623623699	1.52439644476987	2.15998535603148	9.46671547989505	48.1634022820184	13.2873675432709	25.3981328940143	0	0	0	31.6363636363636	68.3636363636364	0	1.84118060435699	2.33485593815882	7.55621925509487	44.1795502459592	13.0375966268447	31.0505973295854	2.36111943429017	2.96338467070174	7.43692694912207	49.4456762749446	12.6086174866663	25.1842751842752	1.50416621577751	5.31327778378963	18.4612054972406	41.3158749053133	16.1995455037334	17.2059300941457	0	0	0	84.7533632286996	15.2466367713004	0	0	1.4336917562724	0.716845878136201	87.0967741935484	9.67741935483871	1.0752688172043	1.50974494910877	2.79009702468947	9.23348796112216	47.0272382797234	13.1331668110992	26.306264974257	1.54105465928245	2.40789790512882	7.47761749447278	43.6354880371254	13.4535822953834	31.4843596086071	0	0	0	0	1	0.970873786407767	0	0.485436893203884	2.42718446601942	96.1165048543689	0	1.7648571361784	2.68040112514512	9.37906637888717	48.7529122090713	13.4697948402278	23.9529683104902	1.47488468656352	2.71303628967863	9.39980648009845	47.2592509088859	12.7056148953959	26.4474067393775	2.02939319134279	3.28090016648487	9.9876571559791	47.0592456513003	14.1182042597164	23.5245995751765
"MERGE_ISO_27_D7"	0.5	1.25313283208	72.1353364382668	17.2505028904877	10.6141606712455	38.75300540521	0.00180776253231376	3.06596525480413	0.0759260263571777	0.0614639260986677	32.0353598351321	1.2491639098288	0.00180776253231376	24.7555001175046	15.6381251353	15.5261124624	15.5429638854	19.0833956619	19.4179036656	18.4101732951	19.1148700674	19.2379469559	17.1011989554	19.3669440592	14.5842684954	3.76963350785	2.80723013228	4.66276025433	3.35899903754	2.51261677225	8.50546058879	2.72306981045	17.684954281	0	0.0072	0	0	0.2953	2e-04	0	0.0174	0	0	0	0	0	0.0047	0	0.0012	0	0	0	0	0	0.0033	0	0.0226	0	0	0	0	10.1843265860002	7.07416146974549	9.32104832104832	6.72553045859001	0.343881077620867	0.383915566167547	0.347609348059679	0.379095611841397	7.01176071468958	6.00168548794876	6.90633608815427	5.72604380561259	13.3380074635305	9.34940165177819	12.6966718784901	8.85746064339494	20.3497681782201	-2	12.9070247933884	15.3510871397269	-2	-2	19.6030079666443	18.255601659751	-2	14.5835044490075	11.4678899083	22.455423477	23.1145251397	27.2249134948	18.2119297464	16.6379969419	27.7426944032	29.2041522491	21.4629665711	33.1422018349	37.0519031142	33.3815793136	0.764452938365982	0.690462980087541	1.38350857775318	1.0606784519828	0.795265396707971	1.63254012174875	0.554228380315337	0.554836323284631	1.13447703375761	1.19230769230769	0.597482039974394	1.41101938952	11.8352850835	6.55559406264e-05	0.000484099140028	0	0.0714	0	0	0.0608	0.0348	0	0	0	0	0.0654	0.0138	0	0	0	0	0.0226	4.27768752986	4.49078355219	3.86452513966	4.54096318849	3.16379955123411	3.52281226626776	10.6133133881825	50.4824233358265	20.9910246821242	11.226626776365	2.51438957891548	2.85267090780572	9.49207310915884	50.641219832374	23.4221952943552	11.0774512773907	0	0	0	12	0	0	1.7080164568009	0.935045505547937	5.23625483106844	49.6571499812991	33.9234509412791	8.54008228400449	3.05049987182774	4.92181491925147	11.4073314534735	55.421686746988	10.2281466290695	14.9705203793899	2.12071778140294	7.99347471451876	28.5481239804241	41.2724306688418	9.9510603588907	10.1141924959217	3.21637426900585	0.0730994152046784	0.219298245614035	95.1754385964912	1.31578947368421	0	0	0.199282582702272	0.0797130330809087	0.63770426464727	94.4998007174173	4.58349940215225	3.35899903753609	3.38306063522618	10.3849855630414	50.2261790182868	23.614051973051	9.03272377285852	2.69515730699023	1.20261999355739	7.01170406958016	44.5184151186513	35.6920433802212	8.88006013099968	0	0	0	0	0	0	0	0	0	100	0	2.78371320037987	1.92307692307692	9.72222222222222	50.79534662868	25.5816714150047	9.19396961063628	3.10679611650485	3.38881183541378	9.75959315765141	50.4808136846972	22.4549237170596	10.8090614886731	3.17955112219451	4.67581047381546	13.9962593516209	51.9014962593516	12.6350789692436	13.6118038237739
"MERGE_ISO_7_B4"	0.75	1.98511166253	79.8039339301475	13.8538645820199	6.34220148783256	29.2815766276288	0.0188893086513034	2.85543382445536	0.0409268354111573	0.0629643621710112	48.2810729127314	2.14078831381438	0	17.3183478151366	15.9615054379	17.4360069163	16.0435550324	15.5376040915	16.9573398075	20.4912356633	15.5749717195	16.5245885483	16.2742512116	15.5841205514	14.2140092303	7.21045614495	3.56802219717	5.51828608526	7.61877828054	6.33684832956	8.32605068722	7.18913210993	11.8058657139	1e-04	0.001	1e-04	0	1.2451	4e-04	0	0.0119	0	0	0	0	0	0.0073	0	0.0037	0.0063	0	2e-04	0	0	0.0011	0	0.1539	0	0	0	0	8.80258595781566	6.12354605469978	8.12644132332339	5.60719974514176	0.320535239983871	0.330599462693776	0.318576860518893	0.324343914054383	5.54825195030338	4.06507387613958	5.06117317432379	3.74769034724435	11.7713088702687	8.20213769254951	10.723553288552	7.48773494743549	17.3195608205721	-2	13.5405405405405	12.2672115686891	13.6875	20.7857142857143	15.7847264628758	12.5237580993521	-2	11.2354252946798	27.7237557507	12.9970384037	18.8903225806	10.184735051	13.3843877817	33.2392304475	17.3738894014	15.2406417112	18.0039451165	43.6062317022	31.5021876519	27.3619934441	0.219160926737633	0.234327817369247	0.412922030604809	0.527029847630975	0.799613479888875	0.60723828030119	0.114798580672094	0.147360792366228	0.340053436968667	0.423539901917075	0.178222731922016	2.22804447837	6.04047614136	6.29954565576e-05	0.000312460895784	0	0.047	0	0	0.6668	0.0522	0	0	0	0	0.0478	0.0212	0	0	0	0	0.095	4.39012680687	4.40861539948	3.94715132766	4.62220602527	2.16379253819422	2.22936200904859	12.8516162874566	48.7115598977116	13.7062050575919	20.3374642099972	1.87722188502558	1.69080031214775	14.6275903927859	53.2732159889014	16.6088615277898	11.9223098933495	0	0	0	14	0	0	1.42826228089158	0.389526076606795	8.89417874918849	71.1101493183294	10.4306427180264	7.74724085695737	4.47019867549669	1.77980132450331	7.98841059602649	54.5115894039735	10.9685430463576	20.2814569536424	0.657894736842105	8.55263157894737	17.7631578947368	45.3947368421053	12.5	15.1315789473684	0	0	1.46067415730337	70.0280898876404	27.6404494382022	0.870786516853933	0	26.5060240963855	0	7.2289156626506	55.421686746988	10.8433734939759	1.82975113122172	1.84671945701357	13.1843891402715	49.4796380090498	13.9281674208145	19.731334841629	1.36000788410368	1.82319897506652	21.4841825170001	41.1254557997438	21.3954863506455	12.8116684734404	0	0	0	0	0	50.6329113924051	0	0	11.3924050632911	37.9746835443038	0	1.42210216890443	0.484626996107095	17.2400095336458	56.0181139270676	15.4445062365933	9.39064113768173	2.31741773452439	2.08339279089015	13.4535802962413	49.7987956277291	13.7675161962385	18.5792973543766	2.14381420276909	2.6723239541462	10.5180884323359	46.8438290903677	13.0266488015483	24.7952955188328
"MERGE_ISO_18_B5"	0.75	1.69491525424	85.9933067912988	12.4776412209336	1.52905198776758	44.6853327219579	0.00573164440878088	0.823923883762251	0.0243594887373187	0.0501518885768327	40.7749183240672	0.540207485527598	0.00143291110219522	13.0939416518599	16.4423198151	16.5554343434	16.0236039924	14.9620618081	14.9672832867	13.3684996533	14.5893281807	14.3716027619	12.3863595465	15.0338515845	10.781548101	7.40643120717	6.78425467843	9.82452397461	7.30847630372	5.090348171	15.4519824846	6.26660849562	26.4423246154	0	6e-04	0	0	0.0755	0	0	3e-04	0	0	0	0	0	0.0031	0	1e-04	0	0	0	0	0	0	0	6e-04	0	0	0	0	8.46127768570137	5.71134773984758	8.11148238153098	5.29753189709266	0.302548507583443	0.321626891631037	0.298080900840087	0.314513307144285	5.08607051378635	3.93198663743606	4.77065613608749	3.63532733737712	11.1098387825825	7.80029230608623	10.6124804721403	7.22918845429826	16.1959092963688	-2	9.61788617886179	11.7322789435223	-2	21.1785714285714	15.3831366082277	14.3649635036496	-2	10.8645157916754	25.0506024096	7.30288909599	18.7335092348	2.21844490934	11.4566748045	28.0931726908	10.3373718546	3.82670850767	13.2422837868	38.7148594378	11.6457461646	19.7136420998	1.88224713326695	1.90983788585388	2.61244394130709	2.31908264542447	2.08749722407284	3.18282753515914	1.31693058812193	1.19920053297801	1.99851961509993	2.09619695599166	1.26684636118598	1.69467875943	9.2763366525	2.435600294e-05	0.000179539005885	0	0.002	0	0	0.011	0.0014	0	0	0	0	0.0018	8e-04	0	0	0	0	0.002	3.89753308493	4.16830766953	4.39806678383	4.29783990942	2.25685292567211	2.77082235108065	9.77695044807591	60.1838429098577	13.1721138639958	11.8394175013179	2.20262422026242	2.32523123252312	8.74596687459669	64.4375134437513	13.6072273607227	8.68143686814369	0	0.0172028212626871	0	99.9827971787373	0	0	2.44813056696357	1.70675769374367	4.80025601365406	73.1879033548456	10.7099045282415	7.1470478425516	3.03244005641749	3.85946916271317	9.35376330298756	53.8530580843698	12.1682266957302	17.7330426977818	1.34228187919463	5.64547966837742	21.9107777339124	46.9403868930122	12.751677852349	11.4093959731544	0	0	0	58.3333333333333	40.4761904761905	1.19047619047619	0	36.1111111111111	2.08333333333333	2.77777777777778	0	59.0277777777778	2.28681841345337	2.46942415491762	9.17700016986581	61.09011381009	13.2155597078308	11.7610837438424	2.27706772440135	0.301160570001469	6.27295431173792	76.3699133245189	12.2006757749376	2.57822829440282	0	0	0	0	0	0	0	0.60790273556231	25.2279635258359	73.8601823708207	0.303951367781155	2.43936576490113	2.70329714274289	9.76346150001	62.4917521444424	12.6727050966749	9.92941835122868	2.36187680958236	2.82790623884504	9.46337206996391	61.3671518661008	12.7890374013406	11.1906556141673	2.41472772712873	3.52353127530008	11.1830757858425	53.4267309655391	13.2634024428878	16.1885318033018
"MERGE_ISO_25_E4"	1.5	4.914004914	67.0804049822559	17.7684225175701	15.151172500174	30.9961978506571	0	5.68933488428619	0.0503480963211167	0.0086807062622615	34.0709040087502	1.97746488654317	0	27.20706956718	15.2569336676	15.660995222	15.8542153048	18.0880090612	18.2328199928	17.0881561877	17.8787444754	17.5239453841	15.8740392921	18.2926229682	13.5376651505	4.95325680861	4.22713733443	5.91715976331	4.5629399247	3.54187894844	10.6336795942	3.63235636934	22.547108512	0	0.0463	0	0	0.4229	0	0	0.0137	0	0	0	0	0	0.0249	1e-04	0	0	0	0	0	0	0.0023	0	0.0049	0	0	0	0	10.3334571876806	7.0171659143756	9.39781332253493	6.49680780802818	0.312398300275939	0.321598191030391	0.329803022421298	0.31564203472216	6.37362728098423	4.78224593078922	6.27544037254505	4.40918764218096	13.4206506481711	9.35603884557516	12.2140514274145	8.63513612680707	19.7942779291553	-2	13.4410849266341	14.1382847763644	-2	24.047619047619	18.4894917999595	19.2183754993342	-2	13.044323768988	30.4376160839	23.318010865	31.9906596614	14.852138444	17.7690860481	38.0918244322	32.0831592144	18.3372323196	24.7363600356	51.7155984229	29.6862815668	38.5929299931	0.681840319490893	1.17932708983698	1.60103596444758	0.646124874184227	0.83593479014915	1.75996232856554	0.402610474366051	0.558446063128685	1.25963858967567	1.4263235368763	0.510054427533162	4.46835154827	9.33088570128	2.74182884778e-05	0.000273015532881	0	0.0872	0	0	0.083	0.0512	0	0	0	0	0.0518	0.0254	0	0	0	0	0.0208	4.52937165124	4.51137703781	4.32555425904	4.57255548361	1.84775074806012	1.69222186533227	8.88374216016094	57.4949706692814	14.7651006711409	15.3162138860244	1.8061981114139	1.62029701924499	7.27760525593088	59.7862137440057	15.6452669159431	13.8644189534614	0	0	0	0	1	0	1.27203113628453	0.835363731291333	6.97402145365946	60.4246432300731	16.7579027307534	13.7360377179382	1.70706006322445	2.47629083245522	8.81981032665964	49.0937829293994	11.5595363540569	26.3435194942044	1.16635972989564	3.68324125230203	21.6697360343769	40.024554941682	16.2676488643339	17.1884591774095	0	1.19760479041916	0	98.2035928143713	0	0.598802395209581	0.613496932515337	50.920245398773	1.22699386503067	17.1779141104294	0.613496932515337	29.4478527607362	1.53257488950728	1.21541987231953	8.78007857259781	59.5535275822557	15.1068096251432	13.8115894581765	1.00672508661096	0.42388424699409	4.43855716323619	66.011819849195	18.1088241287956	10.0101895251681	0	0	0	0	0	0	0	94.6428571428571	2.97619047619048	0.595238095238095	1.78571428571429	1.65452169483267	1.57921548650025	6.71775676094709	60.6768699195995	15.6548317792199	13.7168043589005	1.71657448025939	1.5915400428084	8.39638035899718	58.7810201962405	15.1355246148304	14.3789603068642	2.00996317955382	2.36084037253628	10.7559021009313	50.1797704136885	12.7961880008664	21.8973359324237
"MERGE_ISO_27_A1"	0.25	2.25563909774	77.7218255991841	17.3444671086181	4.93370729219786	29.3111654027985	0.00634578164165371	1.81489354951296	0.0317289082082686	0.0253831265666148	44.3379763302345	4.08985626804582	0	20.3826506329917	16.5317707773	16.6131282185	16.2680356169	15.6322201139	15.67875057	12.9950113379	15.4028404084	13.6358479864	12.290988403	15.4933019102	13.6885519722	6.07210626186	5.42635658915	16.6439909297	6.05400922614	8.111174135	17.938078519	5.17861572811	15.7458563536	0	0.0031	0	0	0.0189	0	0	0.0011	0	0	0	0	0	3e-04	0	0	0	0	0	0	0	0.0016	0	8e-04	0	0	0	0	8.75372797107998	5.90221694378464	8.47078280044101	5.46081700708629	0.314115308321358	0.34503566023018	0.312086487916647	0.336486986646446	5.37132851333032	4.52335708630245	5.17364939360529	4.13651521467278	11.3415047446905	8.13321456848773	11.0264608599779	7.5022926219258	16.7128332580208	-2	11.6	12.6565716547902	25.5454545454545	15.9444444444444	16.2001102535832	14.6142857142857	-2	11.6388078365986	5.62975138689	1.82950069877	10.8726752504	1.99496764917	1.80581398896	8.69118553524	3.40490407826	3.27102803738	2.93139737059	20.3307992603	8.91445003595	8.7148827136	2.38315356959425	1.99520141431999	4.3298598634567	2.05444273240883	2.05202677105695	4.76104922745239	1.36620441705187	1.30698320495012	3.59324469996407	3.86219681754982	1.37231049950582	0.413379615021	0.956137582834	5.96401477168e-05	0.000162808721403	0	0.0032	0	0	0.0026	0.003	0	0	0	0	2e-04	6e-04	0	0	0	0	0.0014	4.31371340524	4.33888994128	4.443490701	4.43424362199	2.25806451612903	2.64895635673624	13.1537001897533	52.0607210626186	11.0284629981025	18.8500948766603	2.27998176014592	2.86517707858337	12.7754977960176	55.1755585955312	9.92552059583523	16.9782641738866	0	0	3	0	3	0	4.21768707482993	2.53968253968254	9.25170068027211	50.1133786848073	11.2925170068027	22.5850340136054	2.85652456178316	4.09002380437135	9.04566111231335	53.5814758710236	12.2267907379355	18.199523912573	1.39082058414465	3.75521557719054	21.557719054242	49.2350486787204	13.769123783032	10.2920723226704	0	0	68	30	2	0	0	60	0	16	24	0	2.23397087026383	2.18213859949204	13.056549007412	51.9566682216348	10.7551961851449	19.8154771160525	1.58820192853091	2.55246738513897	14.8610323312535	60.068065796937	12.3085649461146	8.62166761202496	0	0	0	0	0	0	0	0	3.03030303030303	0	96.969696969697	2.65985743164166	2.51090541546973	12.692839663794	55.7612511969358	11.6182572614108	14.756889030748	2.28231208136939	2.64822624658894	14.2520466385512	53.2126023319276	10.2952121061771	17.3096005953858	2.37055120133625	3.12861364512399	11.1846331748683	51.1884877296672	12.2703327765643	19.8573814724399
"MERGE_ISO_27_B4"	1.5	3.45679012346	75.9526878182101	18.9056772790011	5.14163490278882	39.4955532876513	0.00911211546872722	1.74952616999563	0.016401807843709	0.0355372503280362	34.2907129319143	2.16503863536959	0.000911211546872722	22.2372065898819	16.3645349163	16.7186409597	16.9917049515	14.1284780862	14.506454832	12.0826100932	13.6123118931	13.0162904053	10.8019487131	14.4644643128	9.3163036548	14.110343703	12.7401751913	20.873148067	15.0055991041	16.2455105182	27.9524413741	12.5306864676	37.1835215236	0	0.0033	0	0	0.0454	0	0	0.0024	0	0	0	0	0	0.007	0	0	2e-04	0	0	0	0	7e-04	0	0.008	0	0	0	0	8.83958873438605	5.67855125936523	7.17324507640762	4.96008722401776	0.312264890024789	0.322752416824979	0.310153135435395	0.311089193600249	5.38725547961348	3.9138963141448	4.488082591049	3.3826564386122	11.4660912090502	7.65758066337864	9.35779466644875	6.664966317511	16.8533466886637	-2	10.1615282769056	11.5714769775234	10.0576923076923	-2	13.8458772574978	12.8380907814693	-2	10.0476227561232	3.44332131784	5.53576385676	27.652733119	2.17968844342	2.11184483364	5.61367245595	8.99185712964	3.42349957735	3.98044469965	16.1957097124	8.13609467456	11.1717229719	1.11363063744016	1.81524994240958	2.56580536102391	1.34542705971277	2.38424326192122	2.97633421878773	0.823885109599395	1.4052061736927	2.20961120502294	2.36692350304678	1.16987740805604	0.835870902444	0.98507124098	1.55242367956e-05	9.08557542017e-05	0	0.0032	0	0	0.007	0.005	0	0	0.01	0	0.009	8e-04	0.0178	0	0	0	0.0156	4.4130171849	4.48136202368	4.53172690763	4.48468017025	2.7067634144353	1.79247370689153	12.9980549505585	47.5640293970347	14.883704678601	20.0549738524791	2.65638117565063	1.70914447735661	13.4783228524813	48.9173306299599	15.2492436362484	17.9895772283031	0	0	0	0	0	0	3.29622161830455	1.12796236229216	11.904970632068	45.7146196779755	16.3934426229508	21.5627830864089	2.37788346148718	2.60456020267567	8.63149473309925	48.7088315036224	12.1783190364016	25.4989110627139	1.27938589477051	3.87014233168079	22.1013913321606	42.0118343195266	15.704461858308	15.0327842635535	0.0509164969450102	0.0509164969450102	9.16496945010183	34.979633401222	36.1507128309572	19.6028513238289	0.467289719626168	3.27102803738318	0.467289719626168	0.467289719626168	19.1588785046729	76.1682242990654	2.75506603874887	1.48031109543021	12.9024835478378	47.658347267177	15.4090414026906	19.7947506481155	2.54617752693689	0.141097998973833	8.49153412006157	52.1164699846075	22.00487429451	14.6998460749102	0	0	0	0	0	2.82485875706215	0	8.75706214689266	38.0649717514124	46.680790960452	3.67231638418079	2.6050722934975	1.52576092234911	12.1904224822595	49.815937465733	15.2544762441844	18.6083305919764	2.79284740112138	1.6729807546598	13.0928928625549	47.5375056826792	14.9598424003637	19.943930898621	2.25417000884392	2.59764299376812	12.0194977478867	47.4157257152259	13.6340264494766	22.0789370847987
"MERGE_ISO_28_B4"	0.25	1.00250626566	86.6417927120802	9.38135347081034	3.97685381710941	31.7003138424555	0.0111291650900349	1.13294900616556	0.0890333207202796	0.0534199924321677	50.0945979032653	4.73434682930087	0.00222583301800699	12.1819841075523	16.1289054272	16.6081297201	16.1651443186	18.3537202381	17.722903799	15.2053489087	18.390175508	17.3953297829	14.7757679181	18.2283033891	16.4583650673	5.39682539683	5.47846687537	13.1263449124	5.30482977039	5.87191041923	14.4505119454	5.02648250078	13.7725310993	0	0.0032	0	0	0.1943	2e-04	0	0.0051	0	0	0	0	0	0.0038	0	1e-04	0	0	0	0	0	0	0	0.008	0	0	0	0	8.9899964015833	6.93782708813063	10.1404627436692	5.95380092398152	0.326392817327212	0.346694378944976	0.327597259281156	0.343786475618194	5.71759625764664	5.09964412811388	6.52769174713062	4.63082738345233	11.915077365959	9.4998953317982	13.3665968300237	8.24065518689626	17.6326736236056	-2	19.8657718120805	14.5995394599121	12.7179487179487	24.4090909090909	19.8942885771543	19.0226377952756	-2	12.8714825703486	10.5658270257	5.56672580327	9.77701543739	6.07754104087	4.57220101781	15.2314182901	9.35541099941	8.5923856095	7.74689885496	26.1819084254	18.3024799162	17.121898855	0.936434108527132	1.13449006830494	3.71857541899441	0.961240310077519	0.930360367433462	3.87569832402235	0.576744186046512	0.565282248567166	2.44413407821229	2.28033806410461	0.636407027751892	1.74719440898	1.97343368501	5.34481622992e-05	0.000175705987959	0	0.0118	0	0	0.0194	0.0096	0	0	0	0	0.0114	0.001	0	0	0	0	0.0054	4.17214640199	4.3753484902	4.09090909091	4.37447625698	3.21428571428571	2.49255952380952	12.5892857142857	54.9181547619048	13.0357142857143	13.75	3.23631440900245	2.1956172264997	10.5973432608512	58.850156527625	13.8040443353922	11.3165242406295	0	0	54.7945205479452	1.36986301369863	43.8356164383562	0	1.3833384568091	0.430371964340609	8.02336304949278	54.7494620350446	5.7485398094067	29.6649246849062	3.62595419847328	3.46237731733915	13.2224645583424	51.9356597600872	8.8876772082879	18.86586695747	1.22137404580153	6.25954198473282	32.5190839694656	41.0687022900763	11.2977099236641	7.63358778625954	0	16.3563829787234	0.132978723404255	80.718085106383	2.52659574468085	0.265957446808511	62.7118644067797	7.34463276836158	1.69491525423729	25.9887005649718	2.25988700564972	0	3.11097915017155	2.07508577461072	12.1700976510953	55.308128793877	13.4897070467142	13.8460015835313	1.4338385907415	0.518913013792162	11.224907824662	58.3367472347399	13.6965724429878	14.7890208930766	0	0	4	0	0	0	0.867052023121387	6.06936416184971	65.3179190751445	23.4104046242775	4.33526011560694	3.18088737201365	2.17064846416382	10.962457337884	58.9897610921502	13.3993174061433	11.2969283276451	3.49638245577595	2.40592654135078	12.0504032956001	55.8832692906844	13.0854709731021	13.0785474434867	2.71007870017771	3.03376491495303	14.5531860878396	51.8786494034019	11.9065752729119	15.9177456207159
"MERGE_ISO_12_D1"	1.25	2.9776674938	39.1145542527452	42.7275265214964	18.1579192257584	23.1366999930409	0	6.26783270314783	0.00231970122248254	0.00463940244496509	14.8275302141084	1.09953837945673	0	54.6614396065787	16.381044221	16.1900482452	16.3194092646	13.2500255685	13.2905389335	9.63366082871	13.0218253968	12.3970117396	8.64463296077	13.7304323121	7.7401254398	14.5535744724	14.0655472578	29.0986757796	14.0512265512	13.5538954109	35.1992321744	11.1795066054	42.1783692825	0	0.0027	0	1e-04	0.0048	0	0	0	0	0	0	0	0	0.0024	0	1e-04	0	0	0	0	0	0	0	0	0	0	0	0	8.22363251737685	5.06202042652273	7.89015706806283	4.45713666413786	0.275931973485288	0.295732583314257	0.28203748335799	0.289884233892069	4.36355394378966	3.17833518547918	4.35539267015707	2.78562913189552	10.4057872469024	6.80002116738107	9.97748691099476	5.97279722553376	14.7693411906921	-2	8.01536016949153	9.97835635286024	22.25	-2	14.3328795811518	13.2670068027211	-2	8.75842635742928	3.5279025016	10.8642192166	25.9878419453	1.98227709882	2.5832285041	5.93329057088	15.0974881433	3.22959976481	3.86598394784	17.222578576	7.84931334257	9.38679328857	3.16208068757617	2.83489369148657	4.03947092168801	2.79007119492015	2.62490156619127	4.06466512702079	1.88570329035982	1.6624376585878	2.90153264749108	3.10271661623013	1.76236908631275	1.46829232027	0.613337298342	2.66762740375e-05	0.000151611467006	0	0.0016	0	0	0.0012	0	0	0	0	0	0.0022	0.0014	0	0	0	0	0	4.21679173882	4.2521221668	4.39513677812	4.38600764288	3.72617870657621	5.05233014011523	10.3569358742713	52.0062727985545	13.3740156138138	15.4842668666689	3.80535603862436	5.17052751748085	10.1317604528374	52.7945583408648	14.1987347191172	13.8990629310755	0	0	2	3	0	0	3.57112345151645	3.57966680905596	9.00469884664673	54.6091413925673	11.7983767620675	17.4369927381461	2.76357249857947	3.08383697505036	8.60065086006509	51.4954284828762	12.8519035074126	21.2046076760163	1.64319248826291	5.79029733959311	20.8528951486698	45.0508607198748	13.6345852895149	13.0281690140845	0	0	5.45454545454545	75.2727272727273	2.18181818181818	17.0909090909091	0	0	0.126742712294043	91.128010139417	0	8.74524714828897	4.16666666666667	4.67772967772968	10.0769600769601	54.6657046657047	11.8446368446368	14.5683020683021	1.65421558164354	13.2337246531483	14.4610458911419	42.6360725720384	12.2198505869797	15.795090715048	0	0	0	0	0	0	0	3.03030303030303	93.9393939393939	3.03030303030303	0	3.10535929904951	4.19517632124834	10.4740084832348	53.8840211771262	13.8580141800056	14.4834205393356	3.88275960035987	5.41218807708698	10.1283204697192	53.3879445049482	13.1019461148729	14.0868412330129	2.7290806180205	3.76931314058437	11.1060119320789	49.7231145785529	13.2813217072051	19.3911580235582
"MERGE_ISO_16_D7"	0.75	1.99501246883	75.4653732938059	8.31858036266119	16.216046343533	23.6550986278319	0.00415493762399892	6.26980087461437	0.0997185029759741	0.0166197504959957	42.202740181363	9.55843400400951	0.00207746881199946	18.1913556522733	16.3793469202	16.2123188406	16.353115727	14.0016182074	14.0330108827	12.5300760544	13.7883052981	13.6620959843	11.4104791451	14.1612683259	10.6098366067	8.17977762698	7.7569528416	14.4042406084	8.2503718961	7.29676787463	18.7659427784	6.73712921923	24.880343291	0	0.0146	0	0	0.1184	0	0	0	0	0	0	0	0	0.0096	0	0	0	0	0	0	0	0	0	0.0012	0	0	0	0	7.89903727474698	5.76524873828407	7.91511658370448	5.26683704149128	0.300882268590713	0.327289749316964	0.290659883507719	0.323382454454338	4.62618283551387	3.96798846431146	4.40895991616453	3.63815393866506	10.2783674812803	7.9408795962509	10.2433848572177	7.25556223692123	14.9045503167942	-2	12.043771043771	11.9088680605624	-2	-2	14.6523447733822	13.773381294964	-2	10.8937161755863	7.04508595524	12.7891750327	33.9563862928	2.96428571429	4.31659483479	9.79565358417	20.9515495417	4.7380952381	6.54505362333	22.5948751216	13.4880952381	15.5424142194	5.11024643320363	4.33079434167573	6.39133539633421	4.07263294422827	3.85201305767138	5.89145441561533	2.78858625162127	2.80739934711643	4.65365389193049	4.73656755346896	2.87175452399685	0.948362767427	2.92349624762	6.61162871984e-05	0.000323104259425	0	0.0198	0	0	0.0326	0	0	0	0	0	0.0076	0.0038	0	0	0	0	0.0134	4.11880674449	4.10317805834	4.17133956386	4.11949535825	2.77183275043065	3.92545805710706	11.3848723704129	54.4866106384089	11.9799551077935	15.4512710758469	2.88391777509069	3.9540507859734	10.3869407496977	55.1330108827086	12.3941958887545	15.2478839177751	0	0	4	1	2	12	0.96796496888684	1.42890066835676	7.74371975109472	57.1099331643236	10.7398017976492	22.0096796496889	3.43505597301027	4.37049532280325	10.9339058426622	54.3628277871492	10.1824873485662	16.7152277258089	2.71493212669683	5.06787330316742	24.5248868778281	46.2443438914027	12.0361990950226	9.41176470588235	0	0	0	0	0	0	0	7	0	0	0	0	1.7164435290079	3.53587366975627	10.9852385856505	56.6197505435404	11.1683258954114	15.9743677766335	2.74240940254652	0.146914789422135	4.50538687561215	69.6865817825661	14.4466209598433	8.47208619000979	0	6	0	0	0	0	0	0	1	1	0	3.26783867631851	3.75732506032403	11.4925887624957	56.5391244398483	12.3681489141675	12.5749741468459	2.76167746334811	3.94817592908285	10.9580634162973	55.581316058643	11.5103989089669	15.2403682236618	3.13583099521373	4.24162403036805	12.8569070803763	52.3436210595808	11.5860703086318	15.8359465258293
"MERGE_ISO_17_E4"	1	1.18203309693	61.459628499303	20.7923589917486	17.7480125089484	20.9475376734099	0.00186964813222152	2.92412967879445	0.06169838836331	0.00934824066110758	35.9327674531653	4.07957222450735	0.572112328459784	35.4709643645066	16.3610563823	16.2133247328	15.8913707059	15.906693026	15.9377000139	14.5748582046	15.6956005685	14.899927713	14.1593110681	15.9422775748	12.7891469018	4.04364903884	3.6663420064	4.94328183063	3.91685277444	3.30712930333	7.58073976645	3.57521067939	14.7150130386	0	7e-04	0	0	0.1255	0	0	0.0038	0	0	0	0	0	0.0028	0	1e-04	0	0	0	0	0	0	0	0.0079	0	0	0	0	9.60097039399793	6.24201707239962	7.72823874075177	5.98041549448171	0.318398534590423	0.35412828144629	0.350184418463182	0.351538814204364	5.6939215598185	4.67230477394878	5.5207557475545	4.48912573036139	12.4607574464262	8.49725998524607	10.4086101593922	8.13211426098247	18.1546790062447	-2	13.223315669947	13.1695647591949	-2	18.2115384615385	15.9293659069467	15.2957477305303	-2	12.6212399913439	10.1994481121	21.6428942427	23.2190989603	3.85770175598	12.7363875043	13.6889168326	27.2803547884	5.68647074879	16.1247669419	26.2007055783	13.4564643799	23.9555191964	4.40185708800223	11.5217477973129	5.08937099194979	5.86099766118616	15.614160985528	6.73579842634284	3.7525744406046	10.323725232229	4.46172738436349	4.60515166920861	8.01751416586945	1.15674751107	9.89649576773	2.731884219e-05	0.000185444128203	0	0.0112	0	0	0.019	0.0074	0	0	0	0	0.0076	0.0052	0	0	0	0	0.0108	4.1164252051	4.12620352836	4.07123604159	4.26874090247	1.63878989673022	3.61314153421949	9.13170148011342	63.4588871836225	10.9564810238535	11.2009988814609	1.60706831779602	3.97766801168777	8.35188534854599	65.797620704049	10.9798942535133	9.28586336440796	0	0	0	8	0	0	0.220027381185214	4.40543712106395	2.63054957950323	80.9798552708781	4.64991198904753	7.11421865832192	2.33313198429477	4.43974630021142	10.2008456659619	53.639383871942	11.8166717003926	17.5702204771972	1.39664804469274	3.25884543761639	23.6499068901304	44.9720670391061	12.9422718808194	13.780260707635	0	0	0	100	0	0	0	1.4090857851426	0.0338180588434224	98.2752789989855	0.13527223537369	0.14654492165483	1.55081132576408	3.37180428230076	8.44122378223048	66.3647295841077	10.2872046352548	9.98422639034218	0.59184964308304	4.4998644619138	5.43507725670914	83.9251829764164	3.83572783952291	1.71229782235475	0	0	0	0	0	0.0128139415684264	0	0.0384418247052793	98.7954894925679	0.948231676063557	0.205023065094823	1.36328895682622	3.69527736798137	7.64472725333713	67.8640621389595	10.1544586836352	9.27818559926059	1.58401073905586	3.77955104780371	8.90595868446566	64.5462003132225	10.5600715937057	10.6242076217466	2.16068545883522	3.58872469886999	10.9896932820067	54.2365164121031	12.6164162423941	16.4079639057908
"MERGE_ISO_26_G7"	1.5	2.34192037471	89.0689480924174	9.12032228180006	1.81072962578254	22.1221802014666	0.00209715416180243	0.592795576402821	0.833968305010101	0.0230686957798268	53.6661750005243	12.4598919266555	0.00209715416180243	10.2977259858372	16.3248600746	16.1498589961	16.2576852866	16.278234181	16.5668699859	16.4806919121	16.1779971128	16.5148208765	13.4467867027	16.6634935467	11.1428227939	8.10218304334	7.18427931853	11.2949976625	7.73827508645	5.67375886525	18.9654583348	6.02990130234	30.4303919211	0	0.0049	0	0	0.0992	2e-04	0	2e-04	0	0	0	0	0	0.0061	1e-04	3e-04	0	0	0	0	0	0.0021	0	0.001	0	0	0	0	9.04018403406588	5.99670052965182	8.53567230841561	5.39861949956859	0.322050246615517	0.347590777946121	0.314745477103659	0.339424084376791	5.89070530076844	4.69115220977685	5.5112247296662	4.22881794650561	11.8900690127747	8.21047147694712	11.1613187588152	7.38973252804142	17.7807743135431	-2	11.2653958944282	12.901623686724	10.7142857142857	16.78125	16.6725434884814	15.6251874062969	-2	11.618550474547	11.2660627765	7.24630131277	15.3952843273	1.89859916092	4.81251152421	15.3865599326	14.2112940196	3.46298798265	7.91860133765	24.7819675585	9.90542558487	17.7464505423	2.27416298168035	2.86821705426357	2.53803497796104	1.92882712149926	1.25064599483204	2.75131522820987	1.28026953042746	0.82687338501292	2.0901464524385	2.27013316423589	1.0844306738962	1.0791955088	2.55445940299	3.47175656385e-05	0.000198508379331	0	0.0068	0	0	0.0158	2e-04	0	0	0	0	0.0048	6e-04	0	0	0	0	0.0054	4.36722830666	4.30842377261	4.45769764216	4.55954496978	3.4937924031938	2.80611067522038	9.33677943416255	46.3239027091891	10.5529145705451	27.4865002076891	4.03533547669842	2.46386827318891	9.06523241489138	46.6121811243653	10.3933175084883	27.4300652023677	0	0	0	1	0	0	7.50818139317438	4.20757363253857	10.3225806451613	37.1482000935016	9.64936886395512	31.164095371669	2.9488111307237	2.37773855259059	8.80490084103416	45.9765341086076	11.9302253140899	27.961790052954	1.92678227360308	3.94990366088632	18.73795761079	40.3660886319846	16.859344894027	18.1599229287091	0	0	83.0188679245283	9.43396226415094	1.88679245283019	5.66037735849057	0	3.62694300518135	0.259067357512953	57.5129533678756	0	38.6010362694301	3.98160271259274	2.9778091113573	9.29600161144123	46.6176519958371	9.23892973444791	27.8880048343237	13.3660665575559	4.4189852700491	15.0936533915257	37.6977632296781	4.29168939807238	25.1318421531188	0	0	1	0	0	0	0	0	79.5154185022026	0.440528634361233	20.0440528634361	4.30489596501418	2.51460589702416	10.4137483344153	47.7399296183676	10.8442379309167	24.1825822542622	3.82818431349647	2.94048940022192	9.37335747240554	46.8229866261753	9.94276703848625	27.0922151492145	2.53426304400096	2.5006011060351	9.96874248617456	44.7463332531859	12.8251983649916	27.4248617456119
"MERGE_ISO_30_D4"	2.75	10.3238866397	83.1219428961438	13.4782732339893	3.39978386986691	22.9378338930692	0.00991936969490853	1.15914920149074	0.0255069506440505	0.0198387393898171	54.241947597387	5.91336139097904	0.00850231688135017	15.6839405404639	17.0447365095	17.668146952	16.6361229892	14.9328874041	15.0186837571	14.4489091581	14.5408102512	15.2423662841	14.2882430185	14.8769469349	14.3968411068	9.20082439863	8.63253310672	11.5247134229	9.73936534172	9.04301724716	10.0078788409	9.04191312306	12.2561755124	0	0	0	0	0.036	0	0	0.0117	0	0	0	0	0	6e-04	0	0	0.0053	0	8e-04	0	0	0.0013	0	0.0211	0	0	0	0	8.46252816510466	6.75925414364641	7.33605376213756	6.57880203908241	0.319842290812988	0.341896819227227	0.327259378470537	0.341043161093444	5.32540900630245	4.94758287292818	4.77851399943437	4.827386009629	11.104235378637	9.15580110497238	9.70911612998801	8.90101954120646	16.4296443849394	-2	13.7705128205128	14.1033839779006	15.0839826839827	15.96875	14.4876301294224	17.68434225844	-2	13.7284055508355	5.98655730235	3.41331417087	8.13528769982	3.14497247358	2.3271292836	8.51275917065	6.29891200611	5.65715370499	4.59869079895	17.9853041695	16.4968676834	11.3797904301	1.22385086096485	1.12565328092196	1.13880804757687	1.28646648640956	1.50198776075401	1.30330254333797	0.611925430482425	0.575110555232948	0.664304694419841	0.672389986191991	0.605030591434398	1.17886893255	0.982039295631	2.61143631495e-05	8.37106247143e-05	0	0.0028	0.0018	0	0.0064	0.0048	0	0	0.0022	0	0.0018	0.0024	0.0144	0.013	0	0	0.0042	4.10677179699	4.04985425671	3.94498980414	4.22592686322	1.81695076673537	6.70679533634422	13.1241583023936	42.3828691750805	13.9016822791497	22.0675441402966	2.06312111984515	8.14507943252366	11.7661638694143	44.7100063734863	14.3769327007058	18.9386965040247	0	0	0	37.5	45.8333333333333	16.6666666666667	0.41908048810551	0.998397633427832	3.40194749168002	62.1841488968322	21.7428817946506	11.2535436953038	2.40866035182679	4.34370771312585	12.6657645466847	53.7212449255751	9.45872801082544	17.4018944519621	0.646551724137931	7.32758620689655	27.1551724137931	40.5172413793103	12.7155172413793	11.6379310344828	0.62900838677849	3.70621608288111	8.5409472126295	51.7513566847558	14.7816970892945	20.5907745436606	0	11.3695090439276	0	23.7726098191214	51.937984496124	12.9198966408269	1.58886726560209	6.55096727182249	13.1854655967583	42.511085637102	14.0092239609714	22.1543902677437	1.44956714314476	8.17394805717737	10.7492785719079	42.4031944164821	16.884772834038	20.3392389772498	0	0	69.5945945945946	29.0540540540541	1.35135135135135	0.0550660792951542	0.220264317180617	15.4185022026432	7.76431718061674	57.3788546255507	19.1629955947137	2.14654644139018	7.60395692900289	10.648691236978	49.4178411975838	14.1784119758382	16.0045522192069	1.79906106469163	6.78524820771825	13.266274596207	42.8003660830805	13.8476009694422	21.5014490788604	2.06194069858551	5.61672646294693	12.5613427357829	43.7708771495732	12.7881562126273	23.2009567404841
"MERGE_ISO_27_A7"	0.75	1.9656019656	85.6599338964377	11.6136614028645	2.72640470069776	49.9715041428592	0.0460317692273969	2.69322383130453	0.0387251391913022	0.0087679560433137	34.8000175359121	0.857067703233914	0	11.5846619222282	15.7260950426	15.604587446	15.454058193	18.484184688	18.6400814106	19.5358782849	18.6018117902	20.1482956722	18.2573566589	18.6074024857	16.9544037412	2.06313696247	1.57305080555	1.24481327801	1.95279301553	0.528533129069	2.8238446759	1.8056749785	6.34673198976	0	0.0114	0	1e-04	1.5365	2e-04	0	5e-04	0	0	0	0	0	4e-04	0	0	0	0	0	0	0	5e-04	0	0	0	0	0	0	9.06565351583468	7.5611953918102	8.68821716365257	7.43736004714202	0.349332617080283	0.362030454444437	0.362908054621425	0.359603164619695	6.60104669887279	6.02361126953348	6.8243157933826	5.89935179728933	12.6399959742351	10.698072316642	12.0788740762746	10.4991160872127	19.2410426731079	-2	14.9339805825243	16.7216835861754	18.2941176470588	21.6764705882353	18.9031898696572	19.6366197183099	-2	16.3984678845021	25.9776758491	20.980979048	16.8393782383	5.37497344381	19.6733715871	31.1398043323	25.6766760001	9.71956660293	24.5110032158	42.869263197	21.3299341406	35.555835803	0.363135155193893	0.382083801573286	0.743257591845402	0.628197312269727	0.709584202921817	0.934380972605649	0.196145996236117	0.192647294910901	0.456572520705033	0.470188075230092	0.194774278253091	2.46188561345	11.4024937079	3.88455470616e-05	0.000191827247042	0	0.1912	0	0	0.4574	0.0046	0	0	0	0	0.0506	6e-04	0	0	0	0	2e-04	4.32571640644	4.4292457374	4.26165803109	4.38054788702	1.72135222470793	2.6193139448173	12.8775167785235	58.9112602535421	11.2136465324385	12.6569102659707	1.59777832727826	2.47275217316874	12.4113137922508	60.8011717041067	11.2358054514675	11.4811785517281	0	0	1.2779552715655	1.91693290734824	0.958466453674121	95.8466453674121	0.298755186721992	0.912863070539419	12.3153526970954	70.3955739972338	7.89488243430152	8.18257261410788	2.48767368892873	4.84087852980726	13.1779471089198	49.0811295383236	10.7799193186912	19.6324518153294	1.31578947368421	6.25	23.0263157894737	42.7631578947368	15.4605263157895	11.1842105263158	0	0.0319233838786911	0.782122905027933	98.2282521947326	0.861931364724661	0.0957701516360734	0	0.263108438263484	0.263108438263484	98.4965232099229	0.958466453674121	0.0187934598759632	1.43127559298462	2.12470061036854	11.8596924978753	61.8500347678282	10.9769759715676	11.7573205593757	0.360015319800843	0.16851780926848	2.91076216009192	91.9724243584833	2.50478743776331	2.08349291459211	0	0	0	0	7	0	0	0	65	35	0	1.47891596723632	1.95671958742037	11.6897562948731	64.8498331479422	9.36646779249671	10.6583072100313	1.6122098022356	2.46619244899554	12.6006409755335	60.9688892363011	10.5585085593684	11.7935589775659	2.21578888765171	3.66885647478009	13.912704598597	50.3340385257766	13.0442044315778	16.8244070816167
"MERGE_ISO_14_D7"	0.5	1.24688279302	96.2051203720204	2.99720814982646	0.797671478153136	42.5812888836718	0.00503077155266379	0.324484765146815	0.00838461925443966	0.0176077004343233	39.1310180604699	14.4970066909262	0.00503077155266379	3.43014773699126	16.3784552484	17.3540145985	15.4101467274	15.0004200247	15.0513254874	13.7669310555	14.4790811674	14.7191818684	12.2190364409	14.9898964543	11.0054680445	8.58687947917	8.33036138849	12.4059385804	8.36183310534	6.19126589276	16.8063939191	8.0514590524	23.6380054179	0	0.0016	0	0	0.0597	0	0	8e-04	0	0	0	0	0	0.0051	0	0	1e-04	0	0	0	0	0.0073	0	0	0	0	0	0	8.93504134601596	5.70305984294611	8.17571144937128	5.35770234986945	0.305676035236239	0.349413604038834	0.301639964753017	0.345463455064011	5.16624444338225	4.17373409152451	4.75860357379219	3.9176501305483	11.5817121552507	7.76468995396696	10.7271674387823	7.28971279373368	16.747956598633	-2	11.1197511664075	11.9384240454915	-2	-2	15.4857710125745	14.8866396761134	-2	11.207362924282	2.6559975957	19.0031562336	14.1791044776	7.11641991925	4.38473375383	5.03024155678	25.1578116781	9.3413526245	6.47141383567	16.0562004583	19.7972745626	13.6040042613	1.48301107565234	1.30565347956652	1.30301374469337	1.02496714848883	1.09674892283588	1.34504644613509	0.747137225455228	0.757279018148583	0.928922701862049	0.989494258490105	0.766738035993287	1.27789359895	2.47085167169	4.26655917539e-05	0.000204862190366	0	0.0096	0	0	0.017	0.0042	0	0	0	0	0.0266	0.006	0	0	0	0	0	4.15085413929	4.07755581669	4.19776119403	4.40735603195	3.00317643661565	5.85934423647389	11.6924369306697	56.2413041766204	12.9262594177408	10.2774788018796	3.0848787446505	6.11031859248692	11.3379695672848	56.5561103185925	13.3618640038041	9.54885877318117	0	0	0	3	0	0	2.82692698800081	9.64002440512508	5.93858043522473	51.4338010982306	24.4458002847265	5.71486678869229	3.50678733031674	5.680349062702	13.3807369101487	59.6638655462185	9.64770523594053	8.12055591467356	2.39700374531835	7.49063670411985	29.5880149812734	47.7902621722846	8.76404494382022	3.97003745318352	0	0	2.47933884297521	97.3829201101928	0	0.137741046831956	0	1	0	6	0	0	3.08937528499772	5.30095759233926	9.02302781577747	59.171226630187	14.2156862745098	9.19972640218878	0.221116639027087	4.03537866224433	2.70867882808181	48.4798231066888	36.8711995577667	7.68380320619127	0	0	9	0	0	0	0	100	0	0	0	3.30315224681422	5.43818466353678	11.6392801251956	60.1972948803935	12.4720545495193	6.95003353454058	3.1251961091936	6.34138688421713	11.477878882962	56.4700345152181	13.1377470975839	9.44775651082523	3.08016454299187	5.08678639510384	14.2821310324069	57.4345339620748	10.2739038828133	9.84248018460921
"MERGE_ISO_3_D7"	0.25	1.00250626566	70.7360737344221	16.6035273327866	12.6603989327913	29.2117056221272	0.00920434214840851	2.22457444299348	0.0017258141528266	0.0799627224142989	38.1773101460614	3.31528898757989	0	26.9802279225224	17.6985178815	18.3410425549	17.5602294455	21.9948264884	21.8364751257	21.9178602946	21.9778797634	21.019284644	20.8009532888	22.1377589783	21.1342995169	0.354186564788	0.342347027214	0.330369062974	0.326257177658	0.403935109779	0.312678741659	0.308001889078	2.4154589372	0	0.1768	0	0	2.0158	0	0	0.2605	0	0	0	0	0	0.2956	0	0.0188	1e-04	0	0	0	0	0.0074	0	0.5337	0	0	0	0	11.1915735076988	13.3380533406654	11.3433200358219	9.19075712881023	0.310806778761115	0.31207417820954	0.320488631656513	0.357600349587921	6.81749630879561	7.67913115204839	7.03777578767402	6.77777777777778	14.9120438726007	17.236733571625	15.1834649515591	12.5093411996067	21.7295401813963	-2	25.7595219123506	24.9158647236734	-2	28.75	22.2212407392331	16.1117375704767	-2	19.2871189773845	20.7336367841	30.8386803702	88.4040501446	31.4410480349	20.1210822978	33.6173112966	47.6993545701	52.9631940112	30.2760204406	72.4241170314	83.0318153462	62.5679612972	0.9467714848979	3.75522083419954	3.55361596009975	0.131428432350865	0.141742104964753	4.67581047381546	0.0267724584418429	0.0245686315272239	3.11720698254364	0.985017796540022	0.0244496286712646	3.2380159346	11.6992486895	0.000112673800104	0.000905270599094	0	0.1656	0	0	0.4904	0.687	0	0	0	0	0.2334	0.1736	0	0	0	0	0.8918	4.29051258336	4.08096615071	5.18655097614	4.33665835411	1.52220630372493	4.47110792741165	11.4215218083413	47.0948742438714	19.5698026106336	15.9204871060172	1.5990639625585	4.40284278037788	11.8911423123592	48.1322586236783	19.286271450858	14.6884208701681	0	0	0	0	0	1	1.44593035096056	4.21107415201503	9.78888059194895	46.7087547801688	20.5711311746204	17.2742289502862	0.469667318982387	8.49315068493151	2.11350293542074	30.293542074364	14.3639921722114	44.26614481409	0	0	23.3333333333333	50	16.6666666666667	10	0	0	0	7.83847980997625	92.1615201900238	0	0	0.0232018561484919	0	75.5684454756381	7.28538283062645	17.122969837587	1.5595093092048	4.46972333391335	11.1884461458152	48.0685575082652	20.4171741778319	14.2965895249695	1.78513258192716	3.7657176363281	11.1245032249658	51.2671835298717	21.1186396507916	10.9388233761157	0	0	1	0	0	0	0.0185425551641016	0	63.9161876506583	36.0652697941776	0	1.37273593898951	5.33841754051478	10.9704480457579	47.3670162059104	26.5395614871306	8.41182078169685	1.45171557052217	4.65904190879037	11.0387877045646	46.5431921315784	19.4903595408719	16.8169031436726	1.69082125603865	4.71014492753623	10.2657004830918	43.2367149758454	17.2705314009662	22.8260869565217
"MERGE_ISO_25_G1"	1	5.45905707196	73.2545225433032	15.2997586553042	11.4457188013925	29.3261501442671	0.00425880774677129	3.11851197257328	0.0170352309870852	0.0809173471886545	39.7399997870596	4.13743172598831	0	23.5756949841892	16.2766279466	16.0474162089	16.3639172539	12.5498997675	12.8959729143	10.8306131039	12.1917153353	11.721475399	9.31920456007	13.1871858966	9.07105109773	15.4935450245	14.6753773158	22.1203759996	15.3800866616	15.8333885173	29.9404277204	12.877252993	32.5976296872	0	0.0029	0	0	0.009	0	0	0.0022	0	0	0	0	0	0.0024	0	6e-04	0	0	0	0	0	7e-04	0	0.0032	0	0	0	0	7.78867588051716	4.95257864326985	6.77140462220093	4.28170293970648	0.301400627326085	0.328792800241391	0.308330593828803	0.316265651957187	4.61593644874965	3.60552107853627	4.23330539256776	3.13344540869644	9.98382847647226	6.68551251872459	8.71504410649423	5.79108546503703	14.5997649252219	-2	9.558764540714	10.2910335972609	24.1538461538462	-2	12.948349499062	12.0639010564288	-2	8.92453087373347	2.96608680373	3.02762352775	13.2272727273	0.810295519542	1.24521680303	4.7127042699	5.93852792417	1.64992300359	2.37627111478	13.5441925848	5.45207890298	7.75670704636	4.22931010257131	4.50110942838023	6.22732104240736	4.65434874244766	5.29355827140492	6.79910567019756	3.44246171139525	3.68752861620822	5.43195396400689	5.74154067674586	3.6865381790884	0.46828723107	0.61693210394	1.72369049324e-05	9.34082408479e-05	0	0.002	0	0	0.0018	0.0028	0	0	0	0	0.0018	0.0022	0	0	0	0	0.0054	4.31937319935	4.35904751841	4.43389368469	4.46092375367	2.66698741079304	3.56988212653356	11.5131104161655	57.786865528025	11.5179215780611	12.9452329404218	2.68233947688419	3.27603061443456	10.2501132543335	60.4515867528194	11.4303426241625	11.9095872773658	0	0	0	65.7894736842105	0	34.2105263157895	3.01641490903989	4.04059299443483	9.65720432118973	56.9284010662676	11.429640368517	14.9277463405509	2.92532717474981	2.76230584612598	9.495992392338	56.9170855409138	11.2665851560024	16.63270388987	1.35000992654358	4.16914830256105	22.5928131824499	49.9106611078023	12.3287671232877	9.64860035735557	0	0	8	2	3	0	0	3.94736842105263	0	94.7368421052632	1.31578947368421	0	2.67520723436323	3.77260738507913	11.2636586284853	58.2611152976639	11.7110964581763	12.3163149962321	2.28461691278723	5.01291305211575	11.6548572942189	56.5128137209456	10.9330507913383	13.6017482285941	0	0	0	0	1	0	31.8295739348371	32.0802005012531	28.8220551378446	1.00250626566416	6.265664160401	2.53717910255861	3.13933056186517	10.8087258389406	60.3887198388548	11.6830240432006	11.4430206145802	2.64438889619787	3.63899486909617	11.1695829496119	58.5633469280358	11.3037758189712	12.6799105380871	2.66563046434816	3.23100835438119	11.9856226928308	56.0695550806295	11.6475616864193	14.4006217213911
"MERGE_ISO_19_D1"	0.5	0.997506234414	57.3444626107908	20.854487565614	21.8010498235952	17.8314028314028	0.00429000429000429	7.19004719004719	0.015015015015015	0.0321750321750322	36.5594165594166	2.96439296439296	0	35.4032604032604	16.6102881866	16.7145085803	16.0715082241	15.9584157308	16.1189015483	15.4113385827	15.5625644995	15.5606245582	14.582944729	15.9057715224	14.2793118097	5.65463975225	4.93943684128	6.44094488189	5.82301341589	5.19180106663	9.04365109701	5.29936821278	14.5072217502	0	0.0072	0	0	0.3837	0	0	0.0113	0	0	0	0	0	0.0171	0	3e-04	0	0	0	0	0	2e-04	0	0.0374	0	0	0	0	8.85919372987235	6.38747135217723	7.76121535384322	5.97706059167853	0.310994472008665	0.343023293492057	0.356348949900005	0.341629603931799	5.40340666589066	4.84873949579832	6.10853414610915	4.56241101091599	11.5865440577348	8.85087853323147	10.5698637965521	8.28175921531403	16.9899507236255	-2	13.1531664212077	13.6996180290298	-2	-2	16.6783979426612	12.5510079413561	-2	12.84417022623	6.17227385783	36.6815794592	19.0180878553	12.0416055474	16.467622877	9.37622725488	39.408675355	15.1353513802	19.1097041349	20.9811493651	27.0969462595	26.8934165516	2.2496893597541	1.24437897348426	2.69369249233231	1.27199005951213	0.701659171964646	2.2402987064942	0.820744228631221	0.503954101411071	1.64021869582611	1.65646380986676	0.68063365793444	1.96242384942	11.3206259279	4.822440902e-05	0.000215326101971	0	0.0148	0	0	0.0638	0.022	0	0	0	0	0.0416	0.0072	0	0	0	0	0.1366	4.22011447261	4.79019189765	4.24754521964	4.28670489399	2.46446028133279	2.93832319689564	13.5088242976008	54.0782060370882	11.4025596059849	15.6076265810977	2.23151082046788	3.00006741724533	13.723903907953	56.0866536326659	11.2519382458033	13.7059259758646	0	0	0	7	0	2	0.236220472440945	0.606299212598425	6.8740157480315	73.511811023622	6.43307086614173	12.3385826771654	2.56061636075232	2.51529571719918	14.8651710854294	45.5925674144573	11.3754815318378	23.090867890324	1.19453924914676	5.63139931740614	29.0102389078498	39.0784982935154	13.6518771331058	11.4334470989761	0	0	2	1	2	5	0	17.3913043478261	0	43.4782608695652	0	39.1304347826087	2.28070175438596	2.62641898864809	12.0175438596491	57.3710010319917	10.8384932920537	14.8658410732714	1.18871682837499	2.15254128381417	8.17323138212427	70.2756537942556	10.0494763220459	8.16038038938508	0	0	0	0	0	10.0840336134454	0.560224089635854	47.3389355742297	24.3697478991597	17.6470588235294	0	1.68182860637566	2.22077822796422	12.265881813317	61.6772418010855	9.41059552022017	12.7436740310374	2.48218180183016	2.85990511949997	13.616026260764	55.0194482541538	10.9989432740518	15.0234952897003	2.38600962900028	3.16482582837723	14.238176154064	47.8405550835457	12.7584253752478	19.6120079297649
"MERGE_ISO_7_A1"	0.75	1.99501246883	92.3550619163849	5.65756768255817	1.98737040105695	40.0592122771223	0.00997959726780804	0.32710902155593	0.0332653242260268	0.0842721547059345	49.7815577042491	2.45830746030338	0	7.2462964605695	16.7717433697	16.2432432432	16.0318950862	20.3906887685	20.8146295623	19.9989509573	20.1019888928	18.8931846148	18.2322730363	20.3213323441	18.4920373162	2.69161332677	2.51151934037	5.78284815106	2.80961890953	4.1876711785	4.86392724034	2.60715633827	6.2523558236	0	0.0025	0	0	0.2482	0.0054	0	0.0096	0	0	1e-04	0	0	0.0273	0.001	6e-04	3e-04	0	0	0	0	0.0619	0	0.0557	0	1e-04	0	0	11.3738611893324	7.47124404121175	10.1563089658531	7.03014779979845	0.339938779962296	0.367674140327136	0.356527473237256	0.36722519049838	7.51051846943846	5.75449792403506	7.47690060259298	5.51352032247229	15.0019214841809	10.059203444564	13.4206788808408	9.48110513940208	22.5124399536193	19.1176470588235	19.854347826087	15.8137013685991	19.0609756097561	23	20.8975794834338	15.6868730920192	-2	14.9946254618744	2.48535455102	6.22796866063	12.3863144218	3.5115469788	3.31234377348	4.37833347906	9.27677348125	6.66244859222	4.97807706492	11.8999737693	20.3669724771	12.5172446763	0.198785442789113	0.343071141431733	0.468087798089696	0.200969898204378	0.329976823056476	0.664178632424568	0.100484949102189	0.192486480116278	0.335252071604782	0.368536220200392	0.223440363071261	1.18815718351	1.14124282261	3.44746622707e-05	0.000154057629062	0	0.021	0.0012	0	0.0262	0.0126	0	0	0.0026	0	0.0418	0.0212	0.0118	0	0	0	0.036	4.29958709283	4.3267991829	4.12241972477	4.36782845215	2.9213851961267	2.6106460966136	8.73789594616773	55.6398052409869	12.4831774167077	17.6070901033973	2.92075906390202	2.09924821147084	8.09536801261065	58.4909664120286	13.3048381229538	15.0888201770341	2.17983651226158	0	3.26975476839237	85.8310626702997	8.71934604904632	0	3.39627589824285	1.2588512981904	8.44479412536061	61.2116443745083	5.36978756884343	20.3186467348544	3.05524774418237	5.14484723761279	10.5271489631154	52.17666613899	13.249960424252	15.8461294918474	2.65486725663717	3.83480825958702	23.0088495575221	45.7227138643068	12.3893805309735	12.3893805309735	0	0.0910746812386157	6.19307832422587	83.9708561020036	9.2896174863388	0.455373406193078	4.6448087431694	17.2131147540984	0.273224043715847	50.2732240437158	27.0491803278689	0.546448087431694	3.07498700517057	1.96016742811808	7.99113615845485	57.7380789538478	12.6036166662107	16.632013788198	2.77854959711031	1.45278450363196	5.35466200928829	55.8250307625134	11.1499225975469	23.4390505299091	0	4.76190476190476	95.2380952380952	0	0	13.6138613861386	0.123762376237624	0.247524752475248	64.1089108910891	7.67326732673267	14.2326732673267	3.31215864607018	2.25733105178031	6.16019315065282	63.9272403366072	12.7845104427932	11.5585663720963	3.00545381181095	2.59153682950005	8.43974123680477	56.3903315240736	12.3094745336926	17.2634620641181	2.65265736901621	3.45363739163211	10.5776479457218	51.7338861666038	13.3386732001508	18.2434979268752
"MERGE_ISO_3_A1"	2	5.76923076923	88.0959077485586	3.69380771574556	8.21028453569587	32.982096232749	0.0139873181648639	2.57599776202909	0.0652741514360313	0.100242446848191	49.6503170458784	5.25923162998881	0	9.35285341290563	17.0691411332	17.5386139496	16.6661566707	14.0901454451	14.2959070569	14.375	13.9118365368	15.0684210526	12.2881043745	14.0671674382	13.6979622048	8.07114828826	7.08978201076	10.8695652174	9.0978579019	10.8529945554	17.1297006907	8.70381692724	9.30076561886	0	0	0	0	0.1305	1e-04	0	0.0015	0	0	0	0	0	3e-04	0	0	0	0	0	0	0	0.0014	0	0.0043	0	1e-04	0	0	7.35001137785869	5.84400281392895	7.23757810518549	5.42986040177051	0.342935879180258	0.378699509663983	0.3389347433702	0.369810842128261	5.16176470588235	4.88744284206824	4.94351064075073	4.55260469867211	9.78438957788144	7.90063313401337	9.60079315671762	7.34201566224038	14.9461542837638	-2	13.031746031746	12.7880759760816	13.3571428571429	22.6315789473684	14.5443037974684	14.7708235294118	-2	11.8946203609125	1.67411217905	2.61617956283	5.94093406593	17.2112462006	2.12590035375	2.41189477009	4.16469706108	21.3145896657	3.21612751992	5.48937322323	31.2943262411	6.69650087372	0.978535353535353	1.21021890724352	2.7714502657555	1.22204184704185	1.68589318361998	3.54340673247279	0.541125541125541	0.750724028022716	1.98683877499367	1.99975612730155	0.694889495175141	0.420087836548	1.23779891945	2.6565247818e-05	7.02018443429e-05	0	0.0182	0	0	0.0124	0.0022	0	0	0	0	0.0064	0.0016	0	0	0	0	0.006	4.14994024937	4.16626217519	4.31548232063	4.20756866219	2.44131676026222	3.84759980262694	14.1450691980545	47.1322164524542	13.6269649192885	18.8068328673136	2.28047128371444	3.18773348659633	13.4036701013999	48.9777905496942	15.544562584671	16.6057719939242	0	0	1	6	1	1	0.271739130434783	3.17028985507246	6.79347826086957	29.1666666666667	24.8188405797101	35.7789855072464	2.52482269503546	10.0992907801418	11.7730496453901	47.6312056737589	9.67375886524823	18.2978723404255	2.07253886010363	5.44041450777202	34.9740932642487	35.4922279792746	9.32642487046632	12.6943005181347	0	2.68199233716475	0	3.44827586206897	2.68199233716475	91.1877394636015	0	50.8960573476703	3.9426523297491	23.6559139784946	17.921146953405	3.584229390681	2.29870057234475	3.75473069967747	13.5106918473499	46.7290590801469	14.4708141464233	19.2360036540577	1.28856624319419	2.17785843920145	8.8021778584392	36.6424682395644	31.2522686025408	19.8366606170599	0	0	0	0	0	0	0	5.46875	8.59375	80.46875	5.46875	1.46584804297774	6.69992325402916	10.2993092862625	47.9125095932464	20.6216423637759	13.0007674597084	2.26220630622762	4.77989344047515	14.0470783474539	46.3031705825836	15.2698925670364	17.3377587562233	2.63456156176994	3.3839890824139	14.2414359401383	47.9471699858904	11.5259177017556	20.2669257280318
"MERGE_ISO_9_D1"	0.5	1.24688279302	84.3165280665281	7.25051975051975	8.43295218295218	34.382166970314	0.0214339299110492	2.60207909120137	0.0342942878576787	0.0150037509377344	45.2277355053049	4.74332868931519	0	12.9739577751581	15.8829677609	16.1476310076	15.918061674	11.9838539074	12.4812623274	12.8055555556	11.7840769231	11.7209020369	11.9213626234	11.9720670391	11.9376077536	13.2839721254	10.2735614441	11.1111111111	13.8076923077	13.166828322	13.7217446673	12.1615814353	14.2956991752	0	0	0	0	0.0162	0	0	0.0017	0	0	0	0	0	0	0	0	0	0	0	0	0	0	0	0.0052	0	0	0	0	7.78871311226042	6.66248794599807	6.82074968910997	6.17029328287606	0.258635948603192	0.277179008890403	0.280653185545234	0.272444630709564	3.52601156069364	3.42719382835101	3.44146384793036	3.17218543046358	9.83054456951628	8.85920925747348	8.83998045834073	8.20908230842006	13.3565561302099	-2	13.1833333333333	12.2864030858245	-2	-2	12.2814443062711	11.9648337595908	-2	11.3812677388836	1.42235123367	4.56539735099	7.98319327731	2.97723292469	3.40004114138	2.81567489115	6.31622516556	5.16637478109	4.74595198213	8.53410740203	14.4483362522	9.1539569191	1.015670342426	1.13138987529936	2.01224846894138	0.957632037144515	1.30481460071022	2.53718285214348	0.580383052814858	0.734990502931704	1.5748031496063	1.73553719008264	0.707597523408668	0.734227701233	2.1331883007	5.03104386952e-05	0.000149913538238	0	0.0012	0	0	0.0018	0.004	0	0	0	0	0	0	0	0	0	0	0.0028	3.62220609579	3.68965232472	3.77010804322	3.66666666667	2.32080637132902	4.16251866600299	14.1270532603285	43.2740169238427	10.0267546042807	26.088850174216	2.0066889632107	3.51599348254867	15.9934825486665	46.2396020924449	9.04725152216791	23.1969813909613	0	0	1	0	1	0	0	1.11111111111111	3.88888888888889	65.5555555555556	13.8888888888889	15.5555555555556	1.83276059564719	4.69644902634593	12.2565864833906	49.3699885452463	13.9747995418099	17.8694158075601	0	7.59493670886076	27.8481012658228	46.8354430379747	12.6582278481013	5.06329113924051	0	12.8205128205128	17.9487179487179	10.2564102564103	2.56410256410256	56.4102564102564	0	84.2105263157895	5.26315789473684	5.26315789473684	0	5.26315789473684	2.16538461538462	4.41923076923077	14.5038461538462	43.0461538461538	9.71923076923077	26.1461538461538	1.454898157129	6.52279340446169	14.6702230843841	47.090203685742	6.8380213385063	23.4238603297769	0	0	0	0	0	0	0	0	16.4383561643836	0.91324200913242	82.648401826484	2.10124164278892	2.35593759949061	16.0458452722063	50.3661254377587	9.42375039796243	19.7070996497931	2.37215298667813	4.95917490330898	14.8947142243232	43.8074774387624	8.03609798023206	25.9303824666953	2.26457294627464	3.76496901355948	13.6852895950794	43.2458878896603	11.2762685802153	25.7630119752108
"MERGE_ISO_3_G1"	2.25	8.31295843521	86.0966486852245	13.7229103621976	0.180440952577862	36.5809878051037	0.00185051536853014	11.8210921741705	0.00370103073706027	0.0222061844223616	46.0038120616592	3.6288606376876	0.00185051536853014	1.93563907548252	17.0529109638	16.6346793739	15.7963160136	17.5384674678	17.578124633	18.642652909	17.6179992764	18.1976964028	16.166826376	17.6972877768	15.0005495571	2.94990480448	2.55091255021	2.60649759655	2.74873371925	2.11950843326	7.33215547703	2.58768691568	14.7766211935	0	0.0175	0	0	0.2059	8e-04	0	0.0156	3e-04	0	1e-04	0	0	0.0172	1e-04	0.0024	0	0	0	0	0	0.004	0	0.0158	2e-04	0	0	0	9.10921288014311	9.05537764586425	9.11981760277939	6.60704014005252	0.325990166973284	0.320997179836296	0.323603363203345	0.325988534012809	5.77787716159809	5.65515894712177	5.84903011001737	4.43510066274853	11.9647286821705	12.0701007576349	12.0939200926462	9.1538702013255	17.7426058437686	28.258064516129	22.3570823529412	17.7252597047567	15.0714285714286	20.3669064748201	17.9429502026636	19.1283296541575	29.3055555555556	13.588970864074	7.18701544534	5.07988571546	16.2933001452	4.67743441322	3.00609322162	10.8056948388	7.98444575095	6.51666511063	5.41637014373	19.3721178437	14.7838670526	13.5448212811	2.05700024152645	3.14187631295793	8.40838038355653	2.51791321149666	4.89726904749705	13.1491764266716	0.851380726189518	1.32602346672132	4.82945266203164	3.28370905997448	1.17266992266992	0.698286025211	1.56748121743	2.29744621284e-05	9.32794693993e-05	0	0.0128	0	0	0.029	0.02	0	0	0	0.0012	0.0056	0.0064	0	0	0	0	0.0106	4.30266494908	4.1846037179	4.27447117379	4.17913303159	1.95401324258284	4.98562432072025	10.5308595345826	47.8128155519413	17.6716795264119	17.0450078237611	1.7240974326451	3.70070232306861	9.99694642144082	50.2560308176544	18.7689380593334	15.5532849458577	0	20.8053691275168	29.5302013422819	29.1946308724832	0	20.4697986577181	1.61611138736947	4.1708105420189	8.3291894579811	48.338305983756	17.7129951931046	19.8325874357699	3.35060160427807	5.94919786096257	10.970922459893	40.4077540106952	14.6473930481283	24.6741310160428	2.06060606060606	7.03030303030303	25.5151515151515	43.0909090909091	12.8484848484848	9.45454545454546	15.4929577464789	4.22535211267606	0	9.85915492957746	64.7887323943662	5.63380281690141	0	22.3880597014925	3.78109452736318	12.2388059701493	59.5024875621891	2.08955223880597	1.94735890014472	4.95115774240232	10.0750723589001	48.4632778581766	18.5663892908828	15.9967438494935	1.05975421662769	4.73655405741579	8.35613712124981	51.6692372754863	19.32931986666	14.8489974625603	46.1538461538462	0	53.8461538461538	0	0	3.50877192982456	0.219298245614035	7.45614035087719	44.5175438596491	39.9122807017544	4.3859649122807	1.87309097442654	4.26423908486554	8.40120979816733	50.4791279870635	23.3904294184584	11.5919027370186	1.96144711209159	5.24653744540417	10.3205031267513	47.5933355275448	18.3272992518925	16.5508775363157	2.47300704726191	4.51929915303549	12.2648218788388	45.4936316027672	13.8617702204694	21.3874700976272
"MERGE_ISO_5_D1"	0.25	1.25313283208	82.4592431353876	9.71022379429971	7.83053307031268	34.0563918220625	0.00561671534486632	4.17995955964952	0.0224668613794653	0.0527971242417434	43.6385082004044	4.74724780948102	0.00337002920691979	13.2936418782296	16.6682800659	17.0013357547	16.3684983279	12.5056871503	13.0873857223	13.4896372018	12.3727764524	12.6451671664	11.497165528	12.3293718166	11.8237596201	11.2200653436	8.87595334707	6.61856083383	11.4258956973	10.0117703108	16.2142218441	11.8877942751	15.9800229245	0	7e-04	4e-04	6e-04	0.1687	0.0031	0	0.0089	0	0	1e-04	0	0	0.0014	0	0	2e-04	0	0	0	0	0.0451	0	0.0145	0	9e-04	0	0	7.03537287871711	4.83350214003333	6.36261188945361	4.22860346708692	0.352608710096414	0.36774381901083	0.35646826943385	0.360688339522312	5.04141366962479	3.8818244192505	4.6485711824454	3.44529639956358	9.38237583683637	6.58022674551573	8.39766471145638	5.78585283064614	14.4237895064612	15.6774193548387	14.223201174743	10.4620511647662	11.7625	17.8805970149254	13.0462358939018	11.8541379030293	-2	9.23114923020972	6.63557390309	2.84657923173	2.86611700039	2.89123735859	2.41707539525	10.6198594523	4.58556687925	5.02554133146	4.48006053983	23.1924705091	13.3125142184	11.2283882117	1.02153303446755	1.881305669022	8.83242464766999	1.08347594200464	2.02461335690414	11.6284332887563	0.580583523186595	1.2118390978938	7.82841271474128	7.67820124382076	1.08255507937862	0.902380332986	1.05724830905	1.34221965422e-05	4.12586124389e-05	0	0.0208	0.061	0.0124	0.0216	0.0124	0	0	0.0062	0.001	0.0078	0.006	0.0086	0.0076	4e-04	6e-04	0.0092	4.22070913348	4.36919544318	4.49083982296	4.33998600881	2.72279378540892	5.67498522818115	17.596277501651	47.8928434882347	11.4716207292065	14.6414792673178	2.83968189897531	5.5377337780516	17.2087555678302	49.5294342588855	12.3069405791252	12.5774539171323	0.149700598802395	5.38922155688623	4.04191616766467	28.2934131736527	50.2994011976048	11.8263473053892	1.69573060733614	4.33754259370615	18.7853277209862	49.7414311485268	13.2210863900581	12.2188815393867	3.85132743362832	6.32212389380531	14.7469026548673	49.4300884955752	11.1433628318584	14.5061946902655	2.08937899013349	8.47359257109692	22.9831688914684	49.2745211839814	11.3755078351712	5.80383052814858	0	0.63329312424608	5.57901085645356	80.307599517491	10.3739445114596	3.10615199034982	0.380047505938242	7.12589073634204	44.3230403800475	44.5605700712589	1.23515439429929	2.37529691211401	2.64785283776996	5.86754980746693	18.1294994140298	47.6142641888498	11.6498200234388	14.0910137284447	1.93229268839503	5.92859344786033	18.4373511195808	49.3834599108819	12.898298909845	11.4200039234369	14.2857142857143	0	25.7142857142857	48.5714285714286	11.4285714285714	28.8562434417629	1.99370409233998	14.6904512067156	1.8887722980063	3.46274921301154	49.1080797481637	2.84923039526344	5.63248226827214	18.2734462492078	50.7470331368447	12.6453046731893	9.85250327722265	2.84623619867421	6.22560098623382	18.2177500459594	47.6517469964206	11.5168751960032	13.5417905767089	2.59210741771737	4.23612248239725	15.2071393482888	49.0175208776813	11.255935811364	17.6911740625512
"MERGE_ISO_6_D7"	0.25	1.00250626566	79.0999771251118	17.4265057568469	3.47351711804136	23.9625664404425	0.0213159505194903	7.86077246254237	0.010314169606205	0.101766473447889	50.1873740811794	4.91573323431731	0.024754007054892	12.9154031808899	17.1258690306	17.1468077068	16.4534833405	16.6383370417	16.6162932051	15.2212301587	16.3209620958	16.1186749734	15.1180261602	16.4750856405	16.1150002486	2.17471922017	1.99764129547	4.90362811791	2.27726126397	1.94499316213	5.82694581093	2.20762242044	6.90100929747	0	0.0025	0	1e-04	0.2828	0.0016	0	0.0101	0	0	0	0	5e-04	0.01	0.0018	2e-04	6e-04	0	0	0	0	0.0101	0	0.0198	0	0	0	0	8.88345074774441	7.58610987709166	8.53470679839677	7.20719583399085	0.333652717096069	0.347693373711041	0.335002311371011	0.342585811516359	5.74873316030157	5.10661928031986	5.5101988716142	4.89158908000631	11.7160425163762	10.057900192507	11.1934339179495	9.57440429225185	17.4647756766778	-2	14.8324396782842	15.1645194728269	-2	16.3173076923077	16.7036327895637	18.3839935327405	-2	14.4659933722582	2.43016358449	3.00599975511	20	3.78616352201	1.79697878467	4.02085343076	5.30794661442	6.67924528302	3.13019544829	10.6032306398	19.3081761006	8.88068665431	0.701646721898333	0.468532736835741	1.67169431875314	0.758924005318605	0.609092557886464	3.30568124685772	0.302751355221438	0.193458678435403	1.35746606334842	1.39156013123657	0.238320990185275	0.501614104793	0.624534392848	4.03594389016e-05	0.000123721575585	0	0.0178	0	4e-04	0.024	0.0312	0	0	0	0.0068	0.0416	0.014	0	0	0	0.0478	0.0418	4.28086899599	4.22813699707	4.57963163597	4.31653048397	2.46609451154906	4.2580525535071	11.9344670481034	49.4596312778131	12.8311082856537	19.0506463233736	2.30971604826272	4.03519912909371	11.8044089630772	50.5651818924068	13.4173999818561	17.8680939853035	0	0	0	0	3	4	0.481859410430839	3.75566893424036	10.4591836734694	53.5572562358277	12.4149659863946	19.3310657596372	3.97814207650273	5.26775956284153	11.344262295082	49.8579234972678	10.8852459016393	18.6666666666667	3.90455531453362	6.07375271149675	24.5119305856833	45.119305856833	9.54446854663774	10.8459869848156	0	0.364963503649635	3.28467153284672	70.4379562043796	0.72992700729927	25.1824817518248	0	49.4117647058824	2.79411764705882	9.11764705882353	8.08823529411765	30.5882352941176	2.46170060601498	3.83558550080927	11.8455226408703	50.2126698535777	12.9672149659352	18.6773064327926	1.21562072633338	3.14541862938763	14.1315909436256	55.5082814161981	14.1163956845464	11.8826925999088	0	0	100	0	0	1.67364016736402	0	10.1813110181311	43.5146443514644	41.4225941422594	3.20781032078103	2.8982191206193	3.22998894100599	11.2725470007246	53.4378217595241	14.9220150249781	14.239408153148	2.49391828156288	4.43675840270078	12.0906217419366	49.6367517831433	12.7360285964883	18.6059211941682	2.75940933724457	3.99244269875205	11.6193506687217	48.9186098543231	12.5988166857256	20.1113707552329
"MERGE_ISO_24_E4"	2.75	11.8932038835	27.6240208877285	25.2219321148825	47.154046997389	9.55015134119612	0.0834985909612775	15.8229829871621	0.0626239432209581	0.0104373238701597	15.5411752426678	2.36927251852625	0	56.5598580523954	16.3724152786	16.7420437854	16.5168111973	13.1761475814	13.6128760783	10.8567073171	12.6973571608	13.0380083618	9.72871517028	12.6557761174	11.0531471244	11.5436821323	9.23627182832	24.1463414634	12.9675308331	11.0224249335	25.5749668288	12.2065520138	22.6893608767	1e-04	2e-04	0	0	0.0085	0	0	0.0011	0	0	0	0	0	0	0	0	0	0	0	0	0	0	0	0.0015	0	0	0	0	7.81737367436057	5.06763590391909	7.12203937250077	4.63172606568833	0.307731787459066	0.332360424849106	0.309423333692651	0.328464003042725	4.69143792888334	3.60429835651075	4.41271916333436	3.28494060097834	10.0920149719276	6.92035398230088	9.29729314057213	6.305642907058	14.783452900811	14.1851851851852	10.0151706700379	10.5246523388116	-2	-2	13.7100123039065	12.9878453038674	-2	9.59058350803634	2.05209700822	1.81916183803	6.96324951644	2.83918669131	1.33128520225	3.36488634008	3.23406548983	4.35489833641	2.34421959527	10.0946590202	9.21996303142	6.00636701618	2.70755629230557	3.37071107231585	3.65195534856213	2.59704379057881	3.00141005841671	3.91808974643306	1.83036330984943	2.28966628617471	2.86833739927552	2.94239535847493	2.12255626745523	0.677597650378	0.538840452348	4.60076638781e-05	0.000104684155419	0	8e-04	0	0	8e-04	0.0018	0	0	0	0	0.0018	0.0042	0	0	0	0	0.0022	4.17652342131	4.26880204136	4.29303675048	4.45985509389	3.12191510365252	3.99494076999013	10.8249012833169	50.626233958539	12.3951135241856	19.0368953603159	2.76141384388807	4.23416789396171	10.0199873763939	53.3505154639175	13.0180938354723	16.6158215863665	0	0	0	95.2	4	0.8	2.01219512195122	3.53658536585366	8.29268292682927	48.780487804878	10.5487804878049	26.8292682926829	2.75344180225282	4.57863996662495	11.2953692115144	51.720901126408	11.284939507718	18.3667083854819	1.45513338722716	5.82053354890865	18.6742118027486	53.7590945836702	12.1261115602264	8.16491511721908	0	0	0	26.6666666666667	70	3.33333333333333	0	0	0	0	0	2	3.50868361439718	3.33249433677322	10.5612886987163	51.2257739743267	12.6000503397936	18.771709035993	2.24249334853668	4.18091980235652	8.0957810718358	50.8171797795515	16.153553781832	18.5100722158875	0	0	0	0	0	0	0	0	5	1	0	2.71450685537373	4.05793896505971	11.687306501548	53.9307828394516	12.1682883679788	15.4411764705882	3.37327025951634	4.50948317785932	11.2648658207701	50.8422122993943	11.994341040718	18.0158274017419	2.57491998836194	3.81146348559791	11.0319076714189	51.0862186014935	12.3023954999515	19.1930947531762
"MERGE_ISO_8_B4"	0.75	7.19602977667	94.3702611028485	4.14490134178416	1.48483755536734	41.9304206075083	0.010894476903709	1.16288453468479	0.0322799315665451	0.0508408922173085	47.8691210174634	4.49901546208722	0.000403499144581813	4.44413957842409	17.2878805794	16.2126378902	16.7630951521	17.2621287216	17.3567199826	16.8581183612	17.2265153033	17.7021134906	15.6676563235	17.412809276	13.9508860584	3.47291713267	2.76326264746	4.71717858825	3.12652102958	1.78752935404	8.32397986893	2.58072369823	17.7350131524	0	0.0243	0	0	0.7176	3e-04	0	0.0641	0	0	0	0	0	0.1253	0	0.0122	0	0	0	4e-04	0	0	0	0.1451	0	0	0	0	9.27728237791932	6.84810412278062	8.98860825722983	6.39915827694339	0.328246611680311	0.338349775548837	0.332971220527433	0.328662535076416	5.86187443130118	4.67597050857659	5.89186168188737	4.31325301204819	12.1012435547467	9.11608486307553	11.7828909817352	8.48390823568246	17.9631179860479	-2	12.7355873428695	13.7920553716521	18.2272727272727	24.3333333333333	17.6747526636225	20.3936622018948	-2	12.7971612477306	7.36867658867	8.45162575029	31.8299445471	5.34750143596	4.67512890122	10.6123134955	15.4467613006	9.47156806433	8.48380146877	23.0733319639	26.9385410684	22.3177540171	0.659586361095584	0.346617998670119	1.79145613229215	1.30054033910937	0.420185900428674	2.35989894350023	0.391280044717719	0.151380105541644	1.64790996784566	1.80450388435441	0.251149819341618	0.830778987422	1.88352182645	2.53936768828e-05	0.000197087514049	0	0.0452	0	0	0.1008	0.0532	0	0	0	0	0.128	0.0612	0	0	0	0	0.1158	4.55498416247	4.39661002561	4.28774718167	4.39718633362	2.4475236334954	2.08845931977915	12.9451514545048	47.8273665870054	13.6208987203183	21.0706002848969	2.3550698414996	1.97872186436998	13.2054715205906	47.6615763190273	13.8655279727871	20.9336324817254	0	0	0	0	2	98	2.2238501386636	0.743027575741719	13.5131599602323	47.5328344932238	13.481764428863	22.5053634032756	2.62893081761006	4.18867924528302	9.61006289308176	49.9748427672956	11.8238993710692	21.7735849056604	1.33954571927781	3.61094933022714	19.3942923704135	45.602795573675	14.618520675597	15.4338963308096	0	0	0.516795865633075	72.3514211886305	1.29198966408269	25.8397932816537	0.583657587548638	10.1167315175097	0	43.3852140077821	45.7198443579767	0.194552529182879	2.39642683310906	1.58187075901165	13.1316746356687	48.4739599736593	13.8274114581842	20.5886563403671	1.38796396901616	0.417090182608391	11.0230976832218	47.9828957975535	15.8459219796011	23.343030387999	0	0	0	0	0	0	0.0886524822695035	0.177304964539007	72.2517730496454	27.1276595744681	0.354609929078014	2.3987110322604	1.73069263912524	13.4472645642492	48.1335312647091	14.2202831384192	20.0695173612368	2.341824157765	1.96141087677653	13.4757600657354	47.230591314404	13.8820414498311	21.108372135488	2.67201993631455	3.04582583414094	11.2037934376298	49.6434999307767	12.5917208915963	20.8431399695417
"MERGE_ISO_7_D1"	0.5	3.25814536341	73.421644451758	15.1678459766332	11.4105095716088	32.0790633571224	0.0102342971766986	3.79624196607672	0.0832389503704816	0.0177394484396108	34.0365432637856	7.27931443854646	0.00136457295689314	22.6962597055252	16.8742261815	16.3316319492	16.5039152464	14.5564224916	13.726466291	11.6148459384	15.022804629	11.4634146341	10.3587511258	14.3006461691	10.1737588652	9.51766830023	11.0415362137	37.2549019608	9.90469707284	12.6829268293	29.0603422396	10.2108925655	32.9787234043	0	0.0057	0	0	0.1996	0	0	0.0109	0	0	0	0	0	0.0317	0	0.0069	1e-04	0	0	0	0	0.0023	0	0.0221	0	0	0	0	7.1797128300139	5.62394705174489	8.27617051013277	4.77626459143969	0.351345463235492	0.340438536082018	0.347998365895012	0.316579701066728	4.986413463023	4.17208182912154	5.83927323549965	3.56809338521401	9.3886058360352	7.40192539109507	10.7906359189378	6.27570872707059	14.3750192990582	-2	10.4545454545455	11.5740072202166	-2	-2	16.6299091544375	12.7860538827258	-2	9.8438021122846	3.72349745926	8.59562550013	36.7078825348	12.8923930501	4.15563715026	6.56211669879	14.5838890371	18.0902321507	7.2439017448	20.2470650079	35.6256387794	19.4688754163	0.175116014359513	0.384742951907131	0.554744525547445	0.253918220821294	0.417910447761194	0.773722627737226	0.113825409333684	0.238805970149254	0.467153284671533	0.51588379038827	0.176208285385501	1.75896445535	1.12740748473	0.000161346405115	0.000584804441395	0	0.05	0	0	0.0302	0.0112	0	0	0	0	0.0602	0.0462	0	0	0	0	0.0202	4.53427895981	4.61724709784	4.39073359073	4.53824817518	2.88238328604591	2.48258963115811	8.04745937580604	52.2182099561517	13.5929842661852	20.7763734846531	2.91170945522855	2.61949488624504	6.33479440617825	54.0179503235233	16.238781047798	17.8772698810269	0	0	0	0	0	0	1.26050420168067	3.01120448179272	7.00280112044818	43.7675070028011	15.6162464985994	29.3417366946779	2.17755443886097	1.94304857621441	5.79564489112228	52.7638190954774	9.98324958123953	27.3366834170854	1.5015015015015	3.9039039039039	21.1711711711712	42.3423423423423	16.8168168168168	14.2642642642643	0	0	0	90.1639344262295	0	9.83606557377049	0	0	0	0	1	0	3.01792602677558	0.90764692534604	7.63557975947356	54.0276832312231	15.3846153846154	19.0265486725664	1.30081300813008	5.52845528455285	7.39837398373984	50.8130081300813	14.0650406504065	20.8943089430894	0	0	0	0	0	0	0	0	0	0	0	2.53677574302011	1.00570399279496	4.848393875713	54.2479735815071	15.7760432302612	21.5851095767037	2.94681530923809	2.37165376695306	7.82503727898885	53.1278846836612	13.0440957182419	20.684513242917	2.10795902285264	2.65957446808511	9.06225374310481	48.7194641449961	13.4160756501182	24.0346729708432
"MERGE_ISO_2_A1"	4.75	9.07029478458	69.8878187110395	14.0389011730315	16.073280115929	32.4199266123515	0.000621929224454257	7.05392126376018	0.00559736302008831	0.00932893836681386	34.8777909073947	2.61396853038124	0	23.018844455501	17.3159766431	16.6752256573	17.4344772455	18.4171091681	18.6357519017	16.9554886304	18.6703679151	18.848744392	13.4584519913	19.3605368994	8.61574396472	8.44412504492	6.70372537546	13.8093001409	7.22406363938	6.62762920235	28.4694181154	5.3524436868	48.9351207057	0	0.0119	0	0	0.1229	0.0022	0	0.0363	0	0	0	0	0	0.035	4e-04	0.0146	0.0048	0	0	0	0	0.0309	0	0.0897	0	4e-04	0	0	10.3985470596349	5.11329628046174	10.3921985080812	3.60476821192053	0.299206886144669	0.330483539360485	0.301666696221239	0.297820668980983	5.89507563566141	3.7392047883711	5.98888831330294	2.60211920529801	13.6347878063359	7.08430953398888	13.4663282221301	4.97112582781457	19.5298634419973	-2	10.3555401341661	10.82351432236	18.2659574468085	22.1333333333333	19.4552165354331	19.6007569675422	-2	7.57324503311258	8.18440737379	3.91458440934	20.9535471034	1.49954640055	3.0712288853	11.4738192858	7.07403515646	2.79097070281	5.3061385203	22.5032080373	8.11142536955	14.4883253928	0.825929170316606	0.864340676715505	2.18121700175991	0.929170316606182	0.867854256702154	2.62386006079676	0.55374796646227	0.567443167843716	2.04789077915845	2.11808207065632	0.553476616837444	0.937977551773	1.45966169574	2.19566609438e-05	0.000180030875065	0	0.014	0.0046	0	0.0172	0.0202	0	0	0	0	0.0164	0.023	0.1636	0	0	0	0.0284	4.16744360667	4.25209508249	4.10063518788	4.41928430484	2.61641447412198	5.79976311201608	10.4057704848219	44.7159340439973	13.0208541275735	23.4412637574693	2.67602886678369	4.96976789545543	10.6065925492491	46.4228593719524	12.8905792861322	22.4341720304271	42.5531914893617	0	0	6.91489361702128	0	50.531914893617	2.96466167490951	4.20799602133009	10.0406155886497	44.5086066366424	13.4280109413422	24.850109137126	2.14322666469588	2.65316680215801	6.2375286379425	43.6553100288227	12.2533441726406	33.0574236937403	1.36809914694994	5.05391920167391	17.6726219217769	38.7896346370513	16.3367133429905	20.7790117495574	6.1025641025641	0	9.43589743589744	46.974358974359	9.94871794871795	27.5384615384615	0	1.22699386503067	38.4458077709611	17.7914110429448	0.408997955010225	42.1267893660532	2.75439177991382	5.81703679151475	10.6595956247928	46.1683791846205	12.7411335764004	21.8594630427577	2.88411116937598	5.67791178698363	8.89121948377323	46.5070209170891	12.7833129406281	23.25642370215	0.952380952380952	0	99.0476190476191	0	0	0.419287211740042	31.8658280922432	0	55.7651991614256	7.9664570230608	3.9832285115304	2.50350660942747	4.02303736132954	10.0607812300761	48.4018361882093	12.8979470395716	22.1128915713861	2.67291173598583	6.26106817166217	10.317604806276	44.9264328627464	12.6661260157892	23.1558564075404	2.10654596100279	3.62116991643454	10.2338672237697	42.8621169916435	13.939182915506	27.2371169916435
"ISOPath1B_48_T12"	0.5	1.24688279302	62.1481436280108	14.2211432008578	23.6307131711314	30.035529659918	0.00605128027801311	14.7167136361279	0.0803955808364598	0.00345787444457892	28.3057279690174	3.65194764778091	0.00216117152786182	23.1980151800688	16.2339763535	16.6281102892	16.1927846674	15.9569677258	16.4305159861	16.8228571429	16.8582502769	13.5376344086	12.5896323361	16.3806451613	9.79552023121	9.55716787591	7.85058562836	9.95918367347	7.97342192691	4.65949820789	21.1235441882	7.58064516129	31.8641618497	0.0509	0.1158	0.0297	0	0.672	0	0	0.0666	0	0	0.0089	0	0	0.0287	0	0	0.0522	0	0.0091	0	0	0	0	0.0079	0	0	0	0	8.23246753246753	5.53859348198971	9.60957004160888	4.92209991532599	0.334925351785937	0.332606861505507	0.312940414704156	0.327268451449498	5.50194805194805	3.85849056603774	6.1373092926491	3.42633361558002	11.0467532467532	7.48627787307033	13.123439667129	6.64775613886537	16.5487012987013	19.1707317073171	14.1268292682927	11.3447684391081	15.5625	-2	19.2607489597781	15.5081967213115	-2	10.0740897544454	14.1190667739	58.8122605364	61.25	10.7399942413	22.0675105485	21.9629927595	63.282247765	14.1664267204	26.888185654	47.1842316975	28.5632018428	39.8206751055	1.76282051282051	0.702202361953399	3.08090987618773	1.64262820512821	0.638365783593999	2.62021307227181	1.36217948717949	0.574529205234599	2.41865822055859	2.44689432643184	0.918544194107452	8.36741649625	1.24403544649	0.000355955695129	0.00104709098448	0	0.318	0	0	0.2128	0.3136	0	0	0	0	0.271	0.0344	0	0	0	0	0.0512	4.25320512821	4.58474305777	4.95061728395	3.99107399942	2.80210157618214	2.45183887915937	13.3099824868651	45.4340755566675	13.259944958719	22.7420565424068	3.10224754669199	1.61443494776828	10.636277302944	45.9639126305793	14.0867363089585	24.5963912630579	17.8723404255319	0.851063829787234	8.08510638297872	28.936170212766	18.2978723404255	25.9574468085106	1.46938775510204	0.489795918367347	10.8571428571429	32.4081632653061	9.22448979591837	45.5510204081633	3.05790500975927	7.7423552374756	13.7931034482759	51.9193233571893	12.3617436564736	11.1255692908263	3.89221556886228	5.98802395209581	26.6467065868263	42.814371257485	14.6706586826347	5.98802395209581	0.814663951120163	0	4.88798370672098	8.75763747454175	2.24032586558045	83.2993890020367	0	2	0	0	0	0	1.07050572166851	1.95644149132521	13.6950904392765	42.561830933924	13.5105204872647	27.2056109265412	0.3584229390681	0.716845878136201	2.5089605734767	93.9068100358423	1.4336917562724	1.0752688172043	0	0	0	0	0	0	0	0	0	0	0	1.87257364695136	3.92783740580041	13.9986298241608	47.362411509477	13.8844485042247	18.9540991093857	2.61290322580645	3.19354838709677	13.741935483871	44.0967741935484	12.8064516129032	23.5483870967742	3.28757225433526	4.98554913294798	14.7037572254335	50.2167630057803	13.4393063583815	13.3670520231214
"MERGE_ISO_22_B4"	0.5	2.25563909774	89.273634079574	9.19563505456182	1.53073086586418	28.6990620056592	0.043817629540509	0.882293964307199	0.0267361807365818	0.0980326627007999	52.798015581252	7.68887997682864	0	9.76316199897511	16.7598920863	16.8573379557	16.7030293152	10.0468852459	10.5316693118	4.67648948866	9.73308071907	10.8662838392	4.95505788164	9.94258373206	5.65138840188	28.5409836066	26.7782426778	56.632699899	29.1505111033	26.127973749	55.129287028	26.0366826156	52.3685484814	0	1e-04	0	0	0.001	0	0	0	0	0	0	0	0	3e-04	0	1e-04	0	0	0	0	0	0	0	9e-04	0	0	0	0	7.61750266808965	4.34935964728113	6.82076760650851	3.69290663147476	0.236265318019675	0.279155085289144	0.242032302568235	0.270392287941014	3.09775880469584	2.30964378193016	2.92485405539685	1.92497525569119	9.15880469583778	5.57726222968717	8.28331884237983	4.70989772352359	12.2565635005336	-2	5.98964525407478	7.88690601161733	10.8965517241379	-2	11.2081728977767	12.8054901960784	-2	6.63487297921478	4.19433764418	4.52070276379	11.0834371108	0.384	0.696692163665	7.65466620063	6.92489468817	0.726857142857	1.14228486001	17.441454037	1.85142857143	3.18446376475	6.20195667365479	6.15321505486617	6.56397129405311	5.93990216631726	5.99938467849451	6.77195227864881	4.75192173305381	4.76874166752128	5.44407368469169	5.55899180454616	4.87961289570338	0.320412976726	0.305579042618	1.87605370034e-05	4.6421887723e-05	0	2e-04	0	0	6e-04	0	0	0	0	0	4e-04	0	0	0	0	0	0.0036	4.24200594094	4.21936211671	4.21232876712	4.40435160214	2.29508196721311	5.80327868852459	11.4535519125683	49.3060109289617	13.9289617486339	17.2131147540984	2.43832058865965	5.48261434136488	10.3592555186842	51.6375703361708	14.687635261867	15.3946039532535	0	0	0	1	0	0	2.05636647388231	2.78160286422473	6.90351601946204	50.3717984026439	14.1650601303589	23.7216561094281	2.88239402568098	3.03551281362489	7.29597593080105	55.4854134207274	12.4644065975394	18.8362972116263	1.41330865651552	5.04753091612686	19.668545469841	46.3363338100446	15.1089425422731	12.425338605199	0	6.18556701030928	9.27835051546392	67.0103092783505	10.3092783505155	7.21649484536082	0	2	0	3	0	0	1.92104335565738	4.74973563623546	11.535072259429	50.0088121254847	14.4078251674304	17.3775114557631	2.17391304347826	11.2797374897457	11.0336341263331	40.0738310090238	16.5709598031173	18.8679245283019	0	0	0	1	0	0	1	1	6	0	1	2.6095423563778	3.51617440225035	10.505247214108	54.198853186195	13.4739803094233	15.6962025316456	2.35247208931419	7.92131844763424	10.6858054226475	49.8936735778841	14.9920255183413	14.1547049441786	2.47791748067258	3.6667835495667	10.5962697657333	52.4837616256742	13.1192706507038	17.6559969276495
"ISOPath1B_162_T3"	1.75	11.7505995204	84.6833570754125	11.8639442415907	3.45269868299685	35.3206698569791	0.00814779004774605	2.20479198692008	0.0103205340604783	0.0141228360827598	45.6841156117089	3.67519649753665	0.00054318600318307	13.0820917006611	16.6951552795	16.833976834	16.3915326551	15.7403505217	15.9374092361	16.3640552995	15.6947773973	15.6982300885	14.0493744787	15.9419195387	13.5867088608	5.28821801236	4.80685448737	7.55760368664	5.0799086758	5.04424778761	9.02418682235	4.48990800494	12.194092827	0	0	0	0	0.1727	0	0	0.0313	0	0	0	0	0	0.0159	0	0	0.0012	0	0	0	0	0	0	0.0195	0	0	0	0	8.71598244255099	6.88655321988655	8.28738591153756	6.42379443857797	0.31361133328711	0.341410549241193	0.316789982669261	0.344782303422175	5.31732507100439	4.72172172172172	5.26632342616429	4.54663850756776	11.3767105602892	9.17450784117451	10.9288556049614	8.58887715593101	16.6940356312936	13.88	17.3647058823529	13.8962295628962	-2	-2	16.1951790311257	16.5488958990536	-2	13.1355156634988	5.73696145125	4.27872860636	30.8539944904	5.55729984301	2.43034524531	9.61451247166	8.47595762021	9.57613814757	4.44427619624	26.6893424036	24.8351648352	15.3164748637	0.923215492006305	0.794135613927917	0.941028858218319	0.743075883809953	0.651598452453675	1.16060225846926	0.292726863319072	0.203624516391774	0.376411543287327	0.34472852628555	0.235824874397621	0.815104383265	1.10621309157	0.000169579778583	0.000581340054628	0	0.03	0	0	0.0308	0.048	0	0	0	0	0.0192	0.0128	0	0	0	0	0.031	4.27786534564	4.26919161067	4.46542553191	4.29140526976	3.32286495795765	2.92776820990781	14.1019146996252	54.0674703677439	12.2176071320028	13.3623746327626	3.51437699680511	1.74266627940749	13.1426081905315	57.6096427534127	12.0098751089166	11.9808306709265	1.81818181818182	1.81818181818182	3.63636363636364	83.6363636363636	3.63636363636364	5.45454545454545	5.25345622119816	5.06912442396313	10.5069124423963	50.7834101382488	7.83410138248848	20.5529953917051	2.89565651522716	4.14378432351473	12.1318022965552	51.1732401397903	12.9805292061907	16.6749875187219	2.01342281879195	6.04026845637584	22.8187919463087	49.6644295302013	10.738255033557	8.7248322147651	0	0	23.5294117647059	23.5294117647059	40	12.9411764705882	0	1	0	0	0	0	3.31050228310502	2.82534246575342	13.9554794520548	54.1666666666667	12.4143835616438	13.3276255707763	4.24778761061947	3.27433628318584	13.2743362831858	57.787610619469	13.6283185840708	7.78761061946903	0	0	0	0	0	0	0	0	0	0	0	2.91909924937448	3.30275229357798	12.9107589658048	58.1150959132611	11.9266055045872	10.8256880733945	3.51503501304408	2.67746807634217	14.3484827680901	54.2084305917891	12.4261979953316	12.824385555403	2.80590717299578	3.92405063291139	13.1645569620253	52.4894514767932	12.1729957805907	15.4430379746835
"MERGE_ISO_18_A1"	1.5	12.0393120393	84.8782882914804	9.77186331033575	5.34984839818382	33.0244122965642	0.00753465943339361	1.77416114124975	0.41289933694997	0.0195901145268234	49.4127988748242	1.86558167570826	0	13.4830219007434	16.7306036745	16.5278929188	16.2570332481	16.6248583913	16.3848067227	14.4286640726	16.6236173763	15.9825608798	12.6700239204	16.5802847755	13.6552917428	6.31979284674	5.31092436975	14.1699092088	6.29055181363	7.57266300079	20.3575475261	5.41621029573	20.7151783139	0	0.0029	0	0	0.0851	3e-04	0	0.0306	0	0	0	0	0	0.0099	0	8e-04	3e-04	0	0	0	0	0.0014	0	0.0484	0	0	0	0	8.8407447973713	6.23355169467388	8.96404697380307	5.54892524863651	0.326872286845302	0.357902970465949	0.332891320983832	0.355043670885799	5.65180722891566	4.76246083736827	5.80153568202349	4.26371511068335	11.5799561883899	8.54856166334378	11.7266485998193	7.6018607635547	17.2317634173056	-2	13.119170984456	13.311022500712	14.4634146341463	-2	17.5281842818428	17.3087248322148	-2	11.865575874238	2.72345092305	2.8677839851	12.838038633	1.72456270017	1.62044061419	4.80716505209	5.25139664804	3.27666913033	3.12556897493	13.9828184975	11.8009361912	9.54057170601	0.986571663469444	0.949625343126345	1.132725929574	0.548095368594135	0.60093478744714	1.47746860379217	0.310587375536677	0.348690555679205	0.96035459246491	0.975901214897431	0.530827445213586	0.659386665736	0.711718940795	7.63903954631e-05	0.000245887804357	0	0.0052	0	0	0.0114	0.0136	0	0	0	0	0.0094	0.0074	0.0034	0	0	0	0.0168	4.37736366128	4.41338378218	4.58793820559	4.49741442994	2.97378216539893	3.66564168959379	12.5424826023628	54.8106489723256	13.0522738307169	12.9551707396019	3.47563025210084	2.70252100840336	11.6100840336134	57.1563025210084	13.2436974789916	11.8117647058824	0	0	0	0	1	0	3.17769130998703	2.95071335927367	8.00907911802853	55.5123216601816	18.2230869001297	12.1271076523995	3.53566958698373	3.56695869837297	11.1389236545682	54.9749687108886	10.3254067584481	16.4580725907384	0.798934753661784	3.86151797603196	28.0958721704394	47.0039946737683	10.7856191744341	9.45406125166445	0	0	9.25925925925926	45.1851851851852	18.5185185185185	27.037037037037	0	0	0	7	0	0	2.53970215658407	3.12673793486993	13.026014953964	55.9723166285608	13.0754495458197	12.2597787802014	2.6865671641791	3.67635506677141	10.306362922231	61.4611154752553	12.2702278083268	9.59937156323645	0	0	0	0	9	0	0	0	15.9090909090909	81.8181818181818	2.27272727272727	2.00176255822737	3.67619287422888	13.1310587939066	59.1464182298879	12.1994208737253	9.84514667002392	3.09967141292443	3.89375684556407	12.3822562979189	55.591456736035	12.9791894852136	12.0536692223439	2.76843218302413	3.24906277035471	13.5153321157358	52.9270402768432	12.1791790829568	15.3609535710853
"MERGE_ISO_10_D7"	0.5	0.501253132832	75.5605799437368	14.0031191003858	10.4363009558774	31.8555044848052	0.0163624734109807	5.82801552947476	0.0171062222023889	0.0550374105642078	39.1449863893971	4.49968018801969	0.000743748791408214	18.5825635533342	16.8457383602	16.7948986723	16.4362542309	10.085319997	9.8463753095	9.16704288939	9.70529735132	9.54259226867	8.51286659587	9.62236117792	9.87746831077	24.4303226292	24.3968445903	25.8465011287	25.1224387806	23.2114745496	29.5809165918	24.910480466	29.4041562473	0	0.0022	0	0	0.3189	0	0	0.0081	0	0	0	0	0	0.0283	0	1e-04	0	0	0	0	0	0	0	0.0345	0	0	0	0	6.11483870967742	5.00666349357449	5.61339561264492	4.40061234102685	0.301361181786876	0.327504882991749	0.305019121646552	0.325945767383565	3.63767741935484	3.48619704902427	3.44298940695638	3.12600094206312	8.09174193548387	6.9738219895288	7.54516640253566	6.15355628827131	11.7294193548387	-2	10.3414634146341	10.4600190385531	-2	-2	10.988155809492	11.2004287245445	-2	9.27955723033443	5.40594059406	8.41825705639	10.6365834005	7.31833018382	4.8400352216	8.23762376238	13.5013278982	10.3934031953	8.11564426181	19.3762376238	22.41882838	19.3806868213	2.58262418365328	2.12240868706811	1.92274678111588	2.85968731446665	2.27665350444225	2.02575107296137	1.90975658024936	1.65967423494571	1.52789699570815	1.78461538461538	1.75915850562205	1.35277814438	2.97611191765	7.28469679823e-05	0.000249236504028	0	0.0406	0	0	0.0398	0.0124	0	0	0	0	0.0554	0.0168	0	0	0	0	0.0334	4.31482581156	4.42318608095	4.35559131134	4.48806457153	2.43287959690156	3.74520568549297	12.5103406783485	50.41362713394	12.0403098443258	18.8576370609912	2.45868601370415	3.70242413773248	11.9882535843842	50.6477802729314	12.7655899119019	18.4372660793459	0	0	0	0	0	0	0.36117381489842	0.72234762979684	5.57562076749436	59.5711060948081	14.5823927765237	19.1873589164786	3.02432610124918	3.45167652859961	8.48126232741617	53.2873109796187	10.5193951347797	21.2360289283366	2.23214285714286	5.95238095238095	23.0654761904762	45.2380952380952	11.9047619047619	11.6071428571429	0	0	0	1	1	0	0	96	0	4	0	0	2.3688155922039	3.19340329835082	11.824087956022	52.303848075962	12.0589705147426	18.2508745627186	1.52177715585097	0.804617806541893	7.95871960818611	61.3958369774357	14.3431869861816	13.9758614658037	0	0	7	0	0	0	0	5	0	3	0	2.67951964708766	3.1451678784413	9.8848133322441	58.7043542194265	12.4091169022139	13.1770280205866	2.46913580246914	3.77852600074822	12.0891454224788	51.7128961573406	11.522633744856	18.4276628721073	2.51789255842028	3.74234715874795	12.7446753470725	48.771233939812	12.4687419160128	19.7551090799345
"MERGE_ISO_20_A7"	0.5	1.48514851485	69.6206613035838	16.8155217720744	13.5638169243418	30.3928806432458	0.00722207064789998	4.98804346081625	0.0200613073552777	0.753502704264231	36.5204063618418	2.00211847405672	0	25.3157649777721	16.8142622012	17.2245363441	16.4132065363	12.4563255986	12.7295441491	12.415913829	12.2075173193	12.712842994	11.2720908161	12.4152684645	10.0679531856	11.473383296	10.1156597567	11.0416184078	11.8567287378	9.55674622504	16.085096942	10.8647342526	28.0393188244	0	0.0025	1e-04	0	0.1413	0	0	0.0036	0	0	0	0	0	0.0028	0	0	2e-04	0	0	0	0	1e-04	0	0.0157	0	0	0	0	8.03479317810613	5.80050880626223	6.9203603110117	5.41971689744282	0.291356450832843	0.330699560845488	0.286367285574313	0.324277436724544	4.39332244463858	3.93307240704501	3.63596110832154	3.6748948972114	10.3260151175599	7.79843444227006	8.98887722341413	7.27990126123346	14.7193375621985	-2	10.0252383623107	11.7315068493151	10.3076923076923	-2	12.6248383317357	12.3273965426925	-2	10.9547961584449	12.2223243558	14.5692831815	21.7303005686	4.23253288283	9.34765164623	15.1576431657	16.6272683029	6.23265355376	12.021364628	24.7694334651	13.6448654519	17.9837759222	1.2161499816199	1.11213979863442	1.20347469385293	0.955765224849896	1.00104154611735	1.4719189238101	0.588163215292244	0.605254021525286	0.823430053688846	0.87449575446416	0.737564184205647	0.941056590768	5.71377194363	2.14353836416e-05	0.000103113129492	0	0.0462	0.0042	0	0.0376	0.011	0	0	0	0	0.0192	0.0084	0.012	0	0	0	0.025	4.03473945409	3.93826603243	4.17709179529	4.32045365427	1.9804785083314	3.74376539871402	10.2432031042091	43.4838222290899	11.91120039146	28.6375303681956	2.09780168137434	2.72178998485719	9.95770455850869	44.7209023027518	12.5058743668738	27.9959271056342	0	0	0	9	0	0	1.31650065631998	2.37433402826037	5.68295884487684	33.6807968496641	12.3117905953208	44.6336190255579	2.42360379346681	3.62486828240253	10.3758342114507	46.7298911134528	12.2163681067791	24.6294344924482	1.4936247723133	4.80874316939891	23.8251366120219	40.5828779599271	11.83970856102	17.4499089253188	0.0112676056338028	0	15.5492957746479	7.27887323943662	0.36056338028169	76.8	0	2.54237288135593	0	4.23728813559322	90.6779661016949	2.54237288135593	1.91421412076844	3.70363091436152	9.99852601582076	42.8261189996561	11.9058615437528	29.6516484056404	0.746874492612437	2.31531092709856	8.86507549926936	38.5257346971911	12.3591492125345	37.187855171294	0	0	0	1	0	0	0	0.29585798816568	83.7278106508876	2.36686390532544	13.6094674556213	1.88460637734035	2.88422427925207	9.66338390997276	45.5349989523117	12.335605378955	27.6971811021681	1.90103737057128	3.80401556541063	10.1398363885142	43.5802385273025	11.6973478636377	28.8775242845637	2.41304490762049	3.58011703596555	11.8811230192649	44.4144914195542	12.7720428693537	24.9391807482412
"MERGE_ISO_37_G4"	0.75	2.23325062035	86.5823449932443	11.2361131962168	2.18154181053896	43.3195483481251	0.0250917708284931	1.50736489940059	0.0176571720644951	0.0669113888759816	31.7104223781423	11.5199107848148	0.000929324845499744	11.8321639329027	17.1047224945	17.2576816952	17.3605491329	13.0493266479	13.4884833106	10.9647428157	12.4206788906	11.8281357847	10.3881841624	12.9091335577	10.0359604816	14.4055338251	12.7893812219	20.5022941319	15.5040222295	15.8122607768	24.8897853934	13.7779862819	31.9705200292	0	0.0015	0	0	0.0454	8e-04	0	0.0022	0	0	0	0	0	0.0054	0	4e-04	0	0	0	0	0	0.0018	0	0.0073	0	0	0	0	8.260675944334	4.89333957078533	6.49639369564572	4.33520816421199	0.317528584280753	0.363484289820544	0.33461669539559	0.357312266269598	5.11272365805169	4.09905853458862	4.52177139295361	3.62808767250377	10.7900596421471	6.94222560084206	8.6735329910065	6.14803432680042	15.9027833001988	-2	10.5198690977092	11.0412841354307	9.66666666666667	13.1029411764706	13.1953043839601	12.5297202797203	-2	9.77612199930419	3.58838884171	6.90880007527	8.93391664748	7.46324757768	3.61840861841	6.54778752713	9.67749523653	10.0400935516	5.35721035721	15.388244174	17.0982292015	11.7737667738	1.69448898110598	1.49138234259585	2.125083500334	2.48986135999245	2.1081017704303	3.36923847695391	1.12232387060266	0.99894477664439	1.89963259853039	2.00995690295735	1.07859415201714	1.3805670186	1.42344177073	2.41190039703e-05	9.96977644203e-05	0	0.0088	0	0	0.007	0.003	0	0	0	0	0.019	0.0026	0	0	0	0	0.0062	4.30350855131	4.38271778638	4.29021864212	4.4175191015	2.53064867560969	5.02454519203003	12.4589819651905	49.3883390649201	10.6935657469876	19.9039193552621	2.70154206519617	4.96779230919383	12.2896740191294	51.35467499512	11.0267421432754	17.6595744680851	0	0	0.427350427350427	99.5726495726496	0	0	1.70852451098768	8.35546969331079	11.3136923448442	45.0857280850036	9.33349432504226	24.2030910408114	3.02201861977243	3.95300724102261	10.2482636323334	52.9555194325403	11.5339145854884	18.2872764888429	1.53846153846154	5.79020979020979	23.1888111888112	44.7272727272727	13.034965034965	11.7202797202797	3.125	21.875	0	28.125	0	46.875	0	20.5627705627706	2.02020202020202	15.7287157287157	1.08225108225108	60.6060606060606	2.49052331863947	5.37726625615341	12.2039073086225	48.7881854513645	10.4440747156996	20.6960429495206	2.53498148961536	5.51546715191065	13.3588504737404	45.7614356528832	9.13597289326724	23.6932923385832	0	0	0	0	0	3.81944444444444	2.77777777777778	1.73611111111111	81.5972222222222	9.02777777777778	1.04166666666667	2.46631176177009	5.69996672766595	12.7495425054068	50.6196972217601	11.3583430377641	17.106138745633	2.49611751002977	5.47431085803028	12.3269056554937	49.259091497347	10.5005176653294	19.9430568137699	2.69703611931764	3.76759109247435	12.9864354013787	50.6464627211792	11.6998634009975	18.2026112646526
"MERGE_ISO_1_G8"	0.5	1.25313283208	71.1991339740865	17.2183810330539	11.5824849928596	29.5670256039205	0.0176327165936024	4.39145846887217	0.0224969142745961	0.0386095690928879	36.9393252141767	4.66902174904388	0.000608024710124219	24.3538217393155	17.4323526808	17.6322116941	17.0899750477	14.7593633872	15.1688204135	13.7961504812	14.4704519432	14.5390748683	12.7138700494	14.8560680617	11.2256614884	7.73447741628	5.49713267809	7.95450568679	8.25217215599	5.78567110906	15.0066984845	7.20371905107	25.8978034324	0	0.0371	0.0044	0.0045	0.3955	3e-04	0	0.0773	0	0	0	0	0.0011	0.0212	0	0.0094	0.0021	0	4e-04	0	0	0.0097	0	0.0942	0	3e-04	0	0	8.3880610548587	5.79244649601343	7.48810487497751	5.05568549838071	0.32689862021762	0.356305877469744	0.325544054922566	0.349832640648918	5.27036421338975	4.35753252203105	4.74001618996222	3.85174523209788	11.003324769533	7.90138480906421	9.83872998740781	6.89852464915437	16.2736889829228	14.84	11.6868519286603	12.2589173310953	11.9414634146341	17.0801886792453	14.57874617737	16.2048176557664	-2	10.7502698812522	12.5971853164	4.73460182332	22.6458253908	5.61732007022	5.54971781686	17.2286192304	7.70623550713	8.0813991288	8.44809709049	29.9557130204	16.0717768676	17.8460831866	0.666234302222746	1.03673546676766	1.72234498895099	0.473635595385492	0.711670769424983	1.81983621474067	0.251557494644577	0.440257526983526	1.33238008579228	1.47967479674797	0.383597039683552	0.625018197347	2.45445810728	2.74575201607e-05	0.000143990715411	0	0.0618	0.1216	0.012	0.0506	0.0458	0	0	0.0304	0.0052	0.0574	0.0458	0.041	0.038	0	0.0078	0.0384	4.23086749735	4.15482333633	4.19092987805	4.38496035357	2.99021679071733	3.70093498445304	11.7333506679234	44.9258404567665	14.0995222153606	22.5501348847791	3.28609153554073	3.60798162413863	11.5067893807522	45.7005797146741	14.5163054518181	21.3822522930762	0	0	12.5	86.1111111111111	1.38888888888889	0	3.14260717410324	3.02712160979878	10.0612423447069	43.50656167979	14.2537182852143	26.0087489063867	2.7072758037225	4.13343002175489	8.07348320038675	51.401982112642	10.9741358472323	22.7096930142615	1.6246953696182	5.56458164094232	19.4151096669375	44.9634443541836	12.7132412672624	15.7189277010561	1.96498749553412	0.0535905680600214	20.7931404072883	36.1736334405145	26.3308324401572	14.6838156484459	0.0439753737906772	7.12401055408971	7.43183817062445	37.8627968337731	13.896218117854	33.6411609498681	3.07267461440022	3.36364248669765	11.7168451539031	45.1323499696908	14.4338923688287	22.2805954064794	3.98664402291241	4.69186264068392	10.7078092167756	46.1615958089865	14.1331567888086	20.318931521833	0	0	1	1	0	8.47619047619048	0.0952380952380952	0.666666666666667	1.33333333333333	87.0476190476191	2.38095238095238	3.28644394205811	1.84836305785816	11.3183454743364	48.8780038516286	14.2196265594909	20.4492171146278	3.09230291101212	3.92753548119756	11.829224075417	44.7153734590283	14.1834144825443	22.2521495908008	2.46387479177159	3.3394026265835	11.0060822066401	47.6349126409174	12.7145236896138	22.8412040444737
"MERGE_ISO_4_A7"	0.5	1.48148148148	70.8227096286798	15.1957495241077	13.9815408472125	37.1760332580315	0.00692051785246445	6.56707711928501	0.0202672308536459	0.00741484055621191	31.7968135958516	1.8695284655729	0.00049432270374746	22.5554506492929	16.8276699029	17.0229875402	16.8640160891	17.17634831	16.680568891	12.7348748053	17.3973019016	15.4087148373	9.95186755684	16.9216117216	9.74471327872	5.0691545953	5.45787325972	28.1658080748	4.54210599015	9.48703805847	37.7796824251	6.02047525124	42.3604496094	0	0.0041	2e-04	0	0.2001	4e-04	0	0.0087	0	0	0	0	0	0.0143	0	3e-04	9e-04	0	0	0	0	0.011	0	0.02	0	2e-04	0	0	9.04258910914966	4.96084024896266	9.2925860928105	3.80915003363983	0.324808109321847	0.326908024051924	0.325497223357157	0.30467262684838	5.60150484734481	3.53578838174274	5.98216289306367	2.6418479479704	11.7796749143877	6.71278526970954	12.2086941511551	5.10428347163041	17.3811797617325	9.5625	8.02959697732997	10.2485736514523	16.4647887323944	27.15	18.1908570442188	17.1657088122605	-2	7.74613141960081	2.55276269384	2.52344796784	16.8656337313	4.3154410026	1.49846161073	4.73044841292	4.6032454965	5.61007330338	2.80198229091	14.2809158596	11.97091511	9.07062498532	0.578794318308914	0.387596899224806	1.0693607467801	0.713007493568952	0.638653981677238	2.11508921186341	0.240465272340901	0.15415785764623	0.986647760841309	1.20101781170483	0.271741642095923	0.421656720238	0.676267327666	3.7842353761e-05	0.00015862738799	0	0.0068	0.005	0	0.0296	0.0102	0	0	0	0	0.0144	0.0106	0.0122	0	0.0024	0.1992	0.0218	4.25327144615	4.28648402631	4.36760599137	4.402516838	2.2882396268107	2.12783370161224	11.3397168344382	53.5641214502005	12.8046484982404	17.8754398886979	2.14534325492079	1.35621699471916	10.4476716274604	57.4111857897264	13.66718674988	14.9723955832933	0	0	0	97.6190476190476	2.38095238095238	0	2.40805079669342	0.790703246675452	9.27279262010303	59.1230382173236	10.2791422067809	18.1262729124236	2.3592854735423	2.11212223345691	6.04426468936075	51.3313110886417	11.032468261993	27.1205482530053	1.8417945690673	4.17945690672963	21.5584415584416	44.0850059031877	13.1050767414404	15.2302243211334	0.195694716242661	0	0.587084148727984	68.4931506849315	5.67514677103718	25.0489236790607	28.8659793814433	25.085910652921	5.49828178694158	29.8969072164948	10.6529209621993	0	2.09263778258668	1.92688429485704	11.4991482112436	55.2902988167043	12.6594226253511	16.5316082692573	4.44934730649016	2.33498804927376	10.0753815039529	53.3370104798676	15.4624011766869	14.3408714837286	0	0	0	0	0	0	1.75438596491228	0	70.1754385964912	26.3157894736842	1.75438596491228	1.84049079754601	2.11115120894984	9.76632984482136	57.6371346084446	12.9105016239625	15.7343919162757	2.31614539306847	2.12078519770827	11.3421621113929	54.1391941391941	12.6120033812341	17.4697097774021	2.1575538197752	2.55286721280244	11.1497428081539	49.247475709659	12.6024004572299	22.2899599923795
"MERGE_ISO_4_D1"	0.5	0.737100737101	83.3267570605256	14.8229189085779	1.85032403089653	33.4031308020382	0.00889769431081426	1.94681551520616	0.450816511747922	0.0231340052081171	47.9906040348078	1.53811475652942	0	14.6384866801516	17.115933044	16.870288791	16.5730979915	15.6883560248	15.9573412379	14.3909765579	15.7679107464	15.0842779357	11.8035477935	15.9345893639	8.29716592738	7.90905755748	7.12375551761	15.5338280913	7.77091254753	9.60925995685	27.8383962295	6.74032621795	46.2535525512	1e-04	0.0052	4e-04	0	0.1899	1e-04	0	0.0485	0	0	0	0	0	0.0179	0	0.0315	0.001	0	1e-04	0	2e-04	0.0016	0	0.1527	5e-04	0	0	0	8.54039516620648	5.35013067077665	8.49879778374046	4.26570743405276	0.330605578628993	0.34160570518653	0.335031581042346	0.319984708745707	5.58650984329616	4.00609796957716	5.59072376903509	3.12691846522782	11.1726969555707	7.32245527038799	11.1221033557515	5.80059952038369	16.7592067988669	18.6521739130435	9.8815896188159	11.3285532399652	10.9908256880734	17.4615384615385	16.7128271247866	11.7770546390192	-2	8.92751798561151	7.97765558174	2.93666253468	34.9765438745	2.75608123187	4.24712439722	12.4967268919	5.37158373177	3.7156884624	6.04711604701	24.7337872043	7.47972922711	13.395820721	1.90881326352531	0.947375632480891	3.1239540332478	1.19328097731239	0.970864284525872	4.28427981702555	0.567190226876091	0.339606760817014	2.46941128342445	2.66758539226302	0.517916178212786	0.773930082827	1.5462135059	1.97262781281e-05	0.000121300482851	0	0.0886	0.0802	0	0.0288	0.0388	0	0	0.0436	0	0.0212	0.0886	0.062	0.0084	0	0	0.0498	4.38870830515	4.3866161542	3.92036553525	4.38106218387	2.01777270503832	2.49877710745149	11.0152046306864	53.6330099461927	12.6070030979945	18.2282325126366	1.91384476592454	2.40197184006186	9.33563166543158	57.0254857106035	13.3437510068628	15.9793150111158	0	0	0	20.8791208791209	58.2417582417582	20.8791208791209	1.79840578002906	0.647897278831429	8.99202890014529	56.1982173008207	12.4514077040876	19.9120430360859	2.58427685025267	2.51391287660718	7.27307618499328	53.1823706262394	11.4309473549543	23.0154161069532	1.46810445628167	4.65116279069767	20.280628816422	46.5376120566454	13.2908925555411	13.7715993244121	2.76110444177671	0.040016006402561	15.0860344137655	65.266106442577	7.04281712685074	9.80392156862745	0	1.13960113960114	1.70940170940171	67.8062678062678	0	29.3447293447293	1.85861516910146	1.69976986191715	10.9790874524715	54.9479687812688	12.8189413648189	17.6956173704223	1.1917400089038	1.33899523988904	9.40721208177802	54.0118489092839	13.3933769391459	20.6568268209993	0	0	100	0	0	0	16.4835164835165	29.1208791208791	17.032967032967	17.032967032967	20.3296703296703	1.82393388643187	2.09671691900442	9.90412241340349	56.8228040158828	13.2614520450657	16.0909707202118	1.95444403345703	2.50331110023983	11.1264899951079	53.8605639012517	12.4903053371356	18.0648856328079	2.28160110494303	2.93500491380913	11.1078647507238	51.4887513612579	12.5182607771787	19.6685170920874
"MERGE_ISO_5_A7"	1	2.61904761905	73.0963995354239	19.0894308943089	7.81416957026713	26.6153346630178	0.0185537362586391	3.46954868036551	0.00463843406465977	0.0278306043879586	43.4482118836681	3.00106683983487	0	23.4148151584025	16.6905002527	17.3974788789	16.4106628242	10.6356585692	11.3219269889	10.9931000493	10.3359277966	10.0387560919	9.56719022688	10.5677803845	9.52392023607	16.2090483619	13.8610738784	20.8477082307	16.3230382821	19.0647482014	25.4908376963	15.9911549767	27.4970938031	0	4e-04	0	1e-04	0.7747	2e-04	0	0.2154	0	0	0	0	0	0.0115	0	2e-04	0.0194	0	0	0	0	0.0046	0	0.2198	5e-04	0	0	0	6.11201997589117	4.92787377911345	5.06170723345903	4.22502704652001	0.380537556816221	0.366049561036906	0.354659203607496	0.355544600160289	5.12174961253659	3.90946656649136	3.69122386013027	3.37901190046881	8.13371792664026	6.61645379413974	6.69348645869044	5.66173818968626	13.2554675391769	-2	9.34059945504087	10.5259203606311	7.65957446808511	6.74193548387097	10.3847103188207	9.49014778325123	-2	9.04075009015507	6.82822819699	2.53168989425	10.7631160572	5.06329113924	1.94884840776	10.9054032971	5.24721619161	7.50287686997	3.96015990551	23.6309740496	19.0563866513	13.3989006496	0.431146433951483	0.219168551052357	0.965961361545538	0.472702716741987	0.487041224560793	1.86292548298068	0.181808737208457	0.135675769699078	0.735970561177553	0.770947453844593	0.224800144256777	0.85981850578	0.737579248332	7.32490258669e-05	0.000268129579591	0	0.0288	0.0238	0	0.0966	0.2126	0	0	0.009	0	0.035	0.0196	0.2004	0	0	0	0.0806	4.55165965404	4.50020873195	4.4759949463	4.51828847481	2.1595720971696	3.31624693559171	17.0202808112324	49.9531981279251	10.0579451749499	17.4927568531313	2.12094930221556	3.05527083497595	16.8572104391705	53.6820941417646	10.0055191989277	14.2789560829457	0	0	0	100	0	0	0.887136520453425	0.936421882700838	12.3213405618531	57.3188762937408	14.4406111384919	14.09561360276	2.17644772638943	2.83715507190051	11.0765643218033	59.4636610959969	9.56082394092499	14.8853478429848	1.45808019441069	5.10328068043742	26.8529769137303	41.9198055893074	12.8797083839611	11.7861482381531	0	0	20.1941747572816	19.2233009708738	29.126213592233	31.4563106796117	34.8684210526316	41.4473684210526	3.28947368421053	18.4210526315789	0	1.97368421052632	2.21357401120587	3.31484088211752	16.6984074411416	49.5597692583699	10.1956887748061	18.017719632359	1.77535391042005	1.81016477140868	17.8115572058482	48.5495474588071	9.213274541657	20.8401021118589	0	0	19	0	0	0	0	5.19480519480519	55.1948051948052	34.4155844155844	5.19480519480519	1.62521815008726	1.51614310645724	13.4162303664921	64.5942408376963	8.50785340314136	10.3403141361257	2.0656365450476	3.26295067820834	17.1372326942265	50.8427042040827	9.82121187606181	16.8702640023731	2.42332111240275	3.5142627202003	15.9885540552625	48.6005544129482	10.9362425109541	18.5370651882321
"MERGE_ISO_9_E4"	2	2.93398533007	72.8205496161297	16.3288369089474	10.8506134749229	27.5810892965705	0.0143046168150771	5.16754282444659	0.00357615420376927	0.0697350069735007	41.9858384293531	3.20959839788292	0	21.9683152737546	15.3247710361	16.4384371219	16.0274245115	15.5641346751	15.7306338266	15.4767132739	15.5709806718	15.8164658714	14.6299329859	15.719291946	12.2297979798	5.16778969767	4.03712046616	4.09927552408	4.77548812276	3.13796320187	8.48986358336	4.11213958932	21.3259354104	0	0.0036	0	0	0.5337	0	0	0.0111	0	0	0	0	0	0.0276	0	4e-04	0	0	0	0	0	0.0047	0	0.0314	0	0	0	0	8.54413150850205	6.1052895882156	8.15634821744063	5.57944087515194	0.29273819494032	0.322412154256702	0.306713443259983	0.314365289629081	4.79014440297101	4.17132574489454	5.03297316397315	3.78702899808995	11.2740263167817	8.70254435888852	10.9917241635826	7.94209064073624	16.0641707197527	-2	11.7341549295775	12.8738701037831	18.8461538461538	15.2738095238095	16.0246973275557	15.5307719672714	-2	11.7291196388262	23.8913655561	29.4980342497	24.742891712	3.05514680121	20.1353998476	32.8542937588	38.4462474048	4.9120594212	27.4807596161	50.7302909432	10.2165230187	45.4138629118	4.99589539111059	7.68250713919602	5.38876058506543	1.60666119385481	1.32972102218642	2.48442858142627	0.944060044564325	0.782016548290254	1.6026313947792	1.57202047282476	0.919459852773027	4.85151198358	12.462732799	2.0514288931e-05	0.000232868803983	0	0.038	0	0	0.072	0.028	0	0	0	0	0.0418	0.0124	0	0	0	0	0.0424	3.65816401325	4.18279412411	3.99487024744	3.98075307951	1.61805124567781	17.3940508910364	9.88784466708042	41.1771876939445	8.7219611667701	21.2009043354907	1.52825175013826	18.7935848496702	10.1649648623494	40.8176753847606	8.18214926420006	20.5133738888814	0	0.0683994528043776	1.84678522571819	1.57318741450068	0.136798905608755	96.374829001368	0.604744607017473	24.1796375591047	10.6175294762262	35.9538932970757	7.16155610122369	21.4826389593522	2.55926724137931	3.7805316091954	10.4346264367816	46.9288793103448	10.766882183908	25.5298132183908	1.44329896907216	4.89690721649485	24.1752577319588	35.979381443299	12.5257731958763	20.979381443299	0.0370690720375633	3.00259483504263	5.58507352032621	36.0064253058198	20.0049425429383	35.3638947238354	0.00742942050520059	83.3135215453195	0.037147102526003	12.778603268945	0.0891530460624071	3.7741456166419	1.47051591009689	18.9851472974967	9.52023803668913	40.509270643781	8.59317365858457	20.9216544533517	0.174662088402834	23.875116606792	10.5452235873211	38.0822896611952	6.319591925848	21.0031161304408	0	0	0	0	0	0	97.3365374987484	0.0100130169219986	0.270351456893962	0.050065084609993	2.33303294282567	1.27706205481954	19.0449430309501	10.5733432613552	40.6735132553141	8.44771632082496	19.9834220767361	1.41637408234919	19.3172145972976	9.88137035854878	40.298170018087	8.21762953505692	20.8692414086605	2.51813913785745	5.99658557405036	11.1075544174136	45.4474320671504	11.143121354389	23.7871674491393
"MERGE_ISO_11_E4"	4.25	8.57787810384	73.0283208868769	14.5816624188307	12.3900166942925	31.4391927774827	0.0354044963710391	9.9114887590724	0.00590074939517319	0.0100312739717944	41.1229126099015	0.467339352097716	0	17.0077299817077	15.9244120236	16.3589198696	16.2669701541	14.9524305976	16.5022294991	15.5189193398	15.5972619715	19.5468830647	10.7209545462	15.5988822378	6.66461224774	14.9521154079	10.9384797603	18.206944877	13.6901425073	5.83816023399	32.8813953102	12.1960906692	48.9353321439	0	7e-04	0	0	0.1208	0	0	0	0	0	0	0	0	0.2106	0	1e-04	0	0	0	0	0	1e-04	0	0.0486	0	0	0	0	7.56874828814024	5.04696709009042	9.8316088050817	4.36326387672912	0.27523857032206	0.307304767065715	0.26508720406727	0.299451576531137	3.94289235825801	3.21459164622762	4.85609843793696	2.75198739275083	9.55779238564777	6.72200461251235	12.6931005553114	5.77755209245316	13.5006847439058	-2	8.41405653170359	9.93659625873998	-2	-2	17.5491989932484	15.0795918367347	-2	8.52953948520399	4.57238680827	77.6862751261	18.8771358828	3.01763921649	42.8488200279	7.98211291224	78.8586965063	4.08676033227	43.5437159623	24.1252096143	7.52230540457	46.4930130451	2.3131076097888	1.27320622177622	2.42257998359311	2.64834059671472	1.91137732062218	3.03014766201805	1.81025812939993	1.05682388359257	2.02266201804758	2.0795944005743	1.1628850366444	0.390266299357	18.5784613815	1.74273809557e-05	0.000210328918175	0	0.0436	0	0	0.2568	0.1244	0	0	0	0	0.2152	0.1098	0	0	0	0	0.6868	4.2482396334	4.8204625637	4.32384052075	4.35955084985	2.23542247545157	3.85016365620075	7.69305370347921	32.0693417383925	8.16098921081343	45.9910292156625	1.94732808472096	3.56719849508813	5.86288580784505	25.8552219048283	6.22517940500244	56.5421863025152	0	0	0	0	0	0	0.891466832762379	2.74057925879788	3.69822485207101	23.4467455621302	5.3721582061663	63.8508252880723	3.20887636491722	4.10003522367031	10.1902078196548	56.5234237407538	10.852412821416	15.1250440295879	1.9035677647327	6.28063376268095	23.4469394733842	46.5405220563091	11.2504274478514	10.5779094950416	0.0140686550365785	0.0140686550365785	0.0492402926280248	0.0422059651097355	0.921496904895892	98.9589195272932	0	97.8494623655914	0	0	0	2.1505376344086	1.67586227244564	3.7529873425191	6.57952969639749	26.8698551323282	7.75971439530286	53.3620511610067	0.10896369788381	2.73556231003039	1.4050582095544	8.96943281527786	2.29970751849515	84.4812754487584	0	0	0	0	0	0	0	0	0	0	0	2.16399210076503	3.64260940274482	10.1362452081847	41.7746726630047	8.90157486848438	33.3809057568164	2.12488297540356	3.79301540469233	7.36191097619791	30.3781667565037	7.16616074214871	49.1758631450538	2.8985843045483	4.55524919483769	12.8084524664612	52.4780462939364	11.3719038902662	15.8877638499502
"MERGE_ISO_14_E4"	1	3.4398034398	73.4395186372554	12.9749031054117	13.5855782573329	32.9204992062407	0.0035674576513048	7.89716208743839	0.00772949157782706	0.0410257629900052	39.0291758578249	1.49952136609845	0.000594576275217466	18.6007241939032	16.5739176192	16.4412911415	16.6531704527	16.8472796548	17.3795537226	15.2390735898	16.4473240529	16.0379093472	13.5034832515	17.2071870727	12.0779060852	8.94604135149	7.55419202334	13.2717861145	9.10433731704	8.94382997181	19.8978486861	7.33851876902	27.7701619461	0	0.0026	0	0.001	0.136	0	0	0.0046	0	0	0	0	0	0.0125	0	0.0013	0	0	0	0	0	8e-04	0	0.0256	0	0	0	0	9.95441208947219	5.96417651854872	8.51031967910538	5.33760066074747	0.313150181688061	0.342633109783624	0.321717860787399	0.332057912849442	6.21976843234375	4.57980024459845	5.59890604108424	4.08589717117489	13.0800706691485	8.3399918467183	11.2200559134557	7.4575160024778	19.2998391014923	-2	12.0573984345881	12.9197920913168	16.76	18.4709302325581	16.8189619545399	15.9168471199654	-2	11.5434131736527	4.46617401906	9.55553843784	9.31911966988	2.04416650381	4.69586526605	7.20559329203	12.4325989832	3.72483877272	6.74216055067	17.6556940609	8.7903068204	12.9988917852	1.50497512437811	1.2392334401197	2.56760981710177	2.42786069651741	1.31404784285139	2.88416445208692	0.895522388059702	0.721287575054192	1.85633890886353	1.91323463744719	0.915902573009654	2.83926159388	0.869878433138	1.84665695032e-05	7.90372785527e-05	0	0.0046	0	8e-04	0.03	0.0046	0	0	0	0.0016	0.0268	0.0068	0	0	0	0	0.04	4.14598104336	4.28511683229	4.26405363589	4.21939971862	1.8669804448927	4.16540595057993	9.50299770269513	51.4988513475654	15.7920098616014	17.1737546926654	1.49373836946135	4.3085382822847	8.22310516521652	54.1216114268471	16.8351523076665	15.0178544485239	9.52380952380952	0	0	28.5714285714286	4.76190476190476	57.1428571428571	0.720422647953466	4.50397566572389	6.45178504722771	54.1437643417472	14.8513794759592	19.3286728213885	2.67917321950124	2.90384183329589	7.96450235902044	47.0399910132554	12.9633790159515	26.4491125589755	1.2465719272002	3.91423585140863	17.7013213662428	40.6881077038145	16.6043380703067	19.8454250810272	0	16.9398907103825	1.44648023143684	79.1706846673095	1.18932819029251	1.25361620057859	1.0377358490566	82.2641509433962	0.188679245283019	4.71698113207547	0.849056603773585	10.9433962264151	1.88890380914015	4.17170225146591	8.99691150798979	51.7374632588813	16.4958297897737	16.7091893827492	1.12340056386901	3.43526350032531	5.2309694209499	52.968987204511	22.1340273259597	15.1073519843852	0	0	0	0	0	10.9195402298851	0	24.7126436781609	17.2413793103448	44.8275862068966	2.29885057471264	1.70372509384926	4.03551833670228	7.98079699682356	53.60958706324	16.6853161998267	15.9850563095582	1.82323447677582	4.40664010233639	9.26467777271324	52.4547499669171	15.9988825337078	16.0518151475497	2.21427077766677	3.23892283742652	10.0072027695811	47.136318223007	14.3706870512791	23.0325983410395
"MERGE_ISO_35_B1"	0.5	2.25563909774	16.0435678539888	20.4665881660288	63.4898439799823	5.27367548861919	0	21.7673149095872	0.00487400692108983	0.0170590242238144	8.92674367597602	1.71565043622362	0.00243700346054491	62.2922454549885	15.8790387348	17.4459734698	15.5663836705	13.2840940441	13.3246776829	11.670861849	12.9173349784	12.1035691774	12.3441608071	13.1768765133	12.3975619667	7.61732520001	6.7232613038	8.09650852569	7.90517317353	7.69382288055	9.63772546622	7.28813559322	16.7980495733	0	0.001	0	0	0.0856	3e-04	0	0.017	0	0	0	0	0	0.0194	0	6e-04	0.0012	0	0	0	0	0.0154	0	0.0693	0	2e-04	0	0	8.26492031743983	6.14278799612778	6.48950218244102	5.93378137971931	0.32077395814225	0.341748725951055	0.317967354847161	0.336917620681572	5.25704884186077	4.52758954501452	4.16208077794353	4.35550504052184	10.8704432544035	8.38557599225557	8.69979004364882	8.0838110298478	16.1274920962643	-2	11.5172413793103	12.9131655372701	12.6	17	12.8618708215924	14.3382201646091	-2	12.4393160703696	7.47183021551	20.4275101408	43.1632653061	20.7786885246	14.3425008074	12.9745104474	24.0098445832	24.4426229508	19.3572830489	30.6531014112	36.131147541	28.7421430523	0.979105130729679	1.45199592898338	1.56480419465836	1.14867082376108	1.8817143503336	2.171063411437	0.66732304999453	0.945380526970485	1.20432574143864	1.34783274620922	0.926900888341811	4.1311942959	7.29411764706	4.95888835427e-05	0.000213954569052	0	0.0246	0	0	0.0172	0.0166	0	0	0	0	0.0332	0.0254	0	0	0	0	0.0438	4.26895306859	3.9545392862	4.08428571429	4.19687039161	2.31431811911841	2.26374030591914	10.1554118260123	48.3217361983876	14.3457070165221	22.5990865340404	2.04285454875613	1.8680769929181	9.07254403486472	53.336662429635	16.4427092790993	17.2371527147267	1.06382978723404	0	11.7021276595745	27.6595744680851	1.06382978723404	58.5106382978723	0.0753972856977149	0.208792483470595	2.0009279665932	46.9725089896764	24.4925182693423	26.2498550052198	2.15377489578509	4.95599814729041	9.10143584993052	50.9031959240389	11.5099583140343	21.3756368689208	1.42602495543672	5.3475935828877	18.716577540107	45.0980392156863	13.3689839572193	16.0427807486631	0	0	0	1.31861392210978	98.6813860778902	0	26.5193370165746	0.552486187845304	0.552486187845304	0	66.2983425414365	6.07734806629834	2.07103199083458	2.20322552216445	9.91804001057548	47.4962545166123	14.4813607120825	23.8300872477307	0.913961550583044	0.594862905767413	7.06350456980775	47.7032776552159	20.7571698707847	22.9672234478412	0	0	0	96.969696969697	3.03030303030303	0	0	0	98.6803519061584	0.586510263929619	0.733137829912023	1.7374910832569	2.63680831549985	7.70916131662081	51.6636094976052	15.8412310200754	20.4116987669418	2.27948806641301	2.29505361466621	9.94465582843307	48.5869941196818	14.5382220684884	22.3555863023175	2.3811458756603	3.20195042665583	11.1661926046323	47.8342137342544	12.4014628199919	23.0150345388054
"MERGE_ISO_35_E7"	0.75	2.73631840796	45.4753100785216	10.0992078883631	44.4254820331153	26.8128392528957	0	19.6255930247468	0.00341924178313459	0.00512886267470189	17.2030602213959	1.2599905970851	0	35.0899687994187	17.6295267475	17.6763989757	16.6914491109	19.8576894026	20.0407968917	19.8741616876	19.7450593286	19.5140649523	18.6521612409	20.0044099367	16.7395972764	1.87924862894	1.58845040378	2.34727472259	1.7434090633	1.26765664614	4.72292271235	1.41670448492	11.8052726532	0	0.0189	1e-04	0	0.2775	0	0	4e-04	0	0	0	1e-04	0	0.0034	0	0	0	0	0	0	0	9e-04	0	0	0	0	0	0	10.8211000874521	8.08843620395218	9.57055133997105	7.16771563438707	0.324770190797885	0.360446203871438	0.332577690593231	0.361940335584166	6.83065950966497	6.09136374725543	6.40196938462213	5.66492633385782	14.2662464943759	11.1504635276897	12.8057590245186	9.98548133314261	21.0969060040409	23.6379310344828	19.771838729383	17.2418272749451	19.72	-2	19.2077284091407	21.058611361587	-2	15.6504076670004	8.33539090032	7.76058789402	13.9741518578	2.03092975592	5.15401093219	13.7247199838	14.4749564881	3.50909881374	8.9322647363	29.2451347893	9.30376995218	23.0603978924	0.956556843923117	1.01905439443173	1.49012790264498	0.640321169847713	0.728720029225711	1.44666583881783	0.308385852378496	0.313407294891269	0.8381969452378	0.815407703851926	0.312857313215065	1.63194035129	2.28397972415	1.8934066378e-05	0.000112876029783	0	0.0292	0.0184	0	0.0346	0.0016	0.003	0	0.0024	0	0.0052	4e-04	6e-04	0	0	0	4e-04	4.35731027599	4.30978846154	4.3239095315	4.38729508197	3.07379068010903	3.32583494794916	15.30573708581	45.3244556829004	13.4199205280615	19.5502610751699	3.13119000457108	3.23689623647722	15.4997714459851	46.1745771750724	13.3180329117782	18.6395322261161	9.37853107344633	4.80225988700565	1.1864406779661	67.909604519774	7.17514124293785	9.54802259887006	3.2557005243263	3.71499410640979	15.4513677193838	40.3304475064017	13.0146730073568	24.2328171361216	3.03487725431	3.86907126400254	11.6231032017161	43.8388813855565	11.6628267259871	25.9712401684277	2.01944652206432	3.88930441286462	22.9618548990277	38.5190725504862	15.7068062827225	16.9035153328347	0	0.0284495021337127	0.938833570412518	27.9374110953058	15.5334281650071	55.5618776671408	0	0.317292437863564	54.0454785827604	41.1951348492861	4.4420941300899	0	3.14461588304378	3.15474020977605	15.8577329607581	44.3901105576479	13.3671485846191	20.085651804155	3.54541430238641	0.595597408346412	21.1517566099239	42.492655640066	7.57776972916415	24.6368063101131	0	0	0	0	0	0	0	0	0	0	15	3.24534614068658	2.30126848554738	15.9846920025851	45.899915096372	13.4071699213057	19.1616083535032	3.21816854442493	3.34938142499161	15.5788165190111	45.3167853830824	13.3245200370948	19.2123280913952	2.59267881045219	3.47727404993307	13.4493394634232	44.5382063667578	13.1467147762323	22.7957865332014
"MERGE_ISO_12_E4"	0.25	0.501253132832	73.9232862167363	18.1708584953658	7.90585528789789	27.4785916081302	0.0010992755773945	3.41874704569689	0.0010992755773945	0.013191306928734	40.2389825105256	6.2515802086425	0	22.5967087689213	16.5500903433	16.3945934691	16.6374866119	13.8490663677	14.0420943592	12.2742220477	13.7973539093	13.6453670277	10.5787880971	14.362418759	9.04194719963	10.9405321489	9.55080516056	17.2965544321	10.4283332621	9.74729241877	26.1960515887	7.9433436716	35.7198989019	0	0.0084	0	0	0.0634	0	0	0.0036	0	0	0	0	0	0.0045	0	8e-04	0	0	0	0	0	1e-04	0	0.0019	0	0	0	0	7.88534387642516	5.13915466790525	7.42023087168862	4.42075436640654	0.320051992496584	0.352723414836023	0.322270492541456	0.346940308354851	4.92690327326223	3.95949837436136	4.7246929110552	3.41708472686734	10.2331739610151	7.09112865768695	9.66727097824478	6.09652545522111	15.1600772342773	-2	10.0437039060366	11.0506270320483	12.972972972973	14.4074074074074	14.3919638893	14.254004576659	-2	9.51361018208844	2.60471580562	5.712890625	13.9590281086	0.757760938646	2.02609641174	4.39950158152	8.84094238281	1.45965010301	3.33635375136	11.9788172146	4.60942137794	8.31188836535	1.23551383967053	0.931336742147553	1.84001955238993	1.07508859304664	0.88263939615291	2.18567787437589	0.770998946461067	0.642196250304358	1.58863168185468	1.63807250484858	0.721960610869735	0.561901252763	0.926267092442	1.73802043604e-05	9.24656808966e-05	0	0.0044	0	0	0.0102	0.0068	0	0	0	0.001	0.005	0.007	0	0	0	0	0.0078	4.34033331737	4.35571654694	4.3880952381	4.39874301676	2.23094283208993	4.24914111575891	11.0914657811894	53.9523049721851	12.5433035778458	15.9328417209309	2.13202749788116	3.88172144269705	10.9614841322158	55.8018645823524	12.4418495150202	14.7810528298333	1	0	0	12	0	1	1.34975949739865	3.12653381761068	9.97840384804162	52.7584175910474	14.7639147933641	18.0229704525375	2.51013621247324	2.87913990251014	8.71942052753861	51.3826249373605	11.0199990888798	23.4886793312378	1.69738118331717	4.68800517297123	19.220821209182	44.1965729065632	14.5004849660524	15.696734561914	15.2073732718894	0	44.2396313364055	12.4423963133641	0.921658986175115	27.1889400921659	0	91.2621359223301	0	5.8252427184466	0	2.9126213592233	2.25067327833112	4.40088915487539	11.2426794340187	55.1810370623691	13.0060274441072	13.9186936262985	2.1179302045728	0.72202166064982	7.25631768953069	58.5198555956679	17.0156438026474	14.3682310469314	0	0	0	0	0	0.343053173241852	0.171526586620926	0.343053173241852	11.3207547169811	76.843910806175	10.9777015437393	2.33986598458102	3.44585344765473	11.3552849628936	54.9138986958715	12.8953815116363	15.0497153973629	2.19276584816578	4.62653839315699	11.2048359376543	54.5228264949329	12.0957705300172	15.3572627960728	2.33205190833209	3.26232398105473	10.9317588089119	50.8591211265213	12.5714164348066	20.0433277403734
"MERGE_ISO_14_A7"	0.5	1.49625935162	72.5797552521751	17.4492466577067	9.97099809011813	25.5712976668781	0.0155071544371608	3.9726510185381	0.00281948262493832	0.0775357721858039	42.8378092620004	4.08965954747304	0	23.4327200958624	16.9376422043	17.216828108	17.0319705151	15.3467564285	15.6382266469	11.7246088685	14.9637774427	15.3588728458	10.7792547212	15.9837339953	10.6857169892	10.1805529821	9.34998398975	22.4392773792	10.2342514618	9.15230554262	26.2308902878	8.04154690358	27.9107725789	0	0.0018	0	0	0.0126	0	0	9e-04	0	0	0	0	0	0.002	0	1e-04	0	0	0	0	0	0	0	2e-04	0	0	0	0	9.32154231602191	5.59993044860649	8.56670878079596	5.02916754256885	0.283212562320819	0.326599096519462	0.284612106369267	0.319416362659794	4.94076181578836	3.80783943564012	4.52248894504106	3.41265503468573	11.9904454541594	7.60633911272294	10.9695514845231	6.82058019760353	16.9312072699478	17.0416666666667	10.4981808004478	11.4141785483631	-2	18.1538461538462	15.4920404295641	17.0998719590269	-2	10.2332352322893	2.28052967141	4.30263866451	13.3818589026	1.26417471651	1.52538876138	3.93049814335	6.25740441572	2.06635867283	2.42153854089	11.9386253766	5.13229735405	6.31946772571	2.61268518194235	2.74890151109206	2.93092588704598	2.59167162820019	3.25795734647948	3.43900902792358	1.75112947851364	1.93977065694995	2.53201763594373	2.74978050921861	1.8414780713369	0.552887913294	0.82453011387	2.05929443611e-05	0.000102858232429	0	0.0012	0	0	0.0022	8e-04	0	0	0	0	0.0026	8e-04	0	0	0	0	0.0012	4.07985430092	4.08510638298	4.05819809737	4.29948769631	2.52197723014844	3.02637267617812	9.41057789306817	48.4940193111399	14.1024849196055	22.4445679698598	2.49759846301633	2.6547899746747	9.27138823392426	49.2009431490699	14.6100777224697	21.7652024568451	0	47.2727272727273	1.81818181818182	9.09090909090909	30.9090909090909	10.9090909090909	4.61578355951249	1.17555536347135	6.60385513008903	43.6684242371856	10.5022041663065	33.434177543435	2.20703893039717	2.231616201337	7.16673220605584	48.7121510027527	13.1881635863154	26.494298073142	1.35917442738485	3.95167379813743	14.0951422099169	41.2786307576139	17.014850239114	22.3005285678329	0	4	2	6	2	86	0	14.5161290322581	0.806451612903226	0	2.01612903225806	82.6612903225806	3.33541720295664	2.72496598389291	9.204574706726	48.9574522855147	12.5510241606296	23.2265656602802	10.6893339543549	5.86865393572427	5.65905915230554	47.9273404750815	11.5510013972986	18.3046110852352	0	0	0	0	0	0	0	1	2	5	0	2.91704136690647	1.95031474820144	8.47290917266187	50.6154451438849	13.9247976618705	22.1194919064748	2.73386464593677	3.19767441860465	9.52769793571989	48.2558139534884	13.7934413378626	22.4915077083878	2.10767847849742	2.6068032360316	8.68619009320149	48.093390736623	14.1600037848323	24.3459336708142
"ISOPath1B_1450_PBMCs"	0.75	3.67647058824	26.1925748334097	16.1019638261115	57.7054613404788	16.6153846153846	0.00174825174825175	14.7342657342657	0.00174825174825175	0.0034965034965035	8.16433566433567	1.24125874125874	0	59.2377622377622	16.2021339076	16.5148018463	16.5665612071	21.3620092603	21.2396623019	19.3135277351	21.3239508483	22.378971043	21.0438363946	21.2506841817	20.908634976	0.494144196724	0.379048931771	0.241175180881	0.374165568264	0.112454315434	0.534936565044	0.246305418719	3.1399912778	0.0078	0.0366	0.0147	0	3.7354	0	0.0158	0.0284	0	0	1e-04	1e-04	0	0.0228	0	0	0.1417	2e-04	8e-04	0	0	0	0.0084	0.1917	0	0	0	0	10.8465834094832	8.81390887290168	10.7252469186189	8.68222442899702	0.341375783197951	0.353845523921689	0.347974588719952	0.355098829930076	7.38460757437303	6.28609112709832	7.48583789078443	6.23982125124131	14.6060513757742	11.6841726618705	14.3721328871113	11.5104270109235	21.9906589501472	16.25	21.6	17.9702637889688	22.5205479452055	24.7948717948718	21.8579707778957	21.9553264604811	-2	17.7502482621648	14.7638632818	15.6430582308	65.0154798762	22.6124544104	9.67404782994	24.8711766652	24.6147577419	37.9305686884	16.1753764393	57.4481161065	72.9434013238	42.6129317981	7.18574108818011	2.74837579385357	1.02564102564103	2.65478424015009	1.52930870866487	0.742240215924426	0.295497185741088	1.21176728228338	0.350877192982456	0.735101076398005	0.809618264988058	4.66616371181	3.1572991324	0.000125750901887	0.00109076196806	0	0.4044	0.9762	0	0.5424	0.2118	0	0	0.3524	0.0072	0.4238	0.1602	4.1262	0.803	0	0	0.6666	4.18204418594	4.40984743412	4.22222222222	4.53360323887	6.26434769075133	2.11275825843352	12.5325862806895	53.2508462705731	13.2057118400062	12.6337496595463	6.7065816678153	1.921088904204	12.0735699517574	53.1013094417643	13.5509993108201	12.6464507236389	0.185185185185185	0.37037037037037	14.0740740740741	67.962962962963	0	17.4074074074074	2.69677702258277	0.0219250164437623	20.2367901775926	44.4858583643938	15.7202367901776	16.8384126288095	3.93900889453621	1.90597204574333	12.4523506988564	53.6213468869123	12.3252858958069	15.7560355781449	0	4.54545454545455	18.1818181818182	45.4545454545455	13.6363636363636	18.1818181818182	1.93538067818298	1.95137555982086	11.9161868202175	54.5905310300704	8.14139475367882	21.4651311580294	0	90	0	10	0	0	6.28428079425146	2.09617755856967	12.3389599897955	53.4248905140525	13.3211446064884	12.5345465368426	8.75737981445038	1.63058757379814	6.07253303345516	56.7191453472027	19.6092212538656	7.211132977228	0	6.41025641025641	1.28205128205128	2.56410256410256	89.7435897435897	0	0	0	1	0	0	6.76481726945654	1.96932399166824	11.1200530202613	53.5409960234804	13.9746260177997	12.6301836773338	6.65024630541872	2.1437693851487	12.4977193942711	52.7321656632001	13.5832877212188	12.3928115307426	3.99040558220672	1.94068905364152	12.7126035761012	55.7566506759703	11.2516354121239	14.3480156999564
"MERGE_ISO_33_G4"	0.75	1.46699266504	79.1963854775567	7.29742049659463	13.5061940258487	28.5443982517855	0.042639377465089	3.50175887432043	0.194542159684469	0.0812813132928259	47.5602281206694	2.85017588743204	0	17.2249760153502	17.211588040563	17.429160311787	18.085784409854	14.3662159789608	14.8941723781053	13.7635335853019	14.865598462427	16.0452739077942	11.6716352726254	14.655616502639	10.6353524864734	11.3998488466152	10.996355556344	18.5567280730341	11.4249513027133	10.3710501726927	24.9142501953508	12.2700061978724	33.0761847262234	0.013563	0.105529	0.096721	0.001919	1.850972	0.003279	0.010356	0.276662	0.011034	0.000118	0.001341	0.000492	0.000129	0.094264	0.001253	0.013547	0.174477	0.001401	0.058867	0.001774	0.000425	0.01703	0.02098	0.208905	0.007582	0.000271	0.006195	0.000592	7.64922326038106	5.77356369358779	7.38047769432159	6.17371711287805	0.357887074681495	0.366366347179081	0.360457642636352	0.360784291735112	5.72328177369616	4.96450187526238	5.25573532025612	4.30584578946715	10.4043150762203	8.25396323442196	9.84338990846793	7.69606291167203	-2	-2	-2	-2	-2	-2	-2	-2	-2	-2	39.7236479208109	49.5249618417525	50.0842617342269	64.1607095171851	65.6729172745387	41.1583733363578	57.985696885461	62.4643991318842	69.1218789986217	63.945952246539	68.6323356885978	67.861230524503	3.3220103441407	3.59410416498295	5.22865145656145	2.81273231664373	3.79770467418841	6.12391448435507	1.58689900002318	2.80663208013389	4.94975784119715	5.30285141924301	2.72611119772154	36.404224042039	42.3568607816074	0.000548828029461738	0.0185413404337988	0.005922	0.884871999999999	0.664996	0.034612	0.829714	0.44145	0.001858	0.001216	0.199536	0.001836	0.923908	0.285754	1.659438	1.404008	0.005844	0.014428	0.47773	4.4205705292603	4.5770727339943	4.3817336205671	4.8503093046122	0	0	0	0	0	0	0	0	0	0	0	0	0	0	0	0	0	0	0	0	0	0	0	0	0	0	0	0	0	0	0	0	0	0	0	0	0	0	0	0	0	0	0	0	0	0	0	0	0	0	0	0	0	0	0	0	0	0	0	0	0	0	0	0	0	0	0	0	0	0	0	0	0	0	0	0	0	0	0	0	0	0	0	0	0	0	0	0	0
"MERGE_ISO_15_E4"	1	1.98511166253	86.846214730357	11.6627804992834	1.4910047703596	37.3183270219383	0.0803909539021346	0.126933085108634	0.0803909539021346	0.0909687109945207	46.7981129281347	2.62328375891176	0	12.8815925871078	17.2670941528	16.7332110332	16.5632846265	15.8401693962	16.0323180756	14.1064152853	15.5835719097	15.6190724336	12.2239217653	15.9692475112	11.5783904054	7.09568513638	5.97906030977	12.7673035556	7.16992253284	5.08945631405	20.7973921765	5.6466889686	27.2317794541	0	0.0248	0	0	0.3542	0.0012	0	0.0052	0	0	0	0	0	0.0073	0	0.0013	0	0	0	0	0	0.0023	0	0.0037	0	0	0	0	8.97317025054251	5.80865887036576	8.30097422787259	5.17644012944984	0.313459789805374	0.356256497538603	0.318586987436429	0.35266871662186	5.44565002959164	4.45172928589201	5.14889794790299	3.97385113268608	11.843361609785	8.0794973874098	10.9069301457887	7.19313915857605	17.2890116393766	-2	11.6938775510204	12.5312266733018	-2	28.2941176470588	16.0558280936917	15.997375328084	-2	11.1669902912621	12.5260029718	4.87043035632	19.6981132075	1.19624320316	6.08783025001	16.0822189203	8.12124016659	2.19476025704	8.08952459759	29.5344229817	7.28620860109	16.2598262309	0.950542106044854	1.51968685240617	1.83848967085104	0.52972919451458	0.765599815795533	1.74953049322922	0.316847368681618	0.448998388210914	1.19600672136009	1.24333925399645	0.395724123753726	0.575882325732	3.1176280124	4.30387246882e-05	0.000214096400145	0	0.0374	0	0	0.0774	0.0094	0	0	0	0	0.0074	0.0102	0	0	0	0	0.0066	4.41270548623	4.30900299332	4.48340874811	4.38216686437	1.94272514585246	2.80747475345752	16.88630911837	43.8179287470015	15.0146592827317	19.5309029525868	1.73487929393441	3.12364800553777	17.6040494938133	42.8225317989098	15.2331920048455	19.4816994029592	0	0	0	2	0	3	1.50575730735164	0.860432747058079	22.2826774642541	37.4794381880299	16.4367961533595	21.4348981399469	2.3958471981898	3.38080660189006	9.51683748169839	50.3793424730467	11.4335152402502	22.8936510049248	1.07252298263534	5.51583248212462	24.6169560776302	41.7773237997957	12.8702757916241	14.14708886619	0	0	2.63157894736842	86.8421052631579	5.26315789473684	5.26315789473684	0	12.0689655172414	1.72413793103448	13.7931034482759	72.4137931034483	0	1.67143819467834	2.40400808352981	18.3100370495116	42.9269114179859	15.981812057932	18.7057931963624	1.00746916796943	0.573215216258468	32.5516762202536	29.3729372937294	16.0326558971687	20.4620462046205	0	0	0	0	0	0	0	0	45.7627118644068	1.69491525423729	52.5423728813559	1.78034102306921	2.67803410230692	17.1514543630893	46.9608826479438	15.1003009027081	16.3289869608826	1.86207730442143	2.72862843093789	17.5365765184797	43.5452017250413	15.1545685381484	19.1729474829713	2.14359363976773	3.43517664296956	13.8275356813372	46.6435122374776	13.1383296250068	20.8118521734411
"MERGE_ISO_27_G7"	0.5	1.5037593985	77.0360196857474	9.29513905920439	13.6688412550482	23.4940392848761	0.018614588981782	2.86502804328297	0.0898356250859913	0.0105212894244855	47.9341852880001	5.63941113152421	0.00404664977864826	19.9443180990458	17.2572786416	17.5192604006	15.8548188822	16.900050163	16.9945051181	15.9188878436	16.5672891826	16.1729576158	14.7849674701	16.7576021812	14.1607531563	4.30147980938	3.95055976541	6.22452179367	4.34133026864	3.69919406274	9.66905865966	3.99022401258	17.0185749528	0	0.0162	0	0	0.1163	0	0	3e-04	0	0	0	0	0	0.0021	0	1e-04	1e-04	0	0	0	0	4e-04	0	5e-04	0	0	0	0	9.60848085631947	6.6287398209385	9.41794755877034	6.28290730464841	0.314935312260709	0.350420774722585	0.308487379671881	0.346673402021762	5.77189838471412	4.9160930399964	5.46651785714286	4.66369507868644	12.5283946431599	9.07832815944572	12.2037183544304	8.59751660147366	18.300293027874	-2	13.1848101265823	13.9944211994421	17.4375	20.5	17.6702362115732	16.7177996422182	-2	13.2612116801601	8.23655832893	9.10668229777	10.5263157895	8.59867938371	5.39720758611	10.3913731996	12.49003517	11.2765957447	8.40616645038	17.3648291984	17.868672047	14.3998499038	1.8961097708082	1.7277511293252	1.44146126760563	2.43516284680338	1.74870767941135	1.55516431924883	1.20250301568154	1.02454244865645	1.07100938967136	1.12013153838249	1.1259505270299	1.96994164495	2.16721106911	2.59353570339e-05	9.23170812075e-05	0	0.0122	0	0	0.02	8e-04	0	0	0	0	0.006	0.002	0	0	0	0	0.0018	4.22198974591	4.14371870998	4.10974244121	4.35328858076	1.5895410082769	3.05576456817992	9.12549117966725	49.2412841735641	13.8888888888889	23.099030181423	1.64983487948258	2.68714800553599	8.59174808501309	50.7625690285981	14.1866615508996	22.1220384504707	0	2	0	8	0	0	1.05571234451761	1.81352566112679	3.98243963624961	51.2543116964566	11.973450402425	29.9205602592244	2.29776247848537	4.20826161790017	9.69879518072289	50.6540447504303	11.2822719449225	21.8588640275387	1.48809523809524	3.86904761904762	20.1190476190476	41.3095238095238	15.5357142857143	17.6785714285714	0.802334062727936	0	2.04230488694384	93.8001458789205	2.40700218818381	0.948212983223924	0	8.02816901408451	0.28169014084507	0.422535211267606	91.2676056338028	0	1.33170521476799	2.71081741129148	8.39821864674616	49.630800172389	14.4375808073553	23.4908777474501	0.68417695831159	1.65246129761698	3.64701107438975	59.2334898822984	17.4059256682322	17.3769351191512	0	0	7	0	0	0	0	0.884955752212389	1.76991150442478	15.0442477876106	82.3008849557522	1.71377188497276	2.70641959200945	7.56739601883033	52.7936950120775	14.2726166757762	20.9461008163337	1.5449990174887	3.1391235999214	8.78119473373944	49.987718608764	13.6741010021615	22.8728630379249	2.01349586417066	3.34494267885648	11.0542736903207	47.1484545058772	13.5248875344652	22.9139457263097
"MERGE_ISO_9_A1"	0.5	1.2285012285	70.9797136786998	20.2943892140955	8.72589710720465	23.0626437751468	0.00710548987911785	6.3922763325014	0.0381920081002585	0.0177637246977946	46.1208466191191	1.81189991917505	0.000888186234889732	22.5483839451456	16.1929866989	15.9551659721	16.0412015758	14.8107872102	14.7187264979	12.6417320324	14.5524961703	13.2786155748	12.7851634079	14.8446607311	12.0790956497	8.75987833098	8.38197901372	13.8511574517	8.91433284889	10.5892047796	14.7701415598	7.9909307084	20.9568473734	0	0.0038	0	0	0.0512	0	0	0.0041	0	0	0	0	0	0.0051	0	0	0	0	0	0	0	3e-04	0	0.003	0	0	0	0	8.2846478102777	5.89078665442302	7.97883033810539	5.55259838546922	0.300007645370176	0.336093907326767	0.314378187415291	0.330769496200126	4.86726518003668	4.29709213345577	5.01694334450198	4.033236629667	10.8497924510088	8.20030609121518	10.5421870240634	7.70642028254289	15.7170576310455	17.7142857142857	11.075905692927	12.497398224671	13.6883116883117	17.8837209302326	15.5591303685653	14.6065388951522	-2	11.7396569122099	3.36911384471	4.04912258433	17.9646440516	2.70598164363	1.94535003432	5.66742406435	7.34617459461	4.67348876464	3.33733699382	15.8505053671	12.8863804199	10.3712680165	1.99195906432749	1.42798340879587	2.19282062094776	1.54814118629908	1.23800778900041	2.30878709609404	0.905910609857978	0.674413450273882	1.48120815982289	1.59992426394017	0.803914230667942	0.971963970926	0.905556494651	2.81627432914e-05	0.000131255836262	0	0.0062	0	0	0.0072	0.0086	0	0	0.0016	0	0.0054	0.0026	0	0	0	0	0.0052	4.07062110017	4.16056106133	4.32823698041	4.26411513522	2.65459678945147	3.20909315830071	8.42514299020535	55.5718880528591	13.1085270189635	17.0307519902199	2.60179780109587	2.93843784693622	7.94148193245711	56.7417541095155	12.8156000429753	16.96092826702	2.73972602739726	0	0.195694716242661	85.5185909980431	10.7632093933464	0.782778864970646	1.5305146355462	1.79835469676679	10.1013965946049	55.4875326828646	11.1855111281168	19.8966902621006	2.58745768176689	3.55473158149283	9.48734483314525	50.6690311139771	12.6471062389167	21.0543285507013	1.52492668621701	4.04692082111437	20.9384164222874	44.692082111437	15.7771260997067	13.0205278592375	0	0	5.57103064066852	76.949860724234	2.15877437325905	15.3203342618384	0	6.10079575596817	26.790450928382	31.0344827586207	0	36.0742705570292	2.97733610903806	2.39011744373306	7.57492438823206	57.5415373738167	13.4313995050866	16.0846851800935	0.659250103007829	0.403790688092295	9.56736711990111	56.2752369180058	12.2785331685208	20.8158220024722	0	0	0	0	0	6.66666666666667	0	36.5217391304348	55.2173913043478	0.289855072463768	1.30434782608696	2.88556412476591	2.57546162985039	9.007067920501	57.1595416926763	12.1060792170919	16.2662854151145	2.71157072019761	3.10604803775185	8.01673763571679	56.6756990912275	12.6988515917344	16.7910929233719	2.44986525741084	3.60480173590453	10.4084275364855	50.6982115983621	13.8452385118818	18.9934553599552
"MERGE_ISO_22_D1"	0.5	1.25313283208	73.5200719862994	22.8951264114249	3.5848016022757	26.2392891145668	0.00346210438244713	2.39058307607974	0.0380831482069184	0.0675110354577191	45.2456651568045	2.00225036784859	0	24.0131559966533	16.1984147875	16.7107618712	16.1252546829	13.7044483975	13.7971517444	11.9861917561	13.4721765483	13.345633724	11.50240635	13.805636258	10.2401790872	9.05732649886	8.30567971917	13.0490982581	8.98136505787	7.97090185594	16.1328092331	7.96507538457	24.4511842865	0	0.0125	0	0	0.1053	1e-04	0	0.0054	0	0	0	0	0	0.0053	0	0	0	0	0	0	0	8e-04	0	0.0024	0	0	0	0	7.86764204457394	5.18751259918999	7.53837903376236	4.91508379888268	0.323916851615498	0.34979328512398	0.314667114189726	0.345970290521143	4.89787979293884	3.87576740520828	4.60794006093391	3.65188902566045	10.2869098911999	7.1068044788975	9.84822483367531	6.71563298930026	15.1847896841387	16.7272727272727	10.1080589412407	10.9825718841058	-2	20.1268656716418	14.4561648946092	13.9242751018452	-2	10.3675220149607	10.9103690685	3.61545785221	7.45122457451	2.10246746888	4.19549875639	14.0374926772	6.49244440104	3.40667982254	5.76143004469	21.5922671353	8.44399602356	11.5754352618	2.13227110304024	2.64220005575285	2.62138946993636	1.70581688243219	2.10406389760869	2.49232275579688	1.14580282350185	1.45321003066406	1.80099989615322	1.88187219399414	1.30681916745211	0.78614224971	2.39708156165	1.04254619252e-05	5.57445069624e-05	0	0.0272	0	0.001	0.0236	0.0168	0	0	0	8e-04	0.007	0.003	0	0	0	0	0.012	4.22045574366	4.22455485388	4.29739238411	4.28543239915	2.51829997706692	2.9837794953483	10.41719609022	48.5716410787224	13.8367040827078	21.6723792759345	2.69952582381116	2.91222542959723	9.4675313252145	50.4809729807531	14.560327525408	19.879416915216	3.3363802559415	13.1855575868373	1.55393053016453	50.6170018281536	21.4579524680073	9.8491773308958	2.52364636123023	1.39518660620858	6.25577053283818	49.7117298262172	15.7574016701204	24.3562650033854	2.41931461066494	3.32468698558388	9.00633511248566	49.2367935351923	12.6003890856487	23.4124806704245	1.39316084675231	4.10711054821784	18.2196489958386	40.4921295458658	16.0484892346662	19.7394608286593	0	0	0	88.4615384615385	0	11.5384615384615	3.41803865425913	7.17609162491052	0.912670007158196	71.7251252684324	13.0279169649248	3.74015748031496	2.45026920720895	2.72189444498178	10.3701196118258	48.2074346326208	13.858529193668	22.3917529096947	1.11294183479964	1.79687257126869	7.27142723909597	55.6097864270837	15.292069512233	18.916902415519	0	0	0	0	0	0	0	3.65853658536585	10.0609756097561	18.5975609756098	67.6829268292683	2.48846244497328	2.66029028260357	9.02704387692261	51.2396694214876	14.4951226744319	20.0894112995811	2.55512400990856	2.97868436343619	10.4682100370042	49.0917153429768	13.653322731582	21.2529435150922	2.32130665406229	3.25350559319363	10.1530906990179	47.4423612205241	13.6613098051573	23.1684260280447
"MERGE_ISO_2_G7"	0.5	0.740740740741	90.2315223378485	7.83882870663768	1.92964895551383	22.3191195399313	0.0147609319461994	1.47255057095285	0.0200748674468311	0.123401391070227	64.1699042310735	3.60166739487264	0	8.27852107270645	17.0120492681	16.6487330246	16.7632827324	10.609132175	10.5657237462	8.84770159418	10.1355289118	8.73998952531	8.98282707719	10.4767104251	7.95191040843	23.8970506026	23.3408500557	29.3195067843	25.0619719735	28.7435128315	30.6092124814	24.1457180435	40.4397233202	0	0.0097	0	0	0.1873	0	0	0.0234	6e-04	0	0	0	0	0.0443	0	0.0019	0	0	0	0	0	0	0	0.1044	0.0014	0	0	0	7.95682903533906	4.30872954561416	5.9171870604782	3.67031455193546	0.300782754313605	0.346001825791534	0.308337780616206	0.317756500380279	4.66647564469914	3.24755951962919	3.58565400843882	2.71996748170846	10.4147086914995	5.93791698855257	7.637805907173	5.03808392220624	15.0811843361987	-2	8.50221043324492	9.18547650818175	11.9393939393939	-2	11.2234599156118	11.0993573900148	9.5625	7.7580514039147	8.40096085178	9.09681611436	40.5108309085	14.9299458248	5.87460239296	14.7698500292	15.114432171	23.5232579862	11.2248293118	35.8241900928	41.7522884364	28.6769501045	1.66201389339739	0.830175058653673	1.70371754156548	1.46724664026488	0.772423750225591	2.22305249392864	1.00629747451795	0.422306442880347	1.4235008406501	1.56927742709031	0.620466847814459	2.0823401537	2.88133330791	5.37376590082e-05	0.000466709076175	0	0.0744	0	0	0.051	0.0366	0	0	0	0	0.3354	0.1128	0	0	0	0	0.1202	4.10231773031	4.13362208988	4.03427093437	4.00650102746	3.17747814225979	1.67482838040294	6.76416001431095	48.7958677131549	15.0063728449722	24.5812929048993	3.65084349042332	1.13892615533925	5.37493220677647	51.1346444780635	15.6652299260697	23.0354237433277	100	0	0	0	0	0	2.64148996543363	0.515916008873755	5.64412113707888	49.6465975339215	15.5187535469226	26.0331218077697	2.01560468140442	3.25097529258778	5.80299089726918	45.6924577373212	15.0357607282185	28.202210663199	1.14795918367347	4.65561224489796	15.0510204081633	42.4744897959184	19.1326530612245	17.5382653061224	0	0	9.76809557273366	89.950808151792	0	0.28109627547435	0	1.78571428571429	0	71.4285714285714	0	26.7857142857143	3.21495421662367	1.60621237415895	6.73344462993879	49.6458744371933	14.7796833105681	24.0198310315172	3.65662048278817	0.0428510212826739	5.08022663429034	55.720611341237	16.421463600438	19.0782269199638	0	0.301204819277108	99.6987951807229	0	0	0	0	0	0	1.75438596491228	98.2456140350877	3.23727863980708	1.64665188902151	6.92763013665262	49.5798114632305	15.8648576230726	22.7437702482157	3.22604660396556	1.74950988907363	6.50172469414597	48.7356378886766	15.018487728615	24.7685931955232	2.16567852437418	2.61034255599473	8.21805006587615	46.6073781291173	15.5138339920949	24.8847167325428
"MERGE_ISO_3_D1"	1.5	5.06024096386	56.9809033040315	14.9658987571992	28.0531979387693	11.1975772733779	0.000753335392450073	6.57963131765893	0.0316400864829031	0.0113000308867511	43.2489848805587	2.50182683832669	0	36.4282862373157	16.9182719282	16.97588592	16.645134644	15.3028450212	15.2908875643	12.8025591964	15.1674423243	12.7812304223	11.0214475475	15.4322620434	11.6988951926	8.3703518842	8.36123132196	19.4929442717	9.04195199787	17.1281794261	28.2770686192	8.18543137121	26.3481636309	0	0.0468	1e-04	0	0.5122	7e-04	0	0.0625	0	0	0	0	0	0.0247	0	0.0123	0.0017	0	0	0	0	0.0062	0	0.097	0	2e-04	0	0	8.06458494957331	5.44847638985811	8.08435082940118	4.51128158844765	0.318583389882756	0.346416528873493	0.340704269722299	0.330219722225124	5.2532971295578	4.08490346592231	5.5345137909228	3.3384476534296	10.6005947763124	7.46708536869039	10.7114364936518	6.13921480144404	15.8538919058702	-2	10.1539365452409	11.5519888346127	10.5	-2	16.2459502845746	11.0696352439602	-2	9.47766245487365	19.7619969722	7.32224163111	43.8708036623	5.99182292401	9.04056851293	25.3423934091	10.9332493342	10.3200338362	13.4599918256	42.0202091328	23.1777809108	23.9864463987	1.13268608414239	0.985754985754986	3.3831406822667	0.478401575911074	1.1025641025641	3.32675500422893	0.281412691712396	0.481481481481481	2.66422328728503	2.96402533763595	0.487573543577812	1.341142148	2.92612832292	5.17985180945e-05	0.000270120161287	0	0.1882	0	0	0.0872	0.0628	0	0	0	0	0.0506	0.0394	0	0	0	0	0.054	4.08769831498	4.27113428498	3.78535096643	4.2932055258	1.71949089094085	2.31594709258797	12.1337659096581	52.1836785625156	12.635388070876	19.0117294734215	1.29419449661141	2.18829101004328	11.5130235976157	54.0907977463869	13.1705723850739	17.7431207642688	0	0	0	95.959595959596	2.02020202020202	2.02020202020202	0.645778521884717	0.6577373834011	12.6524754843339	56.4099497727816	8.478832815116	21.1552260224827	1.86692197223552	3.25514600287219	7.44375299186213	54.6673049305888	11.3212063188128	21.4456677836285	0.83184789067142	5.10992275698158	19.4890077243018	49.3761140819964	12.2994652406417	12.893642305407	0	0	6.45161290322581	16.4516129032258	44.5161290322581	32.5806451612903	0	5.26315789473684	0	94.7368421052632	0	0	1.59231434080181	1.82833588192274	11.6980253972475	53.8428295990958	12.5590053852802	18.4794893956519	0.751785490540033	2.43077308607944	7.60556321263	54.4919183059767	9.09660443553439	25.6233554692394	0	0	0	0	0	0	5.26315789473684	14.4736842105263	78.9473684210526	1.31578947368421	0	0.874748914663384	2.2289898269941	11.2680619451824	56.8198017235793	10.982958595218	17.8254389943627	1.51442472418283	2.11402727335024	12.5436853285822	52.6964983211129	12.4066333173439	18.7247310354279	2.0244849208719	3.18303971334727	10.988354732756	51.6273514481935	12.6724395341893	19.504329650642
"MERGE_ISO_3_B4"	1.25	1.45278450363	54.5404786784097	30.9511369856197	14.5083843359705	19.3044104499851	0.00993344591238701	4.53461805900467	0.0223502533028708	0.0558756332571769	33.6855567696434	1.49498360981424	0.00124168073904838	40.8910300983411	16.7424552972	16.6103731518	17.3130608175	19.6418593639	19.3209950164	16.7581649991	19.8780694981	19.1247443763	13.9167405765	19.836943919	11.7707651391	2.6359403362	2.16381990885	19.7470266188	2.72972972973	3.81111730805	30.4101995565	2.34637212424	36.8044189853	0	0.0109	0	0	0.2563	0	1e-04	0.0214	0	0	0	0	0	0.0347	0	0.0058	3e-04	0	0	0	0	0.0048	0	0.0511	0	0	0	0	9.99644850329782	5.58245291685806	10.1863710216955	4.24455013872374	0.326858964994274	0.315467428205284	0.334711138500075	0.287474237498032	6.4830035514967	4.09646302250804	6.71184172799388	3.02378121284185	13.3880553743567	7.78318787322003	13.5774634426073	5.85017835909631	19.8710589258534	-2	7.17961165048544	11.8796508957281	14.8214285714286	28	20.2893051706012	20.489218328841	-2	8.87395957193817	5.34601880168	6.41827515861	29.84108299	4.78488138319	3.60748092895	8.51361045041	11.9129284641	8.72537193406	6.95503947193	22.7847623362	25.4925613189	20.283617636	0.369783412572636	0.217059071075771	2.27181342983514	0.279224209493623	0.332233272054752	3.33735424205871	0.0452796015395064	0.0952402046556956	2.17129071170084	2.57454782467003	0.0793114208446016	1.23854289072	1.45005875441	7.60233166284e-05	0.000472363600645	0	0.0146	0	0	0.0296	0.0136	0	0	0	0.008	0.048	0.0434	0	0	0	0	0.0198	4.2580754717	4.28105964959	4.07647058824	4.46401286691	2.31236682187673	3.43040538763055	11.0672664614737	49.5172704074922	14.0031042011943	19.6695867203325	1.74639008391191	2.09992758870384	10.2738850790135	51.1095966264855	15.4150871065298	19.3551135153555	0	86.2745098039216	0	13.7254901960784	0	0	2.60524825372853	0.56635831602794	9.81687747781763	47.4419482726071	17.7458939022088	21.82367377761	2.61078667124699	2.30161456544143	4.08794228787358	52.6279628993473	12.6417038818276	25.7299896942631	1.5990159901599	5.96555965559656	18.5116851168512	41.6974169741697	15.4366543665437	16.789667896679	30.0653594771242	0	0	67.3202614379085	2.61437908496732	0	0	2.00364298724954	6.19307832422587	27.3224043715847	18.7613843351548	45.7194899817851	2.13899613899614	3.63706563706564	10.7644787644788	52.2625482625483	13.3783783783784	17.8185328185328	2.82580405279792	1.59881018776724	8.23573154861498	55.0288157650121	15.6162855549359	16.6945528908719	0	0	0	0	0	0	0	0	54.6218487394958	45.3781512605042	0	2.22838137472284	1.58536585365854	7.78270509977827	61.8625277161862	14.2239467849224	12.3170731707317	2.33721852688106	3.56074937450418	11.0636480136694	49.5423201318118	14.090437541954	19.4056264111796	2.19926350245499	3.07896890343699	10.2393617021277	49.0589198036007	13.5433715220949	21.8801145662848
"MERGE_ISO_9_A7"	1.75	5.03597122302	71.6939100528584	15.6024973375412	12.7035926096005	43.7107224157052	0.207210537580014	5.11994863513435	0.00486409712629142	0.0165379302293908	26.2982275230072	1.41156098604977	0	23.2309278751678	16.7708651514	16.7335064824	16.2902307315	16.1451395047	16.2048473076	14.2537845058	16.0758467136	16.224069968	14.0310005425	16.1988897959	13.2076923077	2.97837505969	2.30845681243	8.41990699515	3.04472964901	4.05272234541	8.5212741223	2.48816326531	14.188034188	0	0.0012	0	0	0.2942	0.0015	0	0.008	0	0	0	0	3e-04	0.0188	4e-04	2e-04	4e-04	0	0	5e-04	4e-04	0.0091	0	0.0211	0	1e-04	0	0	8.38468521628614	6.07970941378267	8.04295097449987	5.83249706416142	0.34858515893288	0.362430815251632	0.358118396531233	0.356331897205691	5.80323180972266	4.67097164766421	5.94569417017258	4.4647165581296	11.0330443466025	8.10664917768136	10.658925045076	7.7525354969574	16.8362761563252	-2	10.7458193979933	12.7776208253456	13.9230769230769	14.6595744680851	16.6046192152486	16.2639766650462	-2	12.217252055087	2.35706846462	5.74253123303	17.3541963016	4.24289332958	3.60417282822	3.84531053007	8.75067897882	7.54995778216	5.49969080203	11.302965521	21.2285392626	13.6349581911	0.369569383229763	0.322298994297787	0.478031634446397	0.312080812505133	0.282415841157258	0.562390158172232	0.194366120068986	0.130428690000108	0.393673110720562	0.441445418427193	0.189304306672977	0.659701129875	1.28781436035	3.67728880057e-05	0.000197255292986	0	0.0202	0	0	0.0344	0.0142	0	0	0	0.006	0.0318	0.0064	0	0	0.01	0	0.0246	4.44190757775	4.54236283281	4.56980381007	4.59782073814	2.19387407053687	2.5649771471451	12.5233644859813	53.4238351865748	12.2491302271642	17.0448188825977	2.27457535236718	1.99222985182508	11.4677448500181	57.1173653776653	13.4147994217564	13.7332851463679	0	0	0	33.3333333333333	66.6666666666667	0	2.18660334421688	1.1675076679529	6.79726921935292	56.5449688334817	13.3768675175621	19.9267834174335	3.19560604169267	3.482711272001	7.67694420172263	56.8468356010486	11.8212457870428	16.9766570964923	1.09561752988048	4.48207171314741	21.1155378486056	41.1354581673307	14.2430278884462	17.9282868525896	0	36.6071428571429	17.4107142857143	0.446428571428571	1.33928571428571	44.1964285714286	4.43131462333826	14.4756277695716	0.443131462333826	15.9527326440177	49.9261447562777	14.7710487444609	2.23376717412161	1.96948029614612	11.8711872997484	54.7453976069366	11.9435946635773	17.23657295947	2.09411185020941	0.640551860064055	9.16481892091648	56.9228874106923	16.2478442966248	14.929785661493	0	0	0	0	0	0	2.1875	0	13.4375	83.4375	0.9375	1.63915368518949	1.61977834612106	8.5910253429435	62.9698519724095	12.4544679531892	12.7257227001473	2.23020408163265	2.64489795918367	12.2318367346939	54.269387755102	12.1485714285714	16.4751020408163	2.41690408357075	2.77302943969611	11.9373219373219	51.6809116809117	12.4738841405508	18.7179487179487
"MERGE_ISO_29_B5"	0.75	1.90476190476	90.116618374305	6.06470152590211	3.81868009979284	22.6090574232108	0.00980899518682753	1.06681278687083	0.048030252294121	0.0307799504138381	61.8007285715735	5.68414359015989	0.00033824121333888	8.75030018907684	16.2297974734	16.7602814699	15.7860476958	11.510961548	11.4790697674	10.1675420168	11.8325160317	12.2408376963	9.26660537807	11.4815579817	9.22641702826	13.816994111	13.925720236	18.9206932773	12.4575631837	12.3036649215	20.9015989756	13.0200649159	21.6372271003	0	0.014	0	0	0.0266	0	0	0.0013	0	0	0	0	0	4e-04	0	0	0	0	0	0	0	0.001	0	9e-04	0	0	0	0	7.00052279381012	4.79717145343777	7.02420916720465	4.56143072220448	0.307833885853342	0.348495068047533	0.307125788013667	0.346034074505491	4.0211208699289	3.44869451697128	3.94448030987734	3.28003102331311	8.84274362191552	6.39086161879896	8.84264041316979	6.0735891235914	12.8638644918444	-2	9.10275080906149	9.83955613577023	-2	-2	12.7871207230471	13.0745614035088	-2	9.35362014690451	9.50083340644	6.56792339916	18.1451612903	0.875870778507	2.51481868898	14.2907272568	12.3578695392	1.3239907117	3.93131101813	32.3449425388	3.35275186377	10.0832461646	0.675438596491228	0.550841149322614	0.55390379994298	0.526315789473684	0.506178353431591	0.676088461695109	0.307017543859649	0.223313979455114	0.399136561723618	0.439850450846712	0.279374630634503	0.595446584939	1.26094570928	3.60744519771e-05	0.000150420507688	0	0.0112	0	0	0.0146	0.0114	0	0	0	0	0.0024	8e-04	0	0	0	0	0.0082	3.95780331608	4.13926124516	4.06048387097	4.2525659824	2.29623397832434	4.47864601375761	10.4963626466076	53.4814668184293	9.24432127480576	20.0029692680754	2.3950017355085	3.94307532106907	10.9822978132593	56.4317945157931	8.83720930232558	17.4106213120444	0	0	0	0	0	0	2.63918067226891	3.33508403361345	8.32457983193277	57.2085084033613	7.73371848739496	20.7589285714286	2.51623376623377	3.31359816653934	9.08135981665393	57.9163483575248	10.3609625668449	16.8114973262032	1.3142174432497	6.21266427718041	20.9677419354839	49.1636798088411	10.0955794504182	12.2461170848268	0	0	0	1	0	0	1	1	0	0	0	0	1.76348547717842	6.17691437193512	8.12900792153904	51.2731044888721	8.83628819313467	23.8211995473406	0.87260034904014	1.13438045375218	12.39092495637	50.3490401396161	15.7068062827225	19.5462478184991	0	0	0	0	0	0	0	0	0	0	0	2.47562136783006	3.42121679745215	10.2242505827888	58.0851692550153	9.86308566175263	15.930656335161	2.25730303924461	5.30392446149307	10.8439067571555	55.3481853053998	7.63499557391561	18.6116848627914	2.41552495814684	3.36191875363012	9.92176022412792	55.5434077009806	10.8374047627182	17.9199836003963
"ISOPath1B_98_T3"	2.25	3.04449648712	78.8479339454976	11.4003258293839	9.75174022511848	30.2319601829235	0.000918290510385866	5.70625723153777	0.154272805744825	0.0146926481661739	46.8401623537622	1.56660361071829	0.000918290510385866	15.4842145861265	16.2021339076	16.5148042025	16.567429406	21.3623239163	21.2425064599	19.3179925488	21.3242898452	22.378971043	21.0466183918	21.2536939073	20.8936681223	0.494201883415	0.378983634798	0.241069471839	0.374213301582	0.112454315434	0.534809976809	0.246260488873	3.14410480349	0.0086	0.0361	0.0164	0	3.7255	0	0.015	0.029	0	0	1e-04	3e-04	0	0.0237	0	1e-04	0.1356	1e-04	4e-04	0	0	0	0.0108	0.1929	0	0	0	0	10.8465834094832	8.81410410170305	10.725387755102	8.68239384156941	0.341375783197951	0.35386643513715	0.34797209101874	0.35512078974216	7.38460757437303	6.28663948189014	7.48579591836735	6.24037745219767	14.6060513757742	11.684336771408	14.3725714285714	11.5105537621058	21.9906589501472	16.25	21.6	17.9709762532982	22.5205479452055	24.7948717948718	21.8583673469388	21.9553264604811	-2	17.7509312143035	14.7687505911	15.6442172335	65.0154798762	22.6124544104	9.67559043957	24.8794098175	24.6165814625	37.9305686884	16.1779557414	57.467133264	72.9298932865	42.6197267944	7.18574108818011	2.74837579385357	1.02564102564103	2.65478424015009	1.52930870866487	0.742240215924426	0.295497185741088	1.21176728228338	0.350877192982456	0.735101076398005	0.809618264988058	4.66651576882	3.15753734722	0.000125787841147	0.00109624360618	0	0.4182	0.9724	0	0.5254	0.1976	0	0	0.332	0.0076	0.4386	0.1592	4.159	0.7882	0	0	0.6646	4.18204418594	4.40984743412	4.22222222222	4.53360323887	6.26507899447428	2.1130049031053	12.5340493423613	53.2492800996186	13.2072534827613	12.6313331776792	6.70542635658915	1.9207579672696	12.0714900947459	53.1007751937984	13.5486649440138	12.6528854435831	0.185185185185185	0.37037037037037	14.0740740740741	67.962962962963	0	17.4074074074074	2.69559500328731	0.0219154065307911	20.2279202279202	44.4663598509752	15.7133464825773	16.8748630287092	3.93401015228426	1.90355329949239	12.4365482233503	53.6802030456853	12.3096446700508	15.7360406091371	0	4.54545454545455	18.1818181818182	45.4545454545455	13.6363636363636	18.1818181818182	1.93538067818298	1.95137555982086	11.9161868202175	54.5905310300704	8.14139475367882	21.4651311580294	0	90	0	10	0	0	6.2850824970233	2.09644497363497	12.3405341044395	53.4232012246981	13.322844021092	12.5318931791121	8.75737981445038	1.63058757379814	6.07253303345516	56.7191453472027	19.6092212538656	7.211132977228	0	6.41025641025641	1.28205128205128	2.56410256410256	89.7435897435897	0	0	0	1	0	0	6.7632164323915	1.96885796772209	11.1174215533153	53.5425244924038	13.9713190401817	12.6366605139855	6.6490331995622	2.14337832907698	12.4954396205764	52.7316672747173	13.5808099233856	12.3996716526815	3.99563318777293	1.94323144104803	12.7292576419214	55.764192139738	11.2663755458515	14.3013100436681
"MERGE_ISO_4_B4"	0.5	1.25313283208	76.7863355099946	12.6755824232228	10.5380820667826	40.1637764932563	0.00170010200612037	5.31225206845744	0.0612036722203332	0.0153009180550833	34.4480335486796	2.08489176017228	0	17.9128414371529	17.3087343422	17.8179394487	16.8292562798	15.0088900625	14.8378392963	9.89727463312	15.0289281608	14.5125608569	13.9969740121	15.0123933609	14.5813827872	1.92324619312	2.02093788786	6.2893081761	1.9223056974	4.10905550146	2.94143823425	1.76489281087	5.09542671948	0	1e-04	0	9e-04	1.9242	0.0034	0	0.0338	0	0	0	0	0	5e-04	0	0	0.0025	0	0	0	0	0.0042	0	0.084	0	1e-04	0	0	7.63139380658555	5.79051119278316	7.79951447416636	5.72146194926569	0.352786961019805	0.369927211575313	0.350051273036237	0.369701938455817	5.36774119139611	4.34831272970264	5.49693111029681	4.30373831775701	10.1475116775272	7.71182759772803	10.4100403078051	7.62132843791722	15.5152528689234	14.7105263157895	16.8085106382979	12.0601403274307	23.7894736842105	22.4883720930233	15.9069714181019	15.3923013923014	-2	11.9250667556742	6.76075971424	12.4607464607	34.5857418112	29.0019379845	7.80615422948	11.841784283	19.5186615187	44.0600775194	12.6298741747	32.5631643143	76.6085271318	28.0752460446	0.893881951932107	0.432448932868663	0.968616815187912	1.50255643281973	0.971738190328407	0.648973266175901	0.372160968314146	0.106840324591081	0.203409531189461	0.211823608704025	0.227524814425073	3.27787702042	2.61928846609	0.00010261292536	0.000471217279696	0	0.084	0	0.0466	0.3472	0.049	0	0	0	0	0.0882	0.0492	0	0	0	0	0.0888	4.4616535077	4.46946147389	4.70472061657	3.94245858762	1.83082475134231	4.9335445823431	12.5627145497755	49.4146642020949	14.7874306839187	16.4708212305255	1.54875613836274	4.3305811882791	12.3846527440505	51.0091198532189	15.8895904160596	14.8372996600291	0	0	0	3.125	95.3125	1.5625	0.419287211740042	0.209643605870021	1.0482180293501	4.19287211740042	74.0041928721174	20.125786163522	13.1282051282051	2.56410256410256	4	52.5128205128205	15.6923076923077	12.1025641025641	0	4.54545454545455	11.3636363636364	61.3636363636364	9.09090909090909	13.6363636363636	2.49376558603491	0.124688279301746	0.0623441396508728	66.7082294264339	21.7581047381546	8.85286783042394	0.961538461538462	25	0	47.5961538461538	25.9615384615385	0.480769230769231	1.85813972141272	4.8873085046654	12.597919952945	48.7340587653397	15.680560382857	16.2420126727803	0.350535540408958	7.14703018500487	2.45374878286271	69.2112950340798	12.0447906523856	8.79259980525803	0	0	0	0	0	0	0	0	0	98.3870967741936	1.61290322580645	2.03809184763261	2.06034175863297	10.4930580277679	60.1637593449626	17.3059807760769	7.93876824492702	2.10711579359065	5.00378889730866	12.4373609719133	49.5978879953067	14.7620328045173	16.0918135373634	1.76449405833633	3.99711919337414	11.9733525387108	48.7036370183651	15.0882247029168	18.4731724882967
"ISOPath1B_52_T12"	1.25	1.19331742243	74.980793362186	15.9408691643832	9.07833747343082	21.5192938852245	0.00382372622120256	4.83127808048944	0.0720135104993149	0.205843928241405	45.5769046936239	7.63916770225918	0.00509830162827008	20.1465761718128	16.7159203277	15.5148	16.2997436403	16.3798020576	16.3330142836	17.3448888889	16.1804283846	14.133180778	15.3683888719	16.0390802853	15.1792950319	8.9529886704	8.76895891621	11.4666666667	9.57325049052	16.3386727689	12.2057474778	9.00743663682	19.0674437968	0.0117	0.0699	1e-04	0	1.482	0	0	0.0448	0	0	9e-04	0	0	0.0059	0	1e-04	0.0496	0	1e-04	0	0	0	0.0069	0.0476	0.0028	0	0	0	8.93817755640199	7.06763392857143	8.3464759959142	6.70982238390755	0.34190417091809	0.360646225236452	0.330541455658488	0.35365565449208	6.24040433636097	5.42142857142857	5.59795709908069	5.14123689278836	11.9471139759742	9.53660714285714	11.4332992849847	9.04643697838648	18.1875183123352	18.6923076923077	13.5833333333333	14.9580357142857	16.4666666666667	-2	17.0312563840654	12.3016759776536	-2	14.1876738711748	9.65710286914	19.895642091	69.0235690236	13.9229422067	7.08021515435	16.3261021693	34.4767610397	21.3222416813	12.9531103835	40.7767669699	53.2289842382	34.4743919551	2.62992236133455	0.202507232401157	0.547105810263705	0.601524795411625	1.08968177434908	0.579932158879527	0.139889487305029	0.0578592092574735	0.382974067184593	0.421986582990695	0.104020804160832	2.72331803826	2.52070794351	0.000202796822236	0.00103783284762	0	0.3772	0	0	0.2726	0.1976	0	0	0	0	0.2466	0.2226	0	0	0	0	0.4186	4.12925788627	4.19729990357	4.55852842809	4.58923295765	2.35707774449798	3.21656465685636	13.8234145070973	48.150800885532	16.5451230628988	15.9070191431176	2.51803858047416	3.20276836990134	12.6196436460021	49.226917979679	16.9268149020763	15.5058165218672	4.97512437810945	0	27.6119402985075	3.23383084577114	57.2139303482587	6.96517412935323	0.622222222222222	1.86666666666667	5.33333333333333	49.9555555555556	20.0888888888889	22.1333333333333	1.74129353233831	7.29684908789386	14.2620232172471	47.0978441127695	13.9303482587065	15.6716417910448	2.76497695852535	6.91244239631336	17.5115207373272	39.63133640553	15.2073732718894	17.9723502304147	0	0	10.0238663484487	36.7541766109785	48.8066825775656	4.41527446300716	0	0	0	0	0	0	2.24002616088947	1.61870503597122	12.5490516677567	50.8175277959451	17.0372792674951	15.7374100719424	0.22883295194508	0	10.2059496567506	56.1556064073227	6.17848970251716	27.2311212814645	0	44	0	0	56	0	0	0	0	0	0	2.57566493427087	3.92846224396209	12.6490369917456	50.2904310608377	18.0067257719352	12.5496789972485	2.32964030960692	3.52860828653817	14.0461375018971	48.3457277280316	16.8007284868721	14.9491576870542	2.27588121010269	3.66361365528726	13.3777407715792	46.5723008603941	14.654454621149	19.4560088814876
"MERGE_ISO_36_H7"	1.25	10.7843137255	91.725504768983	4.23427887196003	4.04021635905694	24.144734165887	0.00406785176748159	1.10848960663873	0.103730220070781	0.0630517023959647	60.6435341496156	6.87466948704389	0.0020339258837408	7.05568889069682	16.1616103947	16.5944897915	16.824003911	12.1909600318	12.0666878649	11.5297692252	11.9829494318	11.5942485156	11.1957291456	12.1080617828	12.4822046808	10.1572093184	10.1780655605	12.3345149389	10.1917694415	10.358394735	11.8824414317	9.9414128698	13.9177399252	0	0.0019	0	0	0.4887	0	0	0.2487	0	0	0	0	0	0.0018	0	0.0016	0	0	0	0	0	2e-04	0	0.1226	0	0	0	1e-04	5.93376647953069	6.3066909658943	6.3793241976521	6.02044659671778	0.362096853072173	0.355960137047444	0.361419674719789	0.356175998076603	4.32549044344919	4.61702681593335	4.66229969200553	4.45520581113801	7.97542000462583	8.53371517833897	8.4637325358211	8.16626311541566	12.300910448075	-2	12.5033112582781	13.1507419942723	-2	24.5238095238095	13.1260322278266	10.8127206329884	-2	12.6214689265537	10.3800942102	11.2746822087	15.4017857143	9.10660336642	6.30893008972	15.6507716464	17.1096484617	17.0694864048	11.5252344513	34.3428628011	42.9650410013	27.8391137168	0.270109740920919	0.278602649227587	0.431313349148156	0.352132594184863	0.285275766574355	0.603838688807419	0.0905079760153864	0.120116112241834	0.345050679318525	0.432985632749459	0.10481081647626	2.57588758528	3.076282634	4.30430829541e-05	0.000197104002594	0	0.0342	0	0	0.0586	0.0712	0	0	0	0	0.0118	0.0148	0	0	0	0	0.0428	4.42540553536	4.52691024358	4.59671175479	4.40634441088	2.10909531139205	2.50255097628889	12.8197367738365	45.4021895159198	10.2748136490203	26.8916137735425	2.09766626197221	2.4628548303174	12.5050586806961	45.8355013393459	10.2300977048043	26.8688211828641	0	0.075642965204236	0.151285930408472	99.6217851739788	0.151285930408472	0	3.13246039210012	5.03508645011937	9.78080011574911	57.852853939087	9.70845691962671	14.4903421833177	1.83982683982684	5.03246753246753	11.4177489177489	46.9155844155844	11.4718614718615	23.3225108225108	0	2.30414746543779	20.7373271889401	46.0829493087558	14.2857142857143	16.5898617511521	0	0	0	89.5348837209302	0	10.4651162790698	0	3.53846153846154	0	0.923076923076923	95.5384615384615	0	2.08978251624452	2.21044198949669	13.0035307731107	45.175104588027	10.2550662143585	27.2660739187625	1.98035147960035	2.14249946348094	10.7554188425495	47.2005627488852	11.2514009108901	26.6697665545938	0.29673590504451	0.29673590504451	0	63.2047477744807	36.2017804154303	0	0	0	99.3548387096774	0	0.645161290322581	2.68212588746812	2.61424718853767	8.15645122823754	47.1188244143169	10.4092902089563	29.0190610724834	2.08976904081731	2.45484917445407	12.7400377669104	45.5962814119014	10.1835084491357	26.9355541567811	2.18113834648941	3.16438166458939	13.3291787841019	44.2182523196233	11.1411161888935	25.9659326963025
"ISOPath1B_1452_PBMCs"	56.5	97.1193415638	84.5796426297422	9.77529357716828	5.64506379308955	26.3292893728542	0.0123469574707058	0.607390649768594	0.0657176768602085	0.0549638751921744	53.057265985327	5.22355958800991	0.00278802265467551	14.6466778718625	15.7115911165	15.767026298	16.0263519707	14.6670731707	14.4317065357	13.2996005326	14.5903585153	14.1672572644	11.9310525814	14.426035219	9.92996955198	5.80081300813	4.76292182828	6.65778961385	5.27800749137	3.84479092842	17.2106116996	4.6830766278	37.0704654197	0.0048	0.0335	0.0453	0	2.1291	0	0.0013	0.0533	0.0039	0	0.0019	0	0	0.0137	0	0	0.1247	0	0.0026	0	0	0	0.0013	0.064	0.0115	0	0	2e-04	7.21129685390925	5.58933582787652	7.74242945629732	5.08902034338479	0.372504518741936	0.384157706645204	0.351441241022232	0.367729146559902	5.66836257917143	4.80386654193951	5.54946662078458	4.33761361996826	9.55549787145675	7.5526972248207	10.1483998623538	6.85211369210792	15.2238604506282	13.25	9.62256809338521	12.3565637667602	15.2039800995025	24.8421052631579	15.6978664831383	14.2031746031746	13.0333333333333	11.1897273120762	35.9175800913	10.5420401195	32.1931589537	11.4835948645	15.6046880598	41.680387637	15.4972257789	14.7091456649	21.4664687719	52.8908124383	27.7936281503	33.3964549533	0.826795696904214	0.625638406537283	2.50969836117489	0.436886362568704	0.638406537282942	2.66012192225477	0.361723117395594	0.348995573714675	2.17718312089304	2.29568411386593	0.416137369135748	1.08532809535	5.95931684256	8.02687152739e-05	0.000638782925606	0	0.9912	1.3772	0	0.6062	0.8986	0	0	0.3616	0	0.2516	0.3436	1.6694	0.6902	0	0	0.507	4.58650819749	4.41517705141	4.65277777778	4.35183279234	7.65853658536585	3.30894308943089	15.0934959349593	49.3780487804878	10.1991869918699	14.3617886178862	9.1894489534387	3.11298590346006	14.165954720205	49.2951730029902	9.99572832123024	14.2407090986758	50.6302521008403	0.157563025210084	1.89075630252101	5.3046218487395	0	42.0168067226891	18.2423435419441	0.247289328514362	20.1826136579798	37.3216663496291	3.157694502568	20.8483926193647	3.14321926489227	4.08111533586819	13.7135614702155	48.871989860583	10.6463878326996	19.5437262357414	1.60857908847185	6.56836461126005	24.7319034852547	39.2761394101877	14.0080428954424	13.8069705093834	17.0593779453346	1.65611956375387	16.9247340783627	36.4077016291908	8.65760064629056	19.2944661370675	0	20	0	0	0	0	8.31833438731332	2.495500316194	14.7395047915552	49.5840832806343	10.3906211995914	14.4719560247118	23.1218993621545	1.78951098511694	13.9971651311127	33.1679659815734	8.62863217576187	19.2948263642807	0.103977125032493	28.9576293215493	9.8518325968287	0.0259942812581232	29.6334806342605	0	0	0	0	0	0	8.03511785475713	2.51932436301174	13.6654260902758	50.042943028915	11.1317873842924	14.605401278748	8.24336644114966	3.48351806535195	16.0213041600691	48.5773235449355	9.70202965308766	13.9724581354062	3.41452805567638	3.77337973031753	13.962592431492	49.3366681165724	12.1357111787734	17.3771204871683
"ISOPath1B_242_PBMCs"	57	99.2952231793	90.3964224388195	7.76908917960691	1.83448838157358	40.2633284025477	0.00611254416313158	1.05135759605863	0.0110025794936368	0.129585936258389	48.5225980757711	1.54280614677441	0.00122250883262632	8.47198621010037	16.6904855129	16.8594498274	16.2953267892	15.1542135648	15.3026510411	14.2782334385	14.9845790251	15.8857931034	12.9106185029	14.7363969261	12.5911236234	5.58624413341	4.91523495278	9.21135646688	5.58345642541	3.94482758621	9.84952769735	5.56501108876	13.3228450774	0.0048	0.0063	0.0334	0	0.7046	0	0.0021	0.0344	4e-04	0	0	2e-04	0	0.0075	0	0.0016	0.0688	0	0.0538	0	0	0	0.0066	0.1298	0.0037	0	6e-04	0	7.80534695103635	5.59107016300496	7.62602281894664	5.41693121693122	0.363215559423696	0.364624116408572	0.346198034886671	0.362804640672584	6.01972564333634	4.44516300496102	5.41903883830817	4.30132275132275	10.4878341844398	7.59036144578313	10.0940417194883	7.34594356261023	16.5075598277761	14.5882352941176	12.4640718562874	12.0355244507442	13.8448637316562	-2	15.5130805577965	17.6009122006841	-2	11.647266313933	5.13644564727	4.6457837695	18.7142857143	3.11157552537	2.35993787643	8.12471808751	8.47211208036	5.43945199118	4.21985681276	21.9046008119	15.987460815	12.3394825562	2.94216732172937	1.89436295468	4.8119340608312	2.08871420550253	1.93382884956916	3.66264221035524	1.70129140932061	1.17082154837861	3.24471790109125	3.29134036999206	1.74154753800772	0.835822792856	0.842178859722	7.10425923335e-05	0.000294898194007	0	0.0938	0.1308	0	0.1398	0.0682	0	0	0.0832	0	0.092	0.0466	0.2944	1.3672	0	0	0.2678	4.39241998877	4.39439584293	4.26693766938	4.31982818667	2.59583835195415	3.48465340366325	11.5795157203971	52.3985546372056	10.8983677368443	19.0430701499356	2.77050859028331	3.58402548640346	10.3254067584481	55.1769257025828	10.0238935032427	18.1192399590397	0	0	9.43396226415094	42.4528301886792	2.35849056603774	45.7547169811321	2.96529968454259	2.64984227129338	6.43533123028391	63.596214511041	9.27444794952681	15.0788643533123	2.21642764015645	5.95393307257714	15.5294799362596	50.2824858757062	9.8797624221353	16.1379110531653	1.64609053497942	6.5843621399177	28.3950617283951	43.6213991769547	9.87654320987654	9.87654320987654	3.47150259067358	1.70984455958549	6.70984455958549	60.8290155440415	11.1658031088083	16.1139896373057	0	2	0	0	0	0	2.29246676514032	3.56277695716396	9.38257016248154	53.6366322008863	11.1432791728213	19.9822747415066	2.75862068965517	0.331034482758621	9.26896551724138	58.8689655172414	7.06206896551724	21.7103448275862	0	0	60.8433734939759	0	37.9518072289157	0	0	0	0	0	0	2.13604215123178	4.40024683153748	10.6422366734704	54.9200170883372	10.5283144254047	17.3731428300185	2.7180359997937	4.50255299396565	12.2337407808551	51.9572953736655	10.5884780029914	17.9998968487287	2.14457232756479	3.38660263310425	13.4636085120477	51.5442576798874	10.7725428500455	18.6884159973503
"ISOPath1B_48_T3"	60.25	98.6329460014	85.1151083206064	10.9565020645964	3.92838961479722	32.5712196630951	0.0224978205236368	2.2047864113164	0.0028122275654546	0.230602660367277	48.4659298630445	3.87806181276189	0	12.6240895413257	15.7122222222	16	17.028096625	16.5741436464	19.2703862661	12.3794367284	18.1206803456	24.7136	6.09056937084	14.1759122548	3.28561771168	20.2430939227	12.3237277744	41.300154321	15.7397408207	2.61333333333	65.8581328985	30.4366167475	77.4801419638	0	0.0223	0	0	0.0671	0	0	0	0	0	0	0	0	0.0847	0	0	0.1737	0	0	0	0	0	0.005	0.0481	0.0013	0	0	0	7.56449553001277	3.96320147194112	11.7410990712074	2.61641950772053	0.290811526335896	0.285411133128271	0.282594921072621	0.251660293702411	4.55427841634738	2.65593376264949	6.60332817337461	1.64607858125669	9.40613026819923	5.45883164673413	15.8630030959752	3.53187585996025	13.9604086845466	13.3846153846154	5.57741116751269	8.11476540938362	23.8666666666667	-2	22.4663312693498	12.1875	-2	5.17795444121694	69.0389294404	94.7391093641	30.0970873786	3.14372182076	47.6268412439	70.5596107056	95.6329761456	3.89105058366	50.1130075598	75.7299270073	7.05330121673	52.3237991323	2.55164034021871	2.54647039862469	8.82840818332617	2.24787363304982	0.558719243580101	8.465933525834	2.0048602673147	0.47276243687547	7.89457516741414	8.01933428540042	0.61223490228731	0.555052790347	12	9.42204584115e-05	0.000838394956042	0	0.0448	0	0	0.1056	0.0782	0	0	0	0	0.0968	0.0862	0	0	0	0	1.2644	3.81398176292	4.94466530568	4.35238095238	4.34828285311	1.25966850828729	1.0828729281768	3.35911602209945	38.0773480662983	5.17127071823204	51.0497237569061	0.797057020232986	0.613120784794605	2.05395462906193	33.1698344573881	2.85101164929491	60.5150214592275	0	0	1	10	1	1	1.19598765432099	1.87114197530864	5.20833333333333	38.0594135802469	8.1983024691358	45.4668209876543	3.69859232680099	4.09881313828319	9.52249516974883	54.3334253381176	12.6276566381452	15.7190173889042	2.39383846794338	6.22398001665279	27.0607826810991	41.8401332223147	12.676935886761	9.80432972522898	0	0.24703557312253	0.148221343873518	10.7213438735178	0.296442687747036	88.5869565217391	0	0	0	0	0	0	0.890928725701944	0.809935205183585	2.32181425485961	32.2624190064795	3.88768898488121	59.8272138228942	0.0533333333333333	0.106666666666667	0.426666666666667	2.93333333333333	0.426666666666667	96.0533333333333	0	0.16629711751663	0	0.221729490022173	99.6119733924612	0	0	0	0	0	0	2.69737736105449	3.98831362956923	13.330615572768	45.9845087647778	10.442994972143	23.5561896996875	1.32883357941363	3.20607466779161	9.13309428390635	36.0261548196583	6.13794558110103	44.1678970681291	3.1857360148724	4.16596248098699	14.4414399188778	50.3802602670272	12.396484705087	15.4301166131486
"ISOPath1B_52_T3"	0	0	86.0243504354085	12.4205468203522	1.55510274423933	30.8708871429001	0.0190653943024574	1.4710456867054	0.0822822280421847	0.0692374845720822	50.3858233741734	4.70513862548542	0.00301032541617749	12.3935097384027	17.6426440211	16.9404478323	15.3524229075	13.7414889109	13.4715009986	13.8879310345	13.2440158429	13.0195895522	12.8816770812	12.9719689294	15.3244084682	2.34496397796	2.2276847442	4.31034482759	1.61873600827	0.839552238806	3.70892965128	1.95879770348	11.2702366127	0.0156	0.0246	0.0473	0	3.3612	0	0.0163	0.0192	0.0148	0	1e-04	3e-04	0	0.0118	0	0	0.1023	0	0	0	0	0	0.0171	0.0132	0.0192	0	0	0	6.65234556432884	5.69545454545455	7.43165467625899	5.56581352833638	0.367431287934923	0.369776577646494	0.333300682305902	0.36447870151666	5.13005109150023	4.45181818181818	4.84124700239808	4.33180987202925	9.05643288434742	7.81272727272727	9.36258992805755	7.59780621572212	14.1864839758477	-2	11.5853658536585	12.2645454545455	15.4285714285714	-2	14.2038369304556	14.7297297297297	-2	11.9296160877514	19.2547660312	61.2353989309	19.4444444444	68.5153583618	20.125819135	33.5528596187	83.5676103742	75.0853242321	33.5412844037	77.1837088388	82.2098976109	75.3289646134	0.355193623841289	0.197980597901406	0.3147128245476	0.0173265182361604	0.0989902989507028	0.27537372147915	0.00866325911808022	0.0395961195802811	0.19669551534225	0.307692307692308	0.0300066014523195	7.95696068013	7.43889479277	0.00037967314287	0.0040809184174	0	0.9082	0	0	0.9344	0	0	0	0	0	0.5278	0	0	0	0	0	0	4.39426492246	4.35616709562	4.17948717949	4.60739575138	0.579177849978811	0.889956208504026	12.4170080519847	55.2337900833451	19.861562367566	11.0185054386213	0.368720233522815	0.76816715317253	11.4149638961438	55.6921186050085	20.7405131356583	11.0155169764941	0	0	0.66006600660066	27.0627062706271	72.2772277227723	0	0	0.14367816091954	0.718390804597701	66.9540229885057	27.7298850574713	4.45402298850575	2.27272727272727	2.77777777777778	12.1212121212121	57.5757575757576	10.6060606060606	14.6464646464646	0	1.88679245283019	20.7547169811321	54.7169811320755	13.2075471698113	9.43396226415094	0.684931506849315	0	22.203196347032	64.3835616438356	9.64611872146119	3.08219178082192	0	1	0	0	0	0	0.482176683313243	0.189426554158774	11.0384019287067	59.2388496641984	20.5613914241433	8.48975374547959	0.186567164179104	0.0932835820895522	8.86194029850746	87.1268656716418	3.35820895522388	0.373134328358209	0	0	80.2521008403361	0	19.7478991596639	0	0	0	0	0	0	0.443458980044346	0.262043942753477	12.2757508566821	60.3507357387623	22.0520056440234	4.61600483773433	0.287065180682202	0.557244174265451	12.6815265113137	56.1465721040189	20.4491725768322	9.87841945288754	2.05479452054795	2.61519302615193	11.6438356164384	52.4283935242839	15.1930261519303	16.0647571606476
"ISOPath1B_107_T3"	0	0	92.2853553555615	5.65932821220421	2.05531643223428	28.5259354522628	0.00408271582256517	0.71855798477147	0.0714475268948905	0.0857370322738686	57.8439177741033	5.81582868924409	0	6.93449282462694	16.4850203357	16.2922302158	16.4563428247	15.3128613279	15.4350559833	14.9629339393	15.7976066983	16.3647851727	12.2271193171	15.6072912527	10.2836948915	6.23493116947	5.50754850207	9.70927043335	5.33120924718	3.65768042685	17.6742108398	4.7945947899	25.8957312806	0.0013	0.0596	0.0037	0	0.604	0	4e-04	0.1814	0	0	0	0	0	0.0622	0	0.0148	0.046	0	0.0112	0	0	0	0	0.1843	0.0067	0	0.0025	0.0037	7.89588796185936	5.3633850493653	8.25430969869585	4.91239328162491	0.333846039711078	0.35432020592297	0.335314761401565	0.35006203902596	5.25059594755662	4.06696755994358	5.70679058611902	3.73332961330283	10.4146007151371	7.2864880112835	11.1690900914406	6.66781987612298	15.6651966626937	14	10.7897135416667	11.3534555712271	17.5826086956522	-2	16.8758806775596	15.8291678917965	18.695652173913	10.4011494894258	8.30181717554	10.3186408831	40.2305393482	2.3541531535	4.81841410351	13.2244872859	15.9477021843	4.40306764852	8.4148518768	29.2992651354	11.7669502843	18.6760319446	2.84919446057901	3.73267943328663	6.78282751258197	2.08186848460762	2.45601743733458	5.73432972395913	1.58356516156645	1.26109294722092	4.90696965075492	4.969559677191	2.99066559059554	1.06653394244	1.67268073306	3.24273280768e-05	0.000217365480024	0	0.0848	0.1478	0	0.1372	0.1084	0	0	0.1118	0	0.105	0.1062	1.495	1.368	0	0	0.1498	4.20020788114	4.36050132337	4.52257973469	4.39267195364	3.51800482202577	4.94646514401265	12.488009747751	52.2178726051902	11.5365670287507	15.2930806522697	3.58091523486097	5.01328132880535	12.4037523956827	53.1555764769174	11.3647826233146	14.4816919404189	0	0	0	91.9354838709677	3.2258064516129	4.83870967741935	2.55465872580519	5.45411801582948	11.8877830890996	53.5302875950161	11.0179453020923	15.5552072721574	3.119105362436	4.88412826731339	11.5939099973053	53.4963621665319	10.6777149016438	16.2287793047696	1.65492957746479	4.6830985915493	24.9295774647887	41.3028169014084	14.5070422535211	12.9225352112676	1.4600287218765	11.3212063188128	3.01579703207276	54.5476304451891	7.46768788894208	22.1876495931067	0	4	0	0	0	1	3.71591582691168	4.54949614700652	10.8513633669235	54.1641967990516	11.2033195020747	15.515708358032	3.09604043807919	6.92923336141533	7.42066835158663	53.93850042123	11.8295422634092	16.7860151642797	21.5268225584594	0.756533700137552	65.474552957359	0	12.242090784044	0	0	2	0	0	0	3.46684534445106	4.76970418900139	12.0160810005956	53.8440540003971	11.2492555092317	14.6540599563232	3.8840914839036	5.77013404632005	12.5230335657766	52.1407667015934	10.9730100805723	14.708964121834	2.77116864940518	4.09027291812456	13.2260321903429	51.8719384184745	11.9314205738279	16.1091672498251
"ISOPath1B_127_T3"	0	0	74.9170124481328	14.5072614107884	10.5757261410788	34.1638295677293	0	2.60497266068297	0.0464252553389044	0.00515836170432271	37.3774889095223	3.40967708655731	0	22.3924481584649	16.9226861056	16.5540475036	16.9764533821	14.3445156652	14.7836489685	9.39869970128	14.8130413264	16.1293207638	5.76594601051	15.8304723318	4.84844001796	18.145330378	16.2242137301	44.9218063609	14.3405097748	11.8685037467	62.2849976111	9.46796033692	67.7357144744	6e-04	0.173	0.0055	0	0.116	0	0	0.0401	0.0062	0	0	2e-04	0	0.0151	0	0.0245	0	0	6e-04	0	0	0	0	0.0178	0	0	0	2e-04	8.5964590964591	4.78872192866579	7.84665226781857	3.40738992650529	0.301499960766833	0.31379066870187	0.308030326794231	0.27902767676839	5.25213675213675	3.32339828269485	4.93466522678186	2.29627132357899	11.3982905982906	6.43758256274769	10.1671166306695	4.54102892589846	16.6504273504273	-2	7.28902478274863	9.76098084544254	13.4047619047619	-2	15.1017818574514	17.5189340813464	18.5384615384615	6.83730024947745	6.86274509804	7.01114099116	25.4223320972	1.16806834869	2.01039802843	11.8034055728	13.964656166	1.92564410626	3.57516626718	32.2045923633	5.43986116673	10.6951149522	2.51527822450949	3.51180195739781	8.71959155070578	2.52171116114506	2.99366724237191	8.6762104982147	1.89771630749437	2.55229322586836	8.04551673507525	8.36435357519862	2.18576888392665	0.376863143631	0.611873306233	2.65060222868e-05	0.000165088676203	0	0.061	0	0	0.0912	0.0634	0	0	0	0	0.017	0.0256	0	0	0	0	0.0702	4.24972660019	4.26429942418	4.37887438825	4.40028699192	2.69574072964716	2.47409093632061	12.136823818367	55.2447133529024	12.3824357515126	15.0661954112502	2.44335475143727	2.51099086912411	10.8978694622929	56.32397700372	12.8170443016571	15.0067636117687	0	0	2	14	1	2	2.38973818309612	2.36338077666491	10.0773150588649	53.690036900369	12.6515550869794	18.8279739940257	3.15849163595123	3.56110008505812	8.83470371420471	53.473206691239	11.1766373688687	19.7958605046782	1.64290142591445	5.73465592064476	24.6435213887167	43.2811531308122	12.7867327960322	11.9110353378797	0.387596899224806	0.387596899224806	4.26356589147287	50.7751937984496	12.4031007751938	31.7829457364341	0	4	0	1	0	0	1.96733481811433	1.34867607027963	10.4305864884929	56.1865874783469	13.5609997525365	16.5058153922296	2.0062847474015	0.894367899444042	15.0108774474257	60.6719845298526	9.01619531061155	12.4002900652647	0.236406619385343	39.4799054373522	0.472813238770686	0.236406619385343	59.5744680851064	0	0	0	0	0	0	2.55016722408027	4.06115623506928	14.4738413760153	51.8573817486861	12.1625656951744	14.8948877209747	2.6655293741337	3.1559867789743	11.4724384262715	56.7757756690479	11.4084657212922	14.5218040302804	2.55990278181386	3.92307082661876	15.0265500752913	49.9616939212216	12.1998256412966	16.328956753758
"ISOPath1B_19_T3"	0	0	82.7246395063283	12.179123900678	5.09623659299372	35.124443198455	0.00207664911898161	2.89173389818189	0.0238814648682885	0.0155748683923621	44.3281520937815	3.24580257296826	0	14.3683352542338	16.298902762	16.8382624769	16.4776386404	18.7202831103	18.7426509604	17.7606635071	18.1870568713	18.449587825	15.9668674699	18.4206394357	17.5002418965	1.27981384526	1.28409211504	4.73933649289	1.04088097752	2.40963855422	8.17555938038	1.09227443395	9.77261731979	0.0528	0.0214	0.8204	0	1.5177	0	3e-04	0.0851	0.1073	0	1e-04	4e-04	0	0.0186	0	1e-04	1.4706	0	0.0487	0	0	0	0.0088	0.0285	0.0472	0	0	0	9.09044715447154	5.79074446680081	8.90013934045518	5.40585774058577	0.371487566845481	0.341765673005948	0.363065359172246	0.346348034517151	7.08142784552845	4.13480885311871	6.62749651648862	3.9163179916318	12.369537601626	8.12273641851107	11.9479795633999	7.55439330543933	19.4509654471545	13.5384615384615	12.3461538461538	12.2575452716298	18.82	-2	18.5754760798885	16.5555555555556	14.8837209302326	11.4707112970711	10.1154016866	22.59030837	75.5	16.0572337043	7.80875147829	18.5663559698	42.6079295154	18.2829888712	14.431491806	56.1074123391	26.2321144674	48.0587937152	0.176937683411013	0.140820278120049	4.61049284578696	0.573968582772311	0.0704101390600246	3.17965023847377	0.0129466597617815	0.0176025347650062	2.86168521462639	2.73381294964029	0.0236910684671879	2.77266028003	2.98452468681	0.000317688873375	0.00259777934205	0	0.3536	2.6112	0	0.3262	0.4182	0	0	0.3668	0	0.3918	0.0802	8.398	1.035	0	0	0.4208	4.52006732263	4.19996479493	4.10628019324	4.32909379968	2.94745006786892	5.536164436688	9.65677719604421	55.1192553810355	11.9449292224161	14.7954236959473	2.34532526796137	5.73065902578797	8.82945983232516	56.2135201103683	12.3421415685026	14.5388941950547	13.5559921414538	0.196463654223969	17.8781925343811	52.4557956777996	2.35756385068762	13.5559921414538	0	0.4739336492891	10.4265402843602	34.3601895734597	31.7535545023697	22.9857819905213	3.67170626349892	5.61555075593953	11.8790496760259	54.2116630669546	10.7991360691145	13.8228941684665	2.53164556962025	5.06329113924051	21.5189873417722	50.6329113924051	10.126582278481	10.126582278481	2.12595907928389	5.38682864450128	10.1502557544757	55.8503836317136	12.1003836317136	14.386189258312	0	0	0	0	0	0	3.4092623321768	6.10951878111329	8.64383768290843	53.9749585156132	12.1134409413184	15.7489817468698	4.37539632213063	2.85351934051997	9.57514267596703	53.3291058972733	19.4673430564363	10.3994927076728	6.65322580645161	14.5161290322581	22.5134408602151	3.69623655913978	52.6209677419355	0	0	0	0	0	0	1.03270223752151	5.46471600688468	3.57142857142857	63.5542168674699	13.855421686747	12.5215146299484	2.98099897599272	5.8140857890545	9.51188986232791	54.4089202412106	12.4018659688247	14.8822391625896	2.95113691340106	4.35413642960813	11.2239961296565	57.7648766328012	9.67585873246251	14.0299951620706
"ISOPath1B_46_T12"	0	0	75.4648406002912	17.3215553656746	7.21360403403415	39.6828062766927	0.0431882527952397	2.57090071500552	0.094774221411776	0.0539853159940496	33.3797207159653	2.25418686117376	0	21.9204376409617	16.5993868166	16.7665289256	16.7237657619	10.5993947418	10.7671428571	5.92884492661	11.129080563	9.43619861185	4.37073047007	10.6306068602	3.44491447489	25.6478153963	24.3142857143	49.9680918953	20.7547169811	26.6417512013	65.9705782888	21.345646438	74.9310281405	0	0.0776	0.0377	0	0.3215	0	0	0.1114	0	0	0	0.0014	0	0.1816	0	0.037	0.0337	0	2e-04	0	0	0	4e-04	0.2258	0	0	0.0105	0	6.5221843003413	3.61148740178813	6.76131917272219	2.50932267884323	0.324861115871467	0.339994768197677	0.318578995587247	0.325783466890763	4.38452787258248	2.79301002438364	4.17887087758524	1.89573820395738	8.75654152445961	5.06041723110268	8.69480156512018	3.4783105022831	13.1410693970421	-2	4.84974958263773	7.85342725548632	12.6111111111111	-2	12.8736724427054	7.93849206349206	-2	5.37404870624049	23.8824401087	33.8779678325	35.2727272727	6.00033288948	7.13362165054	41.8374907385	47.6640285933	9.18774966711	12.2564536983	79.9703630526	16.5862183755	30.4516474207	1.01234567901235	1.14854517611026	6.08254285238808	0.888888888888889	0.740173557937723	6.19903478116159	0.765432098765432	0.587034201123022	5.89116325511732	6.08153765297695	0.819940964250574	1.20021822149	2.01172940535	9.82687607882e-05	0.000699300699301	0	0.1598	0	0	0.2256	0.1962	0	0	0	0	0.1872	0.1672	0	0	0	0	0.5338	4.32395061728	4.68019397652	4.39601386482	4.4162090198	3.9530924910157	2.74257613013051	11.4431624739928	49.7068280688481	14.3748817855116	17.7794590505012	5.34285714285714	2.05714285714286	12.3142857142857	51.5714285714286	11.5714285714286	17.1428571428571	0	1	1	4	1	1	5.99872367581366	1.3401403956605	5.87109125717932	50.765794511806	14.1352903637524	21.8889597957881	3.40323767476085	4.32303164091244	6.62251655629139	55.6475349521707	11.1295069904341	18.8741721854305	1.75082466379092	5.962953565085	21.9487439736108	44.6333417914235	12.3318954580056	13.3722405480842	38.1067961165049	0	12.1359223300971	41.9902912621359	1.21359223300971	6.55339805825243	0	5	0	0	0	0	5.3309374064091	1.46750524109015	8.05630428271938	53.0697813716682	15.0344414495358	17.0410302485774	4.59156433529098	2.13561131873999	3.41697810998398	49.7597437266418	19.2205018686599	20.8756006406834	0	0	0	0	0	0	0	0	0	100	0	3.53398714913764	4.12580317889753	11.7517754480893	51.9445383834968	12.292864389584	16.3510314507947	4.61741424802111	2.98153034300792	12.0844327176781	48.0211081794195	13.8522427440633	18.44327176781	2.64851940408313	4.6165164612838	12.6172521611183	51.4254184292809	12.1942247562994	16.4980687879345
"ISOPath1B_101_T12"	0	0	85.9030357294099	10.757540926085	3.33942334450508	26.7530469482439	0.00961561575999423	1.82215918651891	0.0156253756099906	0.168273275799899	56.4388567032861	2.55294598427847	0	12.2394769105027	16.5223709369	16.0122857143	16.7651704073	18.5718589937	18.5109135004	16.4491201224	18.4367785235	15.9191759113	16.3724004958	18.2221073193	14.3296398892	2.94265340966	2.48296570043	11.9357306809	2.91275167785	2.53565768621	10.8249552403	3.01045616454	25.7222002374	0.0057	0.0403	0.04	0.0154	1.5252	0	0	0.0518	0.0111	0	3e-04	0	0	0.039	0	0	0.0748	0	0.0128	0.0263	0	0	0.0128	0.0086	0.0186	0	0	0	9.11997658993367	6.70223577235772	8.76700729927007	6.21995133819951	0.37474190409244	0.36166180842891	0.374898075497493	0.355435753306206	7.33808037456106	5.49390243902439	7.22335766423358	5.06228710462287	12.3538821693328	9.23323170731707	12.1912408759124	8.54306569343066	19.6919625438939	-2	11.7864077669903	14.7271341463415	21.3125	7.20289855072464	19.414598540146	17.6231884057971	19.0833333333333	13.6053527980535	12.6856338909	12.6816380449	72.5941422594	15.9193306157	6.56778869503	21.2052524621	26.7683439414	27.9124651362	11.8653565958	53.4234797561	65.2220553529	38.0991519408	0.901671200932763	0.475059382422803	1.33107965349673	0.544111931597357	1.6270783847981	1.52123388971054	0.0544111931597357	0.0712589073634204	1.24656665962392	1.4519427402863	0.0633226287937039	2.27070347284	2.6714158504	0.000305455213326	0.00168056342589	0	0.567	0	0.0036	0.266	0.1328	0	0	0	0	0.2624	0.007	0	0	0.0118	0	0.0952	4.34465604353	4.36593210244	4.56728778468	4.3944643989	2.07893943959024	4.58973586421613	14.6429647484182	53.6607411871045	13.3976097218038	11.6300090388671	2.22889479154637	3.97274512068368	14.6552719713593	53.9438734264927	13.6736343688648	11.5255803210532	34.4262295081967	0	27.8688524590164	37.7049180327869	0	0	3.5195103289977	0.688599846977812	9.8699311400153	36.8783473603673	36.9548584544759	12.088752869166	2.78670953912111	8.68167202572347	11.3612004287245	55.091103965702	9.0032154340836	13.0760986066452	2.94117647058824	6.76470588235294	24.7058823529412	49.4117647058824	7.64705882352941	8.52941176470588	3.75647668393782	3.10880829015544	8.67875647668394	74.2227979274611	5.05181347150259	5.18134715025907	0	98.6666666666667	0	1.33333333333333	0	0	1.0738255033557	4.41610738255034	11.2751677852349	57.9328859060403	15.7181208053691	9.58389261744967	0.158478605388273	7.05229793977813	34.310618066561	38.4310618066561	16.4817749603803	3.56576862123613	0	3.02114803625378	44.7129909365559	2.7190332326284	49.5468277945619	0	0	0	0	0	0	1.62512050681724	4.25561217463159	9.79203966395813	60.3498140751963	13.8410687233163	10.1363448560804	2.06825232678387	5.15914052625531	14.6616109387568	53.1655750890498	13.3861886705734	11.5592324485809	2.49307479224377	4.43213296398892	14.7210130589632	55.3225168183617	11.0407597942224	11.99050257222
"ISOPath1B_176_T12"	0	0	96.3719300365526	2.68555720025375	0.942512763193668	20.4954139512431	0.00603427468018344	0.202148201786145	0.0301713734009172	0.0271542360608255	70.8695389814144	4.94810523775042	0	3.42143374366401	16.3039020222	16.0493576741	17.4285832096	14.4024029751	15.027431694	9.46531626218	15.5769155781	16.7154255319	4.74825311827	14.4197984588	2.7490126601	22.675693716	20.349726776	47.4011083509	14.6812244102	11.4361702128	71.5078691308	22.0983995258	82.2611006533	0.0146	0.38	0.0146	0	0.0662	0	0	0.0321	0	0	0	0	1e-04	0.0224	0	1e-04	0.0089	0	0	0.0045	0	0	0	0.0034	0	0	0	0	9.25812976505368	3.7168416958382	7.93090356871678	2.28195025855701	0.307972222217193	0.303760144118059	0.336860615125047	0.275674167767091	5.84985218608993	2.52301309477506	5.80410022779043	1.46646967085283	12.4538665007002	4.97147672760275	10.5094912680334	3.00172371337109	18.3037186867901	13.2	5.3477537437604	7.4944898223778	11.45	-2	16.3135914958238	13.6904761904762	-2	4.46819338422392	11.303630363	41.9123204837	14.4144144144	5.03926701571	5.02556006616	22.7595836507	62.8495842782	6.49869109948	8.91031423846	65.4163493272	8.9332460733	24.3140129304	1.67865707434053	1.39833711262283	7.15967815791195	0.833017796289284	1.43613000755858	7.29704978085955	0.744667423955572	1.09599395313681	6.90455942958069	6.93406434857885	0.831188331188331	1.51148390002	0.886624634091	4.25227724628e-05	0.000242933118528	0	0.2474	0	0	0.092	1.0318	0	0	0	0	0.0578	0.0568	0	0	0	0	0.3694	4.37271235643	4.63076341648	4.5	4.49435776666	2.45065318966339	0.73424239534662	10.0410031467531	63.3355583102889	12.1769810241251	11.2615619338228	2.49180327868852	0.601092896174863	10.3497267759563	63.5191256830601	12.1530054644809	10.8852459016393	0	0	0.628930817610063	97.4842767295598	1.25786163522013	0.628930817610063	2.11159946493407	1.80584750621059	8.77125931587999	58.3412956239251	12.5644945537932	16.405503535257	2.86608695652174	2.44173913043478	6.28869565217391	50.6504347826087	10.8104347826087	26.9426086956522	1.35008438027377	4.8096756047253	21.4232139508719	42.6682917682355	14.5321582598912	15.2165760360022	0.100704934541793	0	11.6817724068479	74.4209466263847	12.3867069486405	1.4098690835851	0	0	0	100	0	0	3.19750438682004	0.233963735620979	5.38116591928251	70.6375511795672	14.1743029830376	6.37551179567167	0.0886524822695035	0.975177304964539	1.59574468085106	60.8156028368794	22.0744680851064	14.4503546099291	0	87.3417721518987	3.79746835443038	0	8.86075949367089	0	0	0	0	0	0	2.30196565010122	2.73297198458826	11.8592045974009	52.2856396525828	12.2836805328806	18.5365375824463	2.371072910492	1.185536455246	11.4285714285714	63.117960877297	11.5352697095436	10.36158861885	2.26257704942236	3.10412283615694	12.0990661794559	48.5365223489462	12.5788949175064	21.4188166685122
"ISOPath1B_1454_PBMCs"	0	0	84.4045642352396	10.5021817198903	5.09325404487006	26.807041105089	0.00287783586742769	2.02503717204662	0.027819080051801	0.0805794042879754	54.6855964314835	2.87399875293779	0	13.4970502182359	15.9545704846	16.5647788984	17.0988067825	15.6228494901	15.9530460229	15.6305238198	15.8583159701	17.68862491	11.3695290859	15.9637039887	7.23011317041	10.2297311219	7.368981112	13.0631601638	8.53045716387	5.18358531317	31.0618651893	7.54136206233	54.1413810071	0.0365	0.154	0.1079	0	2.1592	0	0	0.0246	0.0215	0	9e-04	3e-04	0	0.1303	0	1e-04	0.3049	0	8e-04	0	0	0	0.0011	0.0636	0.0282	0	0	0	7.64761360388682	5.10871302957634	9.18515530455829	3.87387387387387	0.360741704011501	0.344412947787019	0.335255088672106	0.316276265269664	5.74478422406402	3.93325339728217	6.12726906010488	2.93629343629344	10.2992283509574	7.0003996802558	11.8908834207342	5.30791505791506	16.0440125750214	13.5909090909091	8.37854889589905	10.933653077538	17.65	-2	18.018152480839	15.0896551724138	12.7142857142857	8.24420849420849	23.2427924708	25.9692355988	30.8	7.17502717813	12.6816796834	34.1791756016	45.2990111442	11.1042087281	22.7121493363	72.5875625447	18.4190091629	52.2291878261	2.01660735468565	1.59165751920966	3.01148711580255	0.925266903914591	0.352830484553865	3.02701024526545	0.69988137603796	0.164654226125137	2.65445513815585	2.59370101182842	0.384508477717039	3.19562401036	4.02331941845	0.000147201958166	0.0016581439014	0	0.4582	3.1366	0	0.5474	0.4666	0	0	0.4828	0	0.3752	0.1006	6.8696	1.197	0	0	0.7388	4.12455516014	4.12051121217	4.3625498008	4.50108661906	2.71968682394149	3.94560626352117	7.56155351807974	59.4725455856598	9.37467806737406	16.9259297414237	2.56717212024475	2.85980313913275	4.88161745144985	63.5807395583932	8.91194466613461	17.1987230646449	0.464396284829721	0.464396284829721	4.95356037151703	78.1733746130031	15.6346749226006	0.309597523219814	2.95322267730114	0.603578357404613	8.62254796292304	63.3110584177624	10.1099374865273	14.3996550980815	3.46032855644879	3.63509262495631	9.4372596994058	52.9884655714785	11.9888150996155	18.4900384480951	1.88536953242836	5.2790346907994	22.6244343891403	45.1734539969834	13.499245852187	11.5384615384615	2.35737859500236	6.36492220650636	9.02876001885903	57.2842998585573	10.2074493163602	14.7571900047148	0	0	0	0	0	0	2.65963966172325	3.97107488662826	6.10368917759529	61.2452506434612	9.40066184581444	16.6196837847775	0.0719942404607631	0.251979841612671	7.77537796976242	74.6580273578114	10.4031677465803	6.8394528437725	0	0.510855683269476	43.8058748403576	15.4533844189017	40.2298850574713	0	0	0	0	0	0	2.49307479224377	3.01939058171745	8.51338873499538	59.3351800554017	10.1754385964912	16.4635272391505	2.64204181095293	4.39912786969347	8.38784147749134	59.2022572784404	8.84955752212389	16.5191740412979	2.98507462686567	3.50992291290799	10.6609808102345	53.6657372478268	12.1699196326062	17.0083647695588
"ISOPath1B_51_T3"	0	0	10.3908728128517	87.680343804359	1.92878338278932	4.59519659112919	0	16.4971915552973	0.0193685841564982	0.00484214603912454	4.87119891535929	0.435793143521209	0	73.5764090644974	18.681503835	16.4699004399	16.9588403185	14.8318425013	15.282916948	16.6894018888	14.862191766	15.6271147339	13.2395198745	15.0202690365	12.5346434017	6.89266009029	5.93579276901	6.24927130698	6.66918469757	5.79821593356	11.6532963387	5.77637105119	16.771133322	0.015	0.0468	9e-04	0	0.3814	0	0	0.7793	3e-04	0	0	0	0	0.0122	0	0.0252	0.0091	0	0.0426	0	0	0	2e-04	0.7297	0	0	0.0099	0.0034	6.9301968805932	5.72377622377622	6.84972126675365	5.03422495431135	0.339772965644024	0.373155747088272	0.360205540938931	0.375543539730268	4.84032216824342	4.46948506039415	4.94887913651999	4.05366339923575	9.34454103809767	7.69151303242212	9.13912940339224	6.77105831533477	14.1848632063411	13.9285714285714	18.3824451410658	12.1609980928163	18.1363636363636	-2	14.0880085399122	20.1559107953424	-2	10.8247217145705	41.7779705117	6.73924779557	48.6454927604	18.9287388654	23.2622161046	46.9557675629	11.6429728271	23.5114861697	28.2346868548	57.1205550737	33.8842006564	40.6498869334	0.55286800276434	0.968609865470852	1.93253689388616	0.587422252937111	1.5067264573991	1.88568751464043	0.33690393918452	0.475336322869955	1.44061841180604	1.45113102859582	0.454502113593745	5.38693111387	9.26863821498	7.25756585895e-05	0.000680679231528	0	0.3522	0.2962	0	0.176	0.4248	0	0	0.0844	0	0.1386	0.1578	0.5996	2.8174	0	0	0.4172	4.70317899102	4.4997309417	5.06436330021	4.25837432654	1.0575154656412	2.51630162180237	11.6284902190269	48.1733823775288	6.98879785988965	29.635512456111	0.58314406727641	1.74329384322632	8.79012951936652	47.3574366214474	6.50052176048125	35.0254741882021	0	0	0.123558484349259	54.1186161449753	0.0411861614497529	45.7166392092257	0.104931794333683	1.08429520811473	3.48606738953014	50.7753293692433	3.7192491547161	40.830127084062	2.62801408832295	4.79544838797074	11.7854240043349	53.9420211324844	10.8642644269846	15.9848279599025	1.45161290322581	6.29032258064516	25.3225806451613	45.6451612903226	14.5161290322581	6.7741935483871	0	0.171998624011008	7.39594083247334	64.9122807017544	7.46474028207774	20.0550395596835	0	0	0	0	0	0	0.917282684940377	2.32018561484919	11.260993902768	48.2814439108617	6.16198133059947	31.0581125559812	0.338357428483543	1.03045216856352	9.42786834820055	51.6917871424177	5.06767148569671	32.443863426638	0	0	78.0612244897959	1.53061224489796	20.4081632653061	0	0	0	0	0	0	0.959044574461668	1.99046987152422	8.92092406055854	49.8401592375897	6.79172447071597	31.4976777851499	0.657374155456814	2.14863960070607	11.0718850812587	47.5987582932619	5.65463509647574	32.8687077728407	2.12603760799593	3.93867524987295	13.1712688463493	50.643740470947	10.4523123835338	19.667965441301
"ISOPath1B_184_T3"	0	0	4.6981588791902	94.6563485659796	0.645492554830191	3.11176390217243	0	24.2553627544747	0	0	1.28091269299085	0.0409892061757071	0	71.3109714441864	16.5659155659	16.6298715927	16.747010818	12.3871843879	13.1460410557	6.93144044321	12.7972928898	14.4354740061	3.92568815039	14.1078114913	4.77239862726	25.0980786641	23.128054741	57.9293628809	23.401826484	22.0795107034	71.4165827459	20.2065848935	66.2812781128	0	0.0695	0	0	0.0779	0	0	0.0187	0	0	0	1e-04	0	0.0342	0	0.0011	0.0045	0	0	0	0	0	0	0.0126	0	0	0	0	8.16224970553592	4.0042735042735	7.23695708044205	2.77399240918128	0.304213472442054	0.309119035118714	0.303175705844224	0.271833234178607	4.93374558303887	2.77041785375119	4.51631971215626	1.84005060545816	10.6425206124853	5.42343304843305	9.43613466975071	3.73377914332189	15.5762661955241	14.9411764705882	6.30940988835726	8.19385090218424	14.8333333333333	-2	13.952454381907	13.271986970684	-2	5.57382974878005	15.9659090909	10.9073900842	28.7878787879	0.458488785005	2.6760601109	24.2234848485	15.6969130028	0.804602867802	4.64225442662	43.1439393939	1.9193599137	9.96490852107	4.78532248912427	4.13238593866866	10.7401249269761	4.16114999054284	3.53403141361257	11.0142452703006	3.49914885568375	3.06656694091249	10.2907473149688	10.497344652479	3.71492899203325	0.504364108604	0.748995801999	3.65245178437e-05	0.00014980942718	0	0.0468	0	0	0.0592	0.1074	0	0	0	0	0.0158	0.0136	0	0	0	0	0.064	4.07263098165	4.32753460531	4.32723112128	4.330532087	2.34382858867317	6.39774670556282	18.2677799014184	47.9026254903933	12.5037722563122	12.5842470576401	2.11143695014663	7.27272727272727	17.4389051808407	48.4066471163245	12.336265884653	12.4340175953079	0.917431192660551	0.917431192660551	2.75229357798165	11.9266055045872	0	83.4862385321101	2.07756232686981	4.39750692520776	14.4736842105263	47.8185595567867	12.915512465374	18.3171745152355	3.64602553694	3.55007749649421	9.57266218909145	52.2031146210052	12.5839545353901	18.444165621079	1.80854381041472	7.02629664276063	25.3507951356408	40.4843571354329	15.0400166302879	10.289990645463	0	0.378787878787879	65.9090909090909	17.4242424242424	1.51515151515152	14.7727272727273	0	1	0	0	0	0	1.85909980430528	7.81148075668624	19.7162426614481	46.5101108936725	11.6764514024788	12.426614481409	1.46788990825688	12.8440366972477	17.1253822629969	51.131498470948	9.41896024464832	8.01223241590214	0	2	0	0	6	0	0	0	0	0	0	2.71483719368916	5.71080899630749	16.8261161463578	47.56629741524	13.4105404498154	13.7713997985901	0.548741123305358	11.0716591349258	21.3686249193028	45.4809554551323	10.3938024531956	11.1362169141382	2.94539033085663	4.83123979608836	16.2929397261187	47.7159897377803	13.5707859927365	14.6436544164196
"ISOPath1B_7_T12"	0	0	11.4718259824015	88.4625894955457	0.0655845220527955	7.84448195821903	0	6.8685376661743	0.0105507491031863	0	3.00168811985651	0.305971723992403	0	81.9687697826546	17.1593572146	15.7997489014	17.856092437	16.4378779013	16.3108412056	13.4190193165	16.2173551428	15.0168236878	15.1037813966	16.1535279246	14.4627659574	1.48234835186	1.03463787674	4.16047548291	0.831716107569	0.605652759085	4.88545404361	0.827396000919	14.7416413374	0	0.0243	0.0598	0	2.1261	0	0.0753	0.355	0.0086	0	0	2e-04	0	0.0644	0	0	0.1267	0	0.0271	0	0	0	0.0656	0.1022	0.0097	0	0.0206	0	8.50441576086956	5.98647125140924	8.22824716267339	5.64269141531322	0.336329166986393	0.350007604461173	0.308677248347234	0.351198438929234	5.74524456521739	4.48252536640361	5.15321563682219	4.31322505800464	11.6807065217391	8.09357384441939	11.1551071878941	7.58816705336427	17.4259510869565	-2	15.2786885245902	12.576099210823	14.3333333333333	-2	16.3083228247163	16.5695652173913	-2	11.9013921113689	25.8662266785	43.1581556767	81.990521327	25.2681764005	21.2768949515	33.29102678	61.303916708	43.6829558999	29.0535789622	66.8612768118	66.2097735399	57.8540289692	3.27369623144271	0.272682201289043	1.60905840286055	4.11115340692805	0.247892910262766	1.48986889153754	2.86765638878315	0.22310361923649	1.19189511323004	1.2514220705347	1.90315586605637	6.8819481207	5.84083289218	0.000587644475926	0.0031392488895	0	0.7308	0	0	0.5122	0.3852	0	0	0	0	0.7466	0.2378	0	0	0	0	0.44	4.02309351605	3.30689142291	3.96711798839	4.23003575685	1.57987126974839	1.63838502047981	9.22566803198752	40.9596255119953	19.836161497952	26.7602886678369	1.37201979307242	1.61943319838057	7.87224471434998	39.5411605937922	21.6149347728295	27.9802069275753	0	0	1	4	1	0	0.742942050520059	0	1.63447251114413	37.890044576523	7.72659732540862	52.0059435364042	0.854700854700855	7.26495726495726	12.8205128205128	57.6923076923077	7.90598290598291	13.4615384615385	2.77777777777778	4.16666666666667	20.8333333333333	45.8333333333333	13.8888888888889	12.5	0	0	1.28968253968254	38.8888888888889	14.1865079365079	45.6349206349206	0	0	0	0	0	0	1.80205156639867	0.415858053784308	5.32298308843915	40.5600221790962	22.5672303853618	29.3318547269199	0.269179004037685	0	1.81695827725437	31.4266487213997	16.4872139973082	50	0	2.57352941176471	0	2.57352941176471	94.8529411764706	0	0	0	0	0	0	1.46287606955562	1.0488545404361	4.30582390284295	42.8926304167817	23.2128070659674	27.0770080044162	1.35601011261779	2.11445644679384	8.82555734313951	39.508159043898	20.3631349115146	27.8326821420363	2.12765957446809	2.20364741641337	12.4620060790274	51.9756838905775	13.5258358662614	17.7051671732523
"ISOPath1B_98_T12"	0	0	4.96752587781612	94.8701035112645	0.162370610919424	3.64292589027911	0	12.1126082771896	0	0	1.17420596727623	0.0433108758421559	0	83.0269489894129	17.2772114821	16.9595865753	16.6974640607	9.02089264174	9.50237659963	11.0602409639	9.1118582791	8.69485294118	7.83399948975	9.37466834241	7.38296137776	48.8395657419	47.1005484461	51.0405257393	47.8091106291	50.4901960784	53.0232162599	46.5856723921	57.1282991949	5e-04	0.0161	0.0063	0	0.6396	0	0	0.1184	3e-04	0	0	0	0	0.0068	0	0.0014	0.0077	0	0.0011	0	0	0	1e-04	0.1058	0.003	0	0	0	6.16978629329403	5.51392553503371	5.52964141122036	3.98419507789569	0.316504583036385	0.321962288887618	0.307343594502383	0.301437047538152	4.27752394988946	3.89006156552331	3.72426257952574	2.79634228945586	8.24480471628593	7.44620345939607	7.44086176980914	5.37660871528562	12.5223286661754	15.8947368421053	15.2950819672131	11.3362650249194	15.9130434782609	-2	11.1651243493349	7.81884646628757	-2	8.17295100474148	4.52525252525	3.80338931064	4.08888888889	4.93232392751	3.11966853522	7.70101010101	6.18050762978	7.24936912136	4.78240853576	18.3838383838	18.5822436339	11.4171202643	2.96278356341326	3.17265690857537	3.15330810686848	2.45418583999354	2.11510460571691	2.75197798417613	2.17970452894163	1.8698750862135	2.61437908496732	2.67514526915908	2.04888569374551	0.911539258339	1.30515848353	0.000101778517235	0.000240100800777	0	0.2544	0.0768	0	0.1218	0.1542	0	0	0.0344	0	0.1386	0.156	0.1224	0.1376	0	0	0.1026	4.43327682248	4.40485860986	4.42838196286	4.38577981651	3.52231604342581	3.33896260554885	12.1688781664656	45.9879372738239	13.8431845597105	21.1387213510253	3.60511882998172	3.46617915904936	10.8372943327239	45.8281535648995	15.1882998171846	21.0749542961609	4.16666666666667	8.33333333333333	25	54.1666666666667	0	8.33333333333333	4.60021905805038	0.766703176341731	4.16210295728368	54.6549835706462	18.6199342825849	17.1960569550931	2.35829540753	5.7923045097228	10.426148117501	52.1307405875052	10.426148117501	18.86636326024	1.20845921450151	6.84793554884189	25.2769385699899	39.6777442094663	16.9184290030211	10.0704934541793	0	0.131061598951507	20.9698558322412	32.3722149410223	32.6343381389253	13.8925294888598	0	0	0	13	0	0	3.87563268257411	2.69703543022415	11.4244396240058	45.6543745480839	14.7577729573391	21.590744757773	6.16830065359477	2.47140522875817	12.1119281045752	43.6887254901961	15.4820261437908	20.077614379085	0	15.2173913043478	39.1304347826087	0	45.6521739130435	0	0	0	0	0	0	3.4356662981546	3.82685602517221	11.4635598265159	48.6776086401905	15.6050684582022	16.9912407517646	3.98687334171205	4.01480240189918	13.336126239352	45.8315877670716	14.7116324535679	18.1189777963972	2.32344848670131	3.31193314990319	11.3624783450525	47.0905941098543	12.0452461021094	23.8662998063793
"ISOPath1B_177_T12"	0	0	3.77546501328609	95.992028343667	0.232506643046944	1.47609147609148	0	18.0405405405405	0.0051975051975052	0	1.88149688149688	0.197505197505198	0	78.3991683991684	16.0722831505	16.8039215686	16.3272159313	14.406757084	14.5574858757	11.7083333333	14.7865229111	13.3535545024	10.0331005948	14.6624837733	6.55002019658	11.0922741584	10.0847457627	23.2943469786	9.07457322552	14.028436019	33.0057753642	7.8609548536	54.7865894708	0.0167	0.1827	0.0293	0	0.4063	0	0	0.2221	0	0	2e-04	1e-04	0	0.0701	0	0.041	0.0187	0	0.1089	0	0	0	1e-04	0.164	0.0078	0	0	1e-04	7.93545858374706	5.52670878805284	7.68421052631579	4.85747413485551	0.326421202324157	0.355591040016615	0.322822890238447	0.338074487346891	5.48445257381761	4.43519050354203	5.40491228070175	3.86567962896896	10.7034230467729	7.544706107601	10.1080701754386	6.60310381733857	16.1878756205905	17.9545454545455	8.72826086956522	11.979896611143	17.8	-2	15.5129824561404	14.6152482269504	-2	10.4687834463075	15.4337791455	27.178939879	84.7152126893	7.61814582078	7.48734977862	25.754527163	47.4564212024	13.2047860894	12.8439278937	62.8831814416	37.5742446415	35.0450664137	7.26627218934911	2.24011200560028	4.28497676819824	5.78698224852071	4.23521176058803	3.28686972982275	5.32544378698225	1.19005950297515	3.02013422818792	3.32618877510518	4.12743251726303	1.94986072423	2.5139275766	0.000124479726209	0.00109430959013	0	0.2694	0	0	0.239	0.1644	0	0	0	0	0.1906	0.102	0	0	0	0	0.2544	4.4475739645	4.37171858593	4.21310295176	4.56797453106	2.10704771131024	1.92540566723178	11.1770404456285	56.8297408573505	9.26374424800194	18.6970210704771	1.59604519774011	1.20056497175141	11.9774011299435	59.0395480225989	8.07909604519774	18.1073446327684	0.476190476190476	0	1.9047619047619	97.1428571428571	0	0.476190476190476	0.511695906432749	0.901559454191033	15.7894736842105	52.9727095516569	10.7212475633528	19.1033138401559	2.46363209760676	3.19099014547161	12.1069920225246	50.0234631628344	10.2064758329423	22.0084467386204	2.06521739130435	5.05434782608696	25.6521739130435	38.4782608695652	14.4565217391304	14.2934782608696	0	0.143061516452074	44.3490701001431	21.8884120171674	8.01144492131617	25.6080114449213	0	1	0	0	0	0	2.04851752021563	1.32973944294699	10.0089847259659	62.4258760107817	9.46990116801438	14.7169811320755	0.568720379146919	2.65402843601896	21.563981042654	39.7630331753555	5.11848341232227	30.3317535545024	0	0	7.92079207920792	47.5247524752475	44.5544554455446	0	0	0	0	0	0	2.12050685285751	1.95672786828722	12.8868201017154	55.0124989225067	10.068097577795	17.9553486768382	1.83181883744411	1.64430982258762	12.9092744843502	58.0124044425213	8.48117697966248	17.1210154334343	2.55823347246533	3.68924195502895	13.6798168843409	47.2734616938198	11.8217315201293	20.9775144742157
"ISOPath1B_136_T0"	0	0	0	0	0	0	0	0	0	0	0	0	0	0	16.3322563274	16.4346188163	16.6513244331	15.0278607991	15.4568908671	14.2846113043	15.4635021576	18.0890458385	10.4540691136	15.6137986433	7.1739340545	14.9781854409	13.081107814	19.6616962339	13.2863956393	8.75225038083	35.3798180145	11.3843270261	52.2434110256	0	0.1141	0.0068	0	0.4589	0	0	0.0344	0	0	0	1e-04	0	0.0854	0	0.0011	0.0206	0	0.0039	0	0	0	0	0.0499	0	0	0	0	8.64704909902463	5.45515080297689	8.90348204570185	4.50412675462377	0.317531771022617	0.335535382411507	0.3029372882778	0.319929058591551	5.39609852868243	3.95351873612743	5.2714907508161	3.26085908789686	11.4699950405026	7.55620838229534	11.9448313384113	6.23977348033014	16.866093569185	-2	10.9182044887781	11.5097271184228	17.0181818181818	-2	17.2163220892274	15.135	-2	9.500632568227	7.63351101277	14.4715447154	30.1136363636	3.76657438438	3.83838081408	13.4717891984	25.5284552846	6.15984263442	7.05250078594	34.0490797546	15.2338627422	19.8446084522	3.85732892495742	8.32902558800724	9.5343842149332	2.99569181444745	4.76867407598863	9.25406822235975	1.84851217312894	3.37942620832256	8.2565801448906	8.41203960913755	2.58890782168966	1.0403780243	1.2229004847	3.30832830124e-05	0.000253323547839	0	0.1002	0.4676	0	0.1274	0.1568	0	0	0.2958	0	0.0918	0.0506	1.6634	1.8802	0	0	0.321	4.18525197876	4.23877221325	4.26463963964	4.26063055191	2.01312308907898	3.07465045175032	19.3582740733107	48.7821635920162	13.6418289875983	13.1299598062455	1.9205407187603	2.86844708209693	19.8318496538081	49.0397296406198	13.3654797230465	12.9739531816683	1	0	1	4	0	0	1.54417398479401	2.64631343195615	17.0743207402605	48.3526846230919	14.9761301349679	15.4063770849296	2.75827482447342	4.18398051296747	12.7883650952859	48.3521994555094	12.5805989396762	19.3365811720877	1.34572252483178	6.29605895546299	27.8917013777635	38.2089074014739	14.5466196731817	11.7109900672861	0	2.24063842848373	33.7016574585635	46.5316144874156	15.9914057704113	1.53468385512584	0	2	0	0	0	0	2.05768794004088	3.07517601635249	19.7592550533727	48.3942766295707	14.5673404496934	12.1462639109698	0.0415454923140839	0.81706134884365	21.6175045007617	47.043345796981	15.2471956792688	15.2333471818308	0	0	0	0	1	0	0	0	1	0	0	2.07545240772927	3.77517636233514	18.985788774154	47.4874757182292	13.380533687762	14.2955730497904	1.96358443413067	3.0926454837558	20.5149946447697	48.7950731881471	13.2095680114245	12.4241342377722	2.28616036578566	4.38273670123787	16.9659120478793	46.0949407085238	13.6612021857923	16.609047990781
"ISOPath1B_1451_PBMCs"	0	0	0	0	0	0	0	0	0	0	0	0	0	0	15.5168385922	15.9945799458	16.4639133102	13.3350105603	13.1258457375	9.50903537796	12.9031904911	9.64792899408	11.3106273596	12.8172749392	11.8959371696	5.97589762703	5.61171694659	8.09366250954	5.72411635909	6.0650887574	12.9889951	5.32846715328	21.7489805165	0.0014	0.0177	0.0115	0	1.8386	0	0	0.0081	0.0235	0	3e-04	0	0	0.0205	0	0	0.1122	0	0	0	0	0	0	0.0197	0.0049	0	0	0	6.39133136554296	5.63715928982246	5.98737672583826	5.27066411849021	0.382945991216165	0.370068840140905	0.368259335399805	0.361702250504786	5.42146962870903	4.67791947986997	5.24076265614727	4.35332059245103	8.81761690228367	7.73918479619905	8.50124917817226	7.22408026755853	14.2390865309927	-2	10.7872340425532	12.417104276069	13.6470588235294	-2	13.7420118343195	16.2846715328467	7.75	11.5774008600096	34.9472180332	26.4346903192	24.4318181818	10.5368647101	21.3296065879	40.4635288515	38.5035251308	17.0365068003	28.3382923091	56.1314390031	38.2104509664	45.1657500075	0.538144982589427	0.51088110403397	1.61221286916821	0.356125356125356	0.159235668789809	1.45527179340847	0.245330800886356	0.139331210191083	1.3696675702668	1.42679041418479	0.225056264066017	2.64365996517	11.7144214026	0.000120881303793	0.00116357872366	0	0.6834	0.8442	0	0.5596	0.403	0	0	0.3462	0	0.4452	0.237	3.2392	0.3504	0	0	0.2804	4.53767014878	4.62486730361	4.52717391304	4.42223173516	1.27966206982234	5.15591999006088	13.0202509628525	59.0508137656852	9.32413964467636	12.1692135669027	1.07458409615538	4.46549391069012	12.7119318634084	61.2512934808565	9.36878134203614	11.1279153068535	0	0	0.757575757575758	96.969696969697	2.27272727272727	0	0.0509035377958768	0.0763553066938152	5.59938915754645	80.6312038686689	5.29396793077119	8.3481801985238	2.32967032967033	4.35164835164835	16.1318681318681	48.7472527472527	9.40659340659341	19.032967032967	1.03806228373702	4.32525951557093	26.8166089965398	41.0034602076125	13.840830449827	12.9757785467128	0	5.30198248040572	18.5799907791609	70.1475334255417	1.40617796219456	4.5643153526971	0	0	0	0	0	0	1.11823584610572	4.78573662808883	12.8949014701282	61.5186111979981	8.66437284954645	11.0181420081326	0.325443786982249	0.029585798816568	6.27218934911243	84.4970414201184	1.74556213017751	7.1301775147929	0	10.3608076795763	79.179079774909	0	10.4601125455147	0	0	0	0	0	0	1.00409671459555	4.8276970037754	14.0091573620371	60.5751465981203	8.63523174552173	10.9486705759499	1.11111111111111	5.6772100567721	13.9821573398216	59.8296836982968	8.22384428223844	11.1759935117599	1.93324271258118	3.83627850777828	13.5024920706842	52.4845189548407	11.7958012384836	16.4476665156321
"ISOPath1B_103_T3"	0	0	0	0	0	0	0	0	0	0	0	0	0	0	16.9416229893	16.0137005452	16.2565772863	13.8151179365	14.1029828262	12.1506657323	14.2068066516	14.7302653678	8.97265197152	14.4467046379	7.21937017231	11.9867580119	10.4007231094	19.9252511096	9.85766629087	11.0178031575	34.5358707558	8.21128288582	44.8682907506	0	0.1227	0.0014	0	0.4933	0	0	0.0285	0	0	0	0	0	0.033	0	0.0031	0.0174	5e-04	3e-04	0	0	0	0	0.0209	0.0048	0	1e-04	0	7.50324985662397	4.66348605142399	7.7958122958123	3.99589238036558	0.321343868810673	0.3397950675139	0.333901535999083	0.321220904081708	4.95020072643854	3.46536528516279	5.32120582120582	2.95057164373246	10.010036321927	6.37606526331124	10.3198693198693	5.47983843362771	14.9602370483655	14	8.93086419753086	9.84143054847403	15.6326530612245	-2	15.6410751410751	11.4252427184466	-2	8.43041007736017	14.3176246254	6.65710957799	23.1382978723	2.39454698358	5.11671605117	18.469081994	12.6063972762	3.93042092684	7.46729782467	32.2636883683	10.3262072323	15.5091421551	11.4892458480806	3.38467048710602	7.09797327197097	1.47563299754969	1.17299426934097	5.61554119833614	1.13803430438334	0.9939111747851	5.12877245773962	5.26568886751623	1.08831459196423	0.767634336009	1.81281724302	3.68550956976e-05	0.000274471791429	0	0.092	0.0828	0	0.161	0.1138	0	0	0.0286	0	0.0494	0.0354	1.59	1.1984	0	0	0.1206	4.32866866322	4.38968481375	4.51246882793	4.46849278697	2.38171869971033	3.44843441077751	12.0373350498874	53.4047542415743	10.6303738102901	18.0973837877604	2.2476649593251	3.03705935522748	11.684242241639	52.919554082555	10.8406146429647	19.2708647182886	2	0	1	7	5	0	2.27750525578136	1.70520906330297	13.9686989021257	50.2569493109087	9.78743284279374	22.0042046250876	2.20102163461538	3.7109375	11.5985576923077	52.0057091346154	11.6736778846154	18.8100961538462	1.29764801297648	4.96755879967559	23.2765612327656	40.1662611516626	16.8491484184915	13.4428223844282	6.75965665236051	1.39484978540773	25.6437768240343	45.6008583690987	0.643776824034335	19.9570815450644	0	1	0	0	0	0	2.69870349492672	2.8184892897407	11.3726042841037	54.4179819616685	10.3931792559188	18.2990417136415	2.82163251595566	1.74672489082969	14.1753443063487	53.3087000335909	9.13671481357071	18.8108834397044	0	38.6740331491713	33.7016574585635	11.6022099447514	16.0220994475138	0	0	0	0	4	0	2.10501095290252	3.27902519167579	13.7595837897043	52.0673603504929	11.8770536692223	16.9119660460022	2.27827502034174	3.61404936262544	13.2695958774071	53.4377542717657	9.62842419311093	17.7719012747491	2.13507625272331	3.78688849277085	13.2818379877203	50.0613982966924	12.9807882749059	17.7540106951872
"ISOPath1B_46_T3"	0	0	0	0	0	0	0	0	0	0	0	0	0	0	17.7470795979	16.7337417531	17.0412603648	11.8159800451	12.4727394358	10.5691502023	11.9590459901	12.7079986613	6.18273913043	12.5409979255	3.62781872181	25.3138075314	20.091426023	32.9564389431	23.5366780692	18.9424364123	58.0565217391	19.565454744	74.8652513475	0	0.1361	3e-04	0	1.0295	0	0.0034	0.4306	2e-04	0	0	1e-04	0	0.2925	0	0.0304	0.0725	2e-04	0.0185	0	0	0	0.1647	0.2493	0.0054	0	0.0056	0.0062	8.56980227681246	4.1804286718201	6.81286549707602	2.73200049061695	0.280599708919005	0.324242528712428	0.307683484462138	0.325004630229296	4.48412222887957	2.90952213633169	4.22115895800106	1.88764871826322	10.9985020970641	5.60418130709768	8.95764664185717	3.63166932417515	15.4826243259437	11.5384615384615	6.78885630498534	8.51370344342937	14.3823529411765	-2	13.1788055998582	12.1668545659526	-2	5.51931804243837	23.7778958555	33.4512522994	64.0584246218	3.04736475505	12.4032629157	37.7125398512	46.4836564313	4.99187369399	19.6123544586	78.1482465462	10.9589041096	37.1935206489	1.64674634794157	2.66704296902561	6.71888598781549	1.16865869853918	2.46948423057927	6.92196112561648	1.06241699867198	2.24370281521202	6.54482158398608	6.51283380865958	1.7850408548083	1.53615449325	3.41977250283	5.02104818746e-05	0.000678109539741	0	0.2824	0	0	0.618	0.677	0	0	0	0	0.4204	0.1922	0	0	0	0	0.6646	4.3197875166	4.37507937628	4.72317188984	4.52442845538	1.54489861602832	10.9188928226585	10.9913099452848	54.602510460251	11.4016736401674	10.5407145156099	0.657821384769762	10.7927305162225	10.4136470063552	56.5837886051957	11.6066451109377	9.94536737651912	1.61290322580645	1.61290322580645	3.2258064516129	88.7096774193548	0	4.83870967741935	0.809331111640086	8.6527017376815	7.85527255415377	56.9150202332778	11.2473220661747	14.5203522970721	3.29952197738137	3.56768100734523	8.46449807625044	52.0578290777661	9.85192957910691	22.7585402821499	1.4520202020202	6.37626262626263	22.4116161616162	43.6395202020202	11.9633838383838	14.157196969697	0.0322372662798195	20.8575112830432	5.83494519664732	53.2882011605416	13.0883301096067	6.89877498388137	0	0	1	0	0	0	1.47282402128468	12.0106423413151	9.72063854047891	54.9695933105283	11.5165336374002	10.3097681489928	1.99129852744311	5.08701472556894	9.80589022757697	65.4283801874163	11.6465863453815	6.04082998661312	0	0	54.0740740740741	31.8518518518519	14.0740740740741	0	0	0	0	0	0	2.10869565217391	7.9695652173913	13.1173913043478	51.4	10.7739130434783	14.6304347826087	1.45212359427885	12.817993230702	10.8854678458347	54.8094770171416	10.688939840594	9.34599847144885	2.3869761302387	4.91145088549114	13.8323616763832	49.4775052249477	11.2253877461225	18.1663183368166
"ISOPath1B_55_T12"	0	0	0	0	0	0	0	0	0	0	0	0	0	0	17.2094240838	16.9032531345	16.0791572919	16.4143931445	16.6891803279	15.3048487758	16.3988553385	17.9241510632	14.7269288203	16.1555448409	12.6993552766	5.2291010843	4.43278688525	6.19299087854	4.5786461417	3.11012377023	10.3235440518	5.00482160077	25.0424160163	0	0.0214	4e-04	0	1.0539	0	5e-04	0.0458	0	0	0	0	0	0.0537	0	0	0.026	0	0.0409	0	0	0	0.0169	0.126	0	0	6e-04	0	9.17473490087598	7.34575225439013	8.22334217506631	6.91260810195721	0.331810874280706	0.35228443632461	0.342641496955373	0.341823951216391	6.12816966343937	5.34076886568581	5.67922192749779	5.00477924442422	12.1083448593822	9.55719031798766	10.9805481874447	8.98634501593081	18.2365145228216	-2	13.6752136752137	14.8979591836735	23.8387096774194	-2	16.6597701149425	21.5525291828794	-2	13.991124260355	16.3269927536	18.7301587302	34.693877551	16.993941926	12.6519634212	26.2001811594	25.1904761905	24.3054104867	17.2314864623	64.4248188406	51.8278671402	35.0833781603	4.68537799909461	10.8742173258302	8.44365683310747	3.25939339067451	4.414678608227	4.06546440112582	3.12358533272974	4.17690417690418	3.80485770874596	3.89650235221927	4.05248938633732	5.52677029361	3.60441540888	0.000251955403048	0.00105128782759	0	0.7422	0	0	0.4032	0.1222	0	0	0	0	0.3554	0.1064	0	0	0	0	0.2056	4.10095065641	4.22493461203	4.12464854733	4.16762222454	0.883175935641833	2.46589716684155	12.0496677159846	56.7593564183281	11.909758656873	15.9321441063309	0.629508196721312	2.12459016393443	13.6393442622951	58.4786885245902	10.6360655737705	14.4918032786885	2	0	0	2	2	0	0.240038406144983	0.192030724915987	20.1152184349496	60.4896783485358	3.12049927988478	15.8425348055689	2.625	5.5625	14.9375	46.8125	11.1875	18.875	0.711743772241993	5.33807829181495	22.0640569395018	43.4163701067616	16.7259786476868	11.7437722419929	0	0	0	61.7579908675799	25.3424657534247	12.8995433789954	0	0	0	0	0	0	0.601934083283994	1.92421551213736	11.9696072626801	58.4862837971186	11.7327807381093	15.2851786066706	0.0317359568390987	2.88797207235798	13.7734052681688	56.7438908283085	13.3291018724215	13.2338940019042	0	0	100	0	0	0	0	0	0	0	0	1.14484818317571	2.68790443006471	12.2050771528123	57.332005973121	11.7869586859134	14.8432055749129	0.887174541947927	2.71938283510125	12.6904532304725	56.374156219865	11.4561234329797	15.8727097396336	1.79843909060061	3.52901255514082	12.3176111299627	51.4421445537835	13.5731252120801	17.3396674584323
"ISOPath1B_167_T3"	0	0	0	0	0	0	0	0	0	0	0	0	0	0	16.643685567	16.3475655431	16.2561695279	10.6142100343	11.2298787211	5.69030390738	10.4644303065	8.36866359447	3.03935514462	11.6406533575	3.31607976241	22.4680585852	18.3020948181	57.018813314	22.3828802776	33.6405529954	74.3480322428	14.0350877193	73.907509546	0	0.0771	0	0	0.1929	0	0	0.0221	0	0	0	0	0	0.0253	0	0	0.0214	0	0	0	0	0	0.0157	0.0109	0.0187	0	0	0	6.51542776998597	3.36468712634516	5.91809991809992	2.18738784926942	0.327708482258328	0.326724655561837	0.315799784338054	0.309950302473741	4.20056100981767	2.4033479473894	3.82882882882883	1.5214047680082	8.51893408134642	4.57672379434037	7.78624078624079	2.93591386823891	12.7194950911641	-2	5.01322751322751	6.98007174172977	-2	-2	11.6150696150696	7.29032258064516	-2	4.45731863624712	19.2918596956	15.3771760155	28.8888888889	1.89918776875	4.22280872343	33.0906684315	29.4487427466	2.50836120401	7.5288234477	72.5347452019	4.78977544195	21.0932073899	0.661813368630046	5.13928914505283	5.81631434372387	0.496360026472535	5.13928914505283	5.73271228950197	0.463269358041032	4.75504322766571	5.45801982563	5.69150098317675	2.34553775743707	1.09195920946	0.703907589568	0.000115898230546	0.000636339865651	0	0.0978	0	0	0.1116	0.1938	0	0	0	0	0.0576	0.018	0	0	0	0	0.2554	3.95632031767	4.45196926033	4.61428571429	4.52657351009	2.43066375818012	6.1078217513244	16.6718603926457	50.2025553131817	8.91243377999377	15.6746650046744	2.86659316427784	9.42668136714443	15.0496141124587	50.0551267916207	8.7651598676957	13.8368246968026	0	0	2	2	0	0	4.19681620839363	1.88133140376266	15.8465991316932	49.5658465991317	14.7612156295224	13.7481910274964	3.61391694725028	3.5016835016835	11.1784511784512	54.5230078563412	10.1459034792368	17.037037037037	2.19490781387182	6.14574187884109	32.0163886450102	44.8931811530582	9.21861281826163	5.53116769095698	0	1.85185185185185	0	94.4444444444444	3.7037037037037	0	0	0	0	0	0	0	2.77617119722383	1.27241179872759	19.3753614806246	52.0532099479468	8.32851359167149	16.1943319838057	1.84331797235023	0.921658986175115	10.1382488479263	57.6036866359447	13.3640552995392	16.1290322580645	0	0	0	0	17	0	0	0	0	0	0	2.96348980559507	5.02607871028924	19.9620673304884	50.5334281650071	9.86249407302039	11.6524419155998	2.35934664246824	7.92498487598306	17.7253478523896	46.9449485783424	7.98548094373866	17.059891107078	2.91684344505728	4.57148918116249	19.4526941026729	50.890963088672	9.76877386508273	12.3992363173526
"ISOPath1B_156_T12"	0	0	0	0	0	0	0	0	0	0	0	0	0	0	16.2845675816	16.82247557	17.6915776987	17.0948810238	16.9161135433	9.13586413586	16.7615919141	16.948594928	14.659936407	16.7009737458	15.4489096573	7.07858428314	8.34627877418	41.4585414585	7.65634870499	5.6202878684	13.1001589825	7.87624799704	10.6542056075	5e-04	0.0313	0.0177	0	2.0688	0	0.0033	0.0517	0.0074	0	0.0079	0	0	0.0393	0	0	0.0537	0	0.0027	0	0	0	0.017	0.0567	0.0097	0	0.0022	0.0045	9.01399894347596	5.47289799402475	8.96389519290283	5.1300946891725	0.357871050244226	0.322082554918539	0.353404116224664	0.31400829995424	6.61991547807713	4.18907383696116	6.58345368269032	3.89831206257719	12.0256207078711	7.42338881775501	11.8073034866928	6.94565664882668	18.6455361859482	-2	10.2621359223301	11.6124626547162	19.4736842105263	-2	18.3907571693831	18.0965517241379	-2	10.8439687114039	7.64923150244	9.92277992278	36.2030905077	34.0004303852	10.2095111407	13.1538186584	16.4382239382	40.6714009038	14.8736282009	39.7116644823	63.0083925113	30.1172264716	2.58456407813244	1.79738562091503	0.88209982788296	0.786088613625536	0.240292195309496	0.688468158347676	0.619342544068604	0.134563629373318	0.537865748709122	0.563674321503132	0.403935784567582	4.55709617593	2.15490594365	0.00025114004892	0.00104507050546	0	0.3032	0	0	0.3648	0.16	0	0	0	0	0.256	0.1446	0	0	0	0	0.2054	4.47737017627	4.42522106882	4.32340425532	4.4169535284	1.7996400719856	3.05938812237553	10.6978604279144	52.6694661067786	13.0573885222955	18.7162567486503	1.96299957633103	2.31605705408841	8.92529303770654	54.9639881372687	13.4867956503319	18.3448665442734	56.3380281690141	1.40845070422535	0	2.8169014084507	1.40845070422535	38.0281690140845	0.0999000999000999	0.2997002997003	3.7962037962038	31.0689310689311	2.6973026973027	62.037962037962	4.13223140495868	3.71900826446281	12.8925619834711	46.2809917355372	16.8595041322314	16.1157024793388	0	5.40540540540541	40.5405405405405	39.6396396396396	7.20720720720721	7.20720720720721	3.14658480429777	0	2.99309286262471	41.8265541059094	9.36300844205679	42.6707597851113	0	0	0	0	0	0	2.02147820593809	2.38787113076437	8.32596336070752	53.1522425773847	13.3291219204043	20.783322804801	0	0.47978067169294	7.53941055517478	41.9465387251542	23.8519533927347	26.1823166552433	0	13.953488372093	5.28541226215645	0	80.7610993657505	0	0	0	0	0	0	2.49602543720191	1.63751987281399	7.39268680445151	53.7201907790143	12.2734499205087	22.4801271860095	1.84888450634784	3.00751879699248	10.3537532355479	51.9290028349562	13.9529150745717	18.9079255515839	2.49221183800623	3.5202492211838	13.4267912772586	51.6822429906542	12.0249221183801	16.8535825545171
